// SPDX-License-Identifier: GPL-2.0
/*
 * Copyright (c) 2015 Realtek Semiconductor Corp. All rights reserved.
 *
  */
#include <dm.h>
#include <errno.h>
#include <linux/bug.h>
#include <linux/bitops.h>
#include <linux/delay.h>
#include "usb_ether.h"
#include "r8152.h"

static u8 r8152b_pla_patch_a[] = {
	0x08, 0xe0, 0x40, 0xe0, 0x78, 0xe0, 0x85, 0xe0,
	0x5d, 0xe1, 0xa1, 0xe1, 0xa3, 0xe1, 0xab, 0xe1,
	0x31, 0xc3, 0x60, 0x72, 0xa0, 0x49, 0x10, 0xf0,
	0xa4, 0x49, 0x0e, 0xf0, 0x2c, 0xc3, 0x62, 0x72,
	0x26, 0x70, 0x80, 0x49, 0x05, 0xf0, 0x2f, 0x48,
	0x62, 0x9a, 0x24, 0x70, 0x60, 0x98, 0x24, 0xc3,
	0x60, 0x99, 0x23, 0xc3, 0x00, 0xbb, 0x2c, 0x75,
	0xdc, 0x21, 0xbc, 0x25, 0x04, 0x13, 0x0a, 0xf0,
	0x03, 0x13, 0x08, 0xf0, 0x02, 0x13, 0x06, 0xf0,
	0x01, 0x13, 0x04, 0xf0, 0x08, 0x13, 0x02, 0xf0,
	0x03, 0xe0, 0xd4, 0x49, 0x04, 0xf1, 0x14, 0xc2,
	0x12, 0xc3, 0x00, 0xbb, 0x12, 0xc3, 0x60, 0x75,
	0xd0, 0x49, 0x05, 0xf1, 0x50, 0x48, 0x60, 0x9d,
	0x09, 0xc6, 0x00, 0xbe, 0xd0, 0x48, 0x60, 0x9d,
	0xf3, 0xe7, 0xc2, 0xc0, 0x38, 0xd2, 0xc6, 0xd2,
	0x84, 0x17, 0xa2, 0x13, 0x0c, 0x17, 0xbc, 0xc0,
	0xa2, 0xd1, 0x33, 0xc5, 0xa0, 0x74, 0xc0, 0x49,
	0x1f, 0xf0, 0x30, 0xc5, 0xa0, 0x73, 0x00, 0x13,
	0x04, 0xf1, 0xa2, 0x73, 0x00, 0x13, 0x14, 0xf0,
	0x28, 0xc5, 0xa0, 0x74, 0xc8, 0x49, 0x1b, 0xf1,
	0x26, 0xc5, 0xa0, 0x76, 0xa2, 0x74, 0x01, 0x06,
	0x20, 0x37, 0xa0, 0x9e, 0xa2, 0x9c, 0x1e, 0xc5,
	0xa2, 0x73, 0x23, 0x40, 0x10, 0xf8, 0x04, 0xf3,
	0xa0, 0x73, 0x33, 0x40, 0x0c, 0xf8, 0x15, 0xc5,
	0xa0, 0x74, 0x41, 0x48, 0xa0, 0x9c, 0x14, 0xc5,
	0xa0, 0x76, 0x62, 0x48, 0xe0, 0x48, 0xa0, 0x9e,
	0x10, 0xc6, 0x00, 0xbe, 0x0a, 0xc5, 0xa0, 0x74,
	0x48, 0x48, 0xa0, 0x9c, 0x0b, 0xc5, 0x20, 0x1e,
	0xa0, 0x9e, 0xe5, 0x48, 0xa0, 0x9e, 0xf0, 0xe7,
	0xbc, 0xc0, 0xc8, 0xd2, 0xcc, 0xd2, 0x28, 0xe4,
	0x22, 0x02, 0xf0, 0xc0, 0x0b, 0xc0, 0x00, 0x71,
	0x0a, 0xc0, 0x00, 0x72, 0xa0, 0x49, 0x04, 0xf0,
	0xa4, 0x49, 0x02, 0xf0, 0x93, 0x48, 0x04, 0xc0,
	0x00, 0xb8, 0x00, 0xe4, 0xc2, 0xc0, 0x8c, 0x09,
	0x14, 0xc2, 0x40, 0x73, 0xba, 0x48, 0x40, 0x9b,
	0x11, 0xc2, 0x40, 0x73, 0xb0, 0x49, 0x17, 0xf0,
	0xbf, 0x49, 0x03, 0xf1, 0x09, 0xc5, 0x00, 0xbd,
	0xb1, 0x49, 0x11, 0xf0, 0xb1, 0x48, 0x40, 0x9b,
	0x02, 0xc2, 0x00, 0xba, 0x82, 0x18, 0x00, 0xa0,
	0x1e, 0xfc, 0xbc, 0xc0, 0xf0, 0xc0, 0xde, 0xe8,
	0x00, 0x80, 0x00, 0x60, 0x2c, 0x75, 0xd4, 0x49,
	0x12, 0xf1, 0x29, 0xe0, 0xf8, 0xc2, 0x46, 0x71,
	0xf7, 0xc2, 0x40, 0x73, 0xbe, 0x49, 0x03, 0xf1,
	0xf5, 0xc7, 0x02, 0xe0, 0xf2, 0xc7, 0x4f, 0x30,
	0x26, 0x62, 0xa1, 0x49, 0xf0, 0xf1, 0x22, 0x72,
	0xa0, 0x49, 0xed, 0xf1, 0x25, 0x25, 0x18, 0x1f,
	0x97, 0x30, 0x91, 0x30, 0x36, 0x9a, 0x2c, 0x75,
	0x32, 0xc3, 0x60, 0x73, 0xb1, 0x49, 0x0d, 0xf1,
	0xdc, 0x21, 0xbc, 0x25, 0x27, 0xc6, 0xc0, 0x77,
	0x04, 0x13, 0x18, 0xf0, 0x03, 0x13, 0x19, 0xf0,
	0x02, 0x13, 0x1a, 0xf0, 0x01, 0x13, 0x1b, 0xf0,
	0xd4, 0x49, 0x03, 0xf1, 0x1c, 0xc5, 0x00, 0xbd,
	0xcd, 0xc6, 0xc6, 0x67, 0x2e, 0x75, 0xd7, 0x22,
	0xdd, 0x26, 0x05, 0x15, 0x1a, 0xf0, 0x14, 0xc6,
	0x00, 0xbe, 0x13, 0xc5, 0x00, 0xbd, 0x12, 0xc5,
	0x00, 0xbd, 0xf1, 0x49, 0xfb, 0xf1, 0xef, 0xe7,
	0xf4, 0x49, 0xfa, 0xf1, 0xec, 0xe7, 0xf3, 0x49,
	0xf7, 0xf1, 0xe9, 0xe7, 0xf2, 0x49, 0xf4, 0xf1,
	0xe6, 0xe7, 0xb6, 0xc0, 0x6a, 0x14, 0xac, 0x13,
	0xd6, 0x13, 0xfa, 0x14, 0xa0, 0xd1, 0x00, 0x00,
	0xc0, 0x75, 0xd0, 0x49, 0x46, 0xf0, 0x26, 0x72,
	0xa7, 0x49, 0x43, 0xf0, 0x22, 0x72, 0x25, 0x25,
	0x20, 0x1f, 0x97, 0x30, 0x91, 0x30, 0x40, 0x73,
	0xf3, 0xc4, 0x1c, 0x40, 0x04, 0xf0, 0xd7, 0x49,
	0x05, 0xf1, 0x37, 0xe0, 0x53, 0x48, 0xc0, 0x9d,
	0x08, 0x02, 0x40, 0x66, 0x64, 0x27, 0x06, 0x16,
	0x30, 0xf1, 0x46, 0x63, 0x3b, 0x13, 0x2d, 0xf1,
	0x34, 0x9b, 0x18, 0x1b, 0x93, 0x30, 0x2b, 0xc3,
	0x10, 0x1c, 0x2b, 0xe8, 0x01, 0x14, 0x25, 0xf1,
	0x00, 0x1d, 0x26, 0x1a, 0x8a, 0x30, 0x22, 0x73,
	0xb5, 0x25, 0x0e, 0x0b, 0x00, 0x1c, 0x2c, 0xe8,
	0x1f, 0xc7, 0x27, 0x40, 0x1a, 0xf1, 0x38, 0xe8,
	0x32, 0x1f, 0x8f, 0x30, 0x08, 0x1b, 0x24, 0xe8,
	0x36, 0x72, 0x46, 0x77, 0x00, 0x17, 0x0d, 0xf0,
	0x13, 0xc3, 0x1f, 0x40, 0x03, 0xf1, 0x00, 0x1f,
	0x46, 0x9f, 0x44, 0x77, 0x9f, 0x44, 0x5f, 0x44,
	0x17, 0xe8, 0x0a, 0xc7, 0x27, 0x40, 0x05, 0xf1,
	0x02, 0xc3, 0x00, 0xbb, 0x50, 0x1a, 0x06, 0x1a,
	0xff, 0xc7, 0x00, 0xbf, 0xb8, 0xcd, 0xff, 0xff,
	0x02, 0x0c, 0x54, 0xa5, 0xdc, 0xa5, 0x2f, 0x40,
	0x05, 0xf1, 0x00, 0x14, 0xfa, 0xf1, 0x01, 0x1c,
	0x02, 0xe0, 0x00, 0x1c, 0x80, 0xff, 0xb0, 0x49,
	0x04, 0xf0, 0x01, 0x0b, 0xd3, 0xa1, 0x03, 0xe0,
	0x02, 0x0b, 0xd3, 0xa5, 0x27, 0x31, 0x20, 0x37,
	0x02, 0x0b, 0xd3, 0xa5, 0x27, 0x31, 0x20, 0x37,
	0x00, 0x13, 0xfb, 0xf1, 0x80, 0xff, 0x22, 0x73,
	0xb5, 0x25, 0x18, 0x1e, 0xde, 0x30, 0xd9, 0x30,
	0x64, 0x72, 0x11, 0x1e, 0x68, 0x23, 0x16, 0x31,
	0x80, 0xff, 0xd4, 0x49, 0x28, 0xf0, 0x02, 0xb4,
	0x2a, 0xc4, 0x00, 0x1d, 0x2e, 0xe8, 0xe0, 0x73,
	0xb9, 0x21, 0xbd, 0x25, 0x04, 0x13, 0x02, 0xf0,
	0x1a, 0xe0, 0x22, 0xc4, 0x23, 0xc3, 0x2f, 0xe8,
	0x23, 0xc3, 0x2d, 0xe8, 0x00, 0x1d, 0x21, 0xe8,
	0xe2, 0x73, 0xbb, 0x49, 0xfc, 0xf0, 0xe0, 0x73,
	0xb7, 0x48, 0x03, 0xb4, 0x81, 0x1d, 0x19, 0xe8,
	0x40, 0x1a, 0x84, 0x1d, 0x16, 0xe8, 0x12, 0xc3,
	0x1e, 0xe8, 0x03, 0xb0, 0x81, 0x1d, 0x11, 0xe8,
	0x0e, 0xc3, 0x19, 0xe8, 0x02, 0xb0, 0x06, 0xc7,
	0x04, 0x1e, 0xe0, 0x9e, 0x02, 0xc6, 0x00, 0xbe,
	0x22, 0x02, 0x20, 0xe4, 0x04, 0xb8, 0x34, 0xb0,
	0x00, 0x02, 0x00, 0x03, 0x00, 0x0e, 0x00, 0x0c,
	0x09, 0xc7, 0xe0, 0x9b, 0xe2, 0x9a, 0xe4, 0x9c,
	0xe6, 0x8d, 0xe6, 0x76, 0xef, 0x49, 0xfe, 0xf1,
	0x80, 0xff, 0x08, 0xea, 0x82, 0x1d, 0xf5, 0xef,
	0x00, 0x1a, 0x88, 0x1d, 0xf2, 0xef, 0xed, 0xc2,
	0xf0, 0xef, 0x80, 0xff, 0x02, 0xc6, 0x00, 0xbe,
	0x46, 0x06, 0x08, 0xc2, 0x40, 0x73, 0x3a, 0x48,
	0x40, 0x9b, 0x06, 0xff, 0x02, 0xc6, 0x00, 0xbe,
	0x86, 0x17, 0x1e, 0xfc, 0x36, 0xf0, 0x08, 0x1c,
	0xea, 0x8c, 0xe3, 0x64, 0xc7, 0x49, 0x25, 0xf1,
	0xe0, 0x75, 0xff, 0x1b, 0xeb, 0x47, 0xff, 0x1b,
	0x6b, 0x47, 0xe0, 0x9d, 0x15, 0xc3, 0x60, 0x75,
	0xd8, 0x49, 0x04, 0xf0, 0x81, 0x1d, 0xe2, 0x8d,
	0x05, 0xe0, 0xe2, 0x63, 0x81, 0x1d, 0xdd, 0x47,
	0xe2, 0x8b, 0x0b, 0xc3, 0x00, 0x1d, 0x61, 0x8d,
	0x3c, 0x03, 0x60, 0x75, 0xd8, 0x49, 0x06, 0xf1,
	0xdf, 0x48, 0x61, 0x95, 0x16, 0xe0, 0x4e, 0xe8,
	0x12, 0xe8, 0x21, 0xc5, 0xa0, 0x73, 0xb0, 0x49,
	0x03, 0xf0, 0x31, 0x48, 0xa0, 0x9b, 0x0d, 0xe0,
	0xc0, 0x49, 0x0b, 0xf1, 0xe2, 0x63, 0x7e, 0x1d,
	0xdd, 0x46, 0xe2, 0x8b, 0xe0, 0x75, 0x83, 0x1b,
	0xeb, 0x46, 0xfe, 0x1b, 0x6b, 0x46, 0xe0, 0x9d,
	0xe4, 0x49, 0x11, 0xf0, 0x10, 0x1d, 0xea, 0x8d,
	0xe3, 0x64, 0xc6, 0x49, 0x09, 0xf1, 0x07, 0xc5,
	0xa0, 0x73, 0xb1, 0x48, 0xa0, 0x9b, 0x02, 0xc5,
	0x00, 0xbd, 0xe6, 0x04, 0xa0, 0xd1, 0x02, 0xc5,
	0x00, 0xbd, 0xfe, 0x04, 0x02, 0xc5, 0x00, 0xbd,
	0x30, 0x05, 0x00, 0x00 };

static u16 r8152b_ram_code1[] = {
	0x9700, 0x7fe0, 0x4c00, 0x4007, 0x4400, 0x4800, 0x7c1f, 0x4c00,
	0x5310, 0x6000, 0x7c07, 0x6800, 0x673e, 0x0000, 0x0000, 0x571f,
	0x5ffb, 0xaa05, 0x5b58, 0x7d80, 0x6100, 0x3019, 0x5b64, 0x7d80,
	0x6080, 0xa6f8, 0xdcdb, 0x0015, 0xb915, 0xb511, 0xd16b, 0x000f,
	0xb40f, 0xd06b, 0x000d, 0xb206, 0x7c01, 0x5800, 0x7c04, 0x5c00,
	0x3011, 0x7c01, 0x5801, 0x7c04, 0x5c04, 0x3019, 0x30a5, 0x3127,
	0x31d5, 0x7fe0, 0x4c60, 0x7c07, 0x6803, 0x7d00, 0x6900, 0x65a0,
	0x0000, 0x0000, 0xaf03, 0x6015, 0x303e, 0x6017, 0x57e0, 0x580c,
	0x588c, 0x7fdd, 0x5fa2, 0x4827, 0x7c1f, 0x4c00, 0x7c1f, 0x4c10,
	0x8400, 0x7c30, 0x6020, 0x48bf, 0x7c1f, 0x4c00, 0x7c1f, 0x4c01,
	0x7c07, 0x6803, 0xb806, 0x7c08, 0x6800, 0x0000, 0x0000, 0x305c,
	0x7c08, 0x6808, 0x0000, 0x0000, 0xae06, 0x7c02, 0x5c02, 0x0000,
	0x0000, 0x3067, 0x8e05, 0x7c02, 0x5c00, 0x0000, 0x0000, 0xad06,
	0x7c20, 0x5c20, 0x0000, 0x0000, 0x3072, 0x8d05, 0x7c20, 0x5c00,
	0x0000, 0x0000, 0xa008, 0x7c07, 0x6800, 0xb8db, 0x7c07, 0x6803,
	0xd9b3, 0x00d7, 0x7fe0, 0x4c80, 0x7c08, 0x6800, 0x0000, 0x0000,
	0x7c23, 0x5c23, 0x481d, 0x7c1f, 0x4c00, 0x7c1f, 0x4c02, 0x5310,
	0x81ff, 0x30f5, 0x7fe0, 0x4d00, 0x4832, 0x7c1f, 0x4c00, 0x7c1f,
	0x4c10, 0x7c08, 0x6000, 0xa49e, 0x7c07, 0x6800, 0xb89b, 0x7c07,
	0x6803, 0xd9b3, 0x00f9, 0x7fe0, 0x4d20, 0x7e00, 0x6200, 0x3001,
	0x7fe0, 0x4dc0, 0xd09d, 0x0002, 0xb4fe, 0x7fe0, 0x4d80, 0x7c04,
	0x6004, 0x7c07, 0x6802, 0x6728, 0x0000, 0x0000, 0x7c08, 0x6000,
	0x486c, 0x7c1f, 0x4c00, 0x7c1f, 0x4c01, 0x9503, 0x7e00, 0x6200,
	0x571f, 0x5fbb, 0xaa05, 0x5b58, 0x7d80, 0x6100, 0x30c2, 0x5b64,
	0x7d80, 0x6080, 0xcdab, 0x0063, 0xcd8d, 0x0061, 0xd96b, 0x005f,
	0xd0a0, 0x00d7, 0xcba0, 0x0003, 0x80ec, 0x30cf, 0x30dc, 0x7fe0,
	0x4ce0, 0x4832, 0x7c1f, 0x4c00, 0x7c1f, 0x4c08, 0x7c08, 0x6008,
	0x8300, 0xb902, 0x30a5, 0x308a, 0x7fe0, 0x4da0, 0x65a8, 0x0000,
	0x0000, 0x56a0, 0x590c, 0x7ffd, 0x5fa2, 0xae06, 0x7c02, 0x5c02,
	0x0000, 0x0000, 0x30f0, 0x8e05, 0x7c02, 0x5c00, 0x0000, 0x0000,
	0xcba4, 0x0004, 0xcd8d, 0x0002, 0x80f1, 0x7fe0, 0x4ca0, 0x7c08,
	0x6408, 0x0000, 0x0000, 0x7d00, 0x6800, 0xb603, 0x7c10, 0x6010,
	0x7d1f, 0x551f, 0x5fb3, 0xaa07, 0x7c80, 0x5800, 0x5b58, 0x7d80,
	0x6100, 0x310f, 0x7c80, 0x5800, 0x5b64, 0x7d80, 0x6080, 0x4827,
	0x7c1f, 0x4c00, 0x7c1f, 0x4c10, 0x8400, 0x7c10, 0x6000, 0x7fe0,
	0x4cc0, 0x5fbb, 0x4824, 0x7c1f, 0x4c00, 0x7c1f, 0x4c04, 0x8200,
	0x7ce0, 0x5400, 0x6728, 0x0000, 0x0000, 0x30cf, 0x3001, 0x7fe0,
	0x4e00, 0x4007, 0x4400, 0x5310, 0x7c07, 0x6800, 0x673e, 0x0000,
	0x0000, 0x570f, 0x5fff, 0xaa05, 0x585b, 0x7d80, 0x6100, 0x313b,
	0x5867, 0x7d80, 0x6080, 0x9403, 0x7e00, 0x6200, 0xcda3, 0x00e7,
	0xcd85, 0x00e5, 0xd96b, 0x00e3, 0x96e3, 0x7c07, 0x6800, 0x673e,
	0x0000, 0x0000, 0x7fe0, 0x4e20, 0x96db, 0x8b04, 0x7c08, 0x5008,
	0xab03, 0x7c08, 0x5000, 0x7c07, 0x6801, 0x677e, 0x0000, 0x0000,
	0xdb7c, 0x00ec, 0x0000, 0x7fe1, 0x4f40, 0x4837, 0x4418, 0x41c7,
	0x7fe0, 0x4e40, 0x7c40, 0x5400, 0x7c1f, 0x4c01, 0x7c1f, 0x4c01,
	0x8fbf, 0xd2a0, 0x004b, 0x9204, 0xa042, 0x3168, 0x3127, 0x7fe1,
	0x4f60, 0x489c, 0x4628, 0x7fe0, 0x4e60, 0x7e28, 0x4628, 0x7c40,
	0x5400, 0x7c01, 0x5800, 0x7c04, 0x5c00, 0x41e8, 0x7c1f, 0x4c01,
	0x7c1f, 0x4c01, 0x8fa5, 0xb241, 0xa02a, 0x3182, 0x7fe0, 0x4ea0,
	0x7c02, 0x4402, 0x4448, 0x4894, 0x7c1f, 0x4c01, 0x7c1f, 0x4c03,
	0x4824, 0x7c1f, 0x4c07, 0x41ef, 0x41ff, 0x4891, 0x7c1f, 0x4c07,
	0x7c1f, 0x4c17, 0x8400, 0x8ef8, 0x41c7, 0x8f8a, 0x92d5, 0xa10f,
	0xd480, 0x0008, 0xd580, 0x00b8, 0xa202, 0x319d, 0x7c04, 0x4404,
	0x319d, 0xd484, 0x00f3, 0xd484, 0x00f1, 0x3127, 0x7fe0, 0x4ee0,
	0x7c40, 0x5400, 0x4488, 0x41cf, 0x3127, 0x7fe0, 0x4ec0, 0x48f3,
	0x7c1f, 0x4c01, 0x7c1f, 0x4c09, 0x4508, 0x41c7, 0x8fb0, 0xd218,
	0x00ae, 0xd2a4, 0x009e, 0x31be, 0x7fe0, 0x4e80, 0x4832, 0x7c1f,
	0x4c01, 0x7c1f, 0x4c11, 0x4428, 0x7c40, 0x5440, 0x7c01, 0x5801,
	0x7c04, 0x5c04, 0x41e8, 0xa4b3, 0x31d3, 0x7fe0, 0x4f20, 0x7c07,
	0x6800, 0x673e, 0x0000, 0x0000, 0x570f, 0x5fff, 0xaa04, 0x585b,
	0x6100, 0x31e4, 0x5867, 0x6080, 0xbcf1, 0x3001 };

static u16 r8152b_pla_patch_a_bp[] = {
	0xfc26, 0x8000, 0xfc28, 0x170b, 0xfc2a, 0x01e1, 0xfc2c, 0x0989,
	0xfc2e, 0x1349, 0xfc30, 0x01b7, 0xfc32, 0x061d, 0xe422, 0x0020,
	0xe420, 0x0018, 0xfc34, 0x1785, 0xfc36, 0x047b };

static u8 r8152b_pla_patch_a2[] = {
	0x08, 0xe0, 0x1a, 0xe0, 0xf2, 0xe0, 0xfa, 0xe0,
	0x32, 0xe1, 0x34, 0xe1, 0x36, 0xe1, 0x38, 0xe1,
	0x2c, 0x75, 0xdc, 0x21, 0xbc, 0x25, 0x04, 0x13,
	0x0b, 0xf0, 0x03, 0x13, 0x09, 0xf0, 0x02, 0x13,
	0x07, 0xf0, 0x01, 0x13, 0x05, 0xf0, 0x08, 0x13,
	0x03, 0xf0, 0x04, 0xc3, 0x00, 0xbb, 0x03, 0xc3,
	0x00, 0xbb, 0xd2, 0x17, 0xbc, 0x17, 0x14, 0xc2,
	0x40, 0x73, 0xba, 0x48, 0x40, 0x9b, 0x11, 0xc2,
	0x40, 0x73, 0xb0, 0x49, 0x17, 0xf0, 0xbf, 0x49,
	0x03, 0xf1, 0x09, 0xc5, 0x00, 0xbd, 0xb1, 0x49,
	0x11, 0xf0, 0xb1, 0x48, 0x40, 0x9b, 0x02, 0xc2,
	0x00, 0xba, 0x4e, 0x19, 0x00, 0xa0, 0x1e, 0xfc,
	0xbc, 0xc0, 0xf0, 0xc0, 0xde, 0xe8, 0x00, 0x80,
	0x00, 0x60, 0x2c, 0x75, 0xd4, 0x49, 0x12, 0xf1,
	0x29, 0xe0, 0xf8, 0xc2, 0x46, 0x71, 0xf7, 0xc2,
	0x40, 0x73, 0xbe, 0x49, 0x03, 0xf1, 0xf5, 0xc7,
	0x02, 0xe0, 0xf2, 0xc7, 0x4f, 0x30, 0x26, 0x62,
	0xa1, 0x49, 0xf0, 0xf1, 0x22, 0x72, 0xa0, 0x49,
	0xed, 0xf1, 0x25, 0x25, 0x18, 0x1f, 0x97, 0x30,
	0x91, 0x30, 0x36, 0x9a, 0x2c, 0x75, 0x32, 0xc3,
	0x60, 0x73, 0xb1, 0x49, 0x0d, 0xf1, 0xdc, 0x21,
	0xbc, 0x25, 0x27, 0xc6, 0xc0, 0x77, 0x04, 0x13,
	0x18, 0xf0, 0x03, 0x13, 0x19, 0xf0, 0x02, 0x13,
	0x1a, 0xf0, 0x01, 0x13, 0x1b, 0xf0, 0xd4, 0x49,
	0x03, 0xf1, 0x1c, 0xc5, 0x00, 0xbd, 0xcd, 0xc6,
	0xc6, 0x67, 0x2e, 0x75, 0xd7, 0x22, 0xdd, 0x26,
	0x05, 0x15, 0x1a, 0xf0, 0x14, 0xc6, 0x00, 0xbe,
	0x13, 0xc5, 0x00, 0xbd, 0x12, 0xc5, 0x00, 0xbd,
	0xf1, 0x49, 0xfb, 0xf1, 0xef, 0xe7, 0xf4, 0x49,
	0xfa, 0xf1, 0xec, 0xe7, 0xf3, 0x49, 0xf7, 0xf1,
	0xe9, 0xe7, 0xf2, 0x49, 0xf4, 0xf1, 0xe6, 0xe7,
	0xb6, 0xc0, 0xf6, 0x14, 0x36, 0x14, 0x62, 0x14,
	0x86, 0x15, 0xa0, 0xd1, 0x00, 0x00, 0xc0, 0x75,
	0xd0, 0x49, 0x46, 0xf0, 0x26, 0x72, 0xa7, 0x49,
	0x43, 0xf0, 0x22, 0x72, 0x25, 0x25, 0x20, 0x1f,
	0x97, 0x30, 0x91, 0x30, 0x40, 0x73, 0xf3, 0xc4,
	0x1c, 0x40, 0x04, 0xf0, 0xd7, 0x49, 0x05, 0xf1,
	0x37, 0xe0, 0x53, 0x48, 0xc0, 0x9d, 0x08, 0x02,
	0x40, 0x66, 0x64, 0x27, 0x06, 0x16, 0x30, 0xf1,
	0x46, 0x63, 0x3b, 0x13, 0x2d, 0xf1, 0x34, 0x9b,
	0x18, 0x1b, 0x93, 0x30, 0x2b, 0xc3, 0x10, 0x1c,
	0x2b, 0xe8, 0x01, 0x14, 0x25, 0xf1, 0x00, 0x1d,
	0x26, 0x1a, 0x8a, 0x30, 0x22, 0x73, 0xb5, 0x25,
	0x0e, 0x0b, 0x00, 0x1c, 0x2c, 0xe8, 0x1f, 0xc7,
	0x27, 0x40, 0x1a, 0xf1, 0x38, 0xe8, 0x32, 0x1f,
	0x8f, 0x30, 0x08, 0x1b, 0x24, 0xe8, 0x36, 0x72,
	0x46, 0x77, 0x00, 0x17, 0x0d, 0xf0, 0x13, 0xc3,
	0x1f, 0x40, 0x03, 0xf1, 0x00, 0x1f, 0x46, 0x9f,
	0x44, 0x77, 0x9f, 0x44, 0x5f, 0x44, 0x17, 0xe8,
	0x0a, 0xc7, 0x27, 0x40, 0x05, 0xf1, 0x02, 0xc3,
	0x00, 0xbb, 0x1c, 0x1b, 0xd2, 0x1a, 0xff, 0xc7,
	0x00, 0xbf, 0xb8, 0xcd, 0xff, 0xff, 0x02, 0x0c,
	0x54, 0xa5, 0xdc, 0xa5, 0x2f, 0x40, 0x05, 0xf1,
	0x00, 0x14, 0xfa, 0xf1, 0x01, 0x1c, 0x02, 0xe0,
	0x00, 0x1c, 0x80, 0xff, 0xb0, 0x49, 0x04, 0xf0,
	0x01, 0x0b, 0xd3, 0xa1, 0x03, 0xe0, 0x02, 0x0b,
	0xd3, 0xa5, 0x27, 0x31, 0x20, 0x37, 0x02, 0x0b,
	0xd3, 0xa5, 0x27, 0x31, 0x20, 0x37, 0x00, 0x13,
	0xfb, 0xf1, 0x80, 0xff, 0x22, 0x73, 0xb5, 0x25,
	0x18, 0x1e, 0xde, 0x30, 0xd9, 0x30, 0x64, 0x72,
	0x11, 0x1e, 0x68, 0x23, 0x16, 0x31, 0x80, 0xff,
	0x08, 0xc2, 0x40, 0x73, 0x3a, 0x48, 0x40, 0x9b,
	0x06, 0xff, 0x02, 0xc6, 0x00, 0xbe, 0x4e, 0x18,
	0x1e, 0xfc, 0x33, 0xc5, 0xa0, 0x74, 0xc0, 0x49,
	0x1f, 0xf0, 0x30, 0xc5, 0xa0, 0x73, 0x00, 0x13,
	0x04, 0xf1, 0xa2, 0x73, 0x00, 0x13, 0x14, 0xf0,
	0x28, 0xc5, 0xa0, 0x74, 0xc8, 0x49, 0x1b, 0xf1,
	0x26, 0xc5, 0xa0, 0x76, 0xa2, 0x74, 0x01, 0x06,
	0x20, 0x37, 0xa0, 0x9e, 0xa2, 0x9c, 0x1e, 0xc5,
	0xa2, 0x73, 0x23, 0x40, 0x10, 0xf8, 0x04, 0xf3,
	0xa0, 0x73, 0x33, 0x40, 0x0c, 0xf8, 0x15, 0xc5,
	0xa0, 0x74, 0x41, 0x48, 0xa0, 0x9c, 0x14, 0xc5,
	0xa0, 0x76, 0x62, 0x48, 0xe0, 0x48, 0xa0, 0x9e,
	0x10, 0xc6, 0x00, 0xbe, 0x0a, 0xc5, 0xa0, 0x74,
	0x48, 0x48, 0xa0, 0x9c, 0x0b, 0xc5, 0x20, 0x1e,
	0xa0, 0x9e, 0xe5, 0x48, 0xa0, 0x9e, 0xf0, 0xe7,
	0xbc, 0xc0, 0xc8, 0xd2, 0xcc, 0xd2, 0x28, 0xe4,
	0x22, 0x02, 0xf0, 0xc0, 0x02, 0xc6, 0x00, 0xbe,
	0x00, 0x00, 0x02, 0xc6, 0x00, 0xbe, 0x00, 0x00,
	0x02, 0xc6, 0x00, 0xbe, 0x00, 0x00, 0x02, 0xc6,
	0x00, 0xbe, 0x00, 0x00, 0x00, 0x00, 0x00, 0x00 };

static u16 r8152b_pla_patch_a2_bp[] = {
	0xfc26, 0x8000, 0xfc28, 0x17a5, 0xfc2a, 0x13ad,
	0xfc2c, 0x184d, 0xfc2e, 0x01e1 };

static u16 r8153_ram_code_a[] = {
	0xE86C, 0xA000, 0xB436, 0xB820, 0xB438, 0x0290, 0xB436, 0xA012,
	0xB438, 0x0000, 0xB436, 0xA014, 0xB438, 0x2c04, 0xB438, 0x2c18,
	0xB438, 0x2c45, 0xB438, 0x2c45, 0xB438, 0xd502, 0xB438, 0x8301,
	0xB438, 0x8306, 0xB438, 0xd500, 0xB438, 0x8208, 0xB438, 0xd501,
	0xB438, 0xe018, 0xB438, 0x0308, 0xB438, 0x60f2, 0xB438, 0x8404,
	0xB438, 0x607d, 0xB438, 0xc117, 0xB438, 0x2c16, 0xB438, 0xc116,
	0xB438, 0x2c16, 0xB438, 0x607d, 0xB438, 0xc117, 0xB438, 0xa404,
	0xB438, 0xd500, 0xB438, 0x0800, 0xB438, 0xd501, 0xB438, 0x62d2,
	0xB438, 0x615d, 0xB438, 0xc115, 0xB438, 0xa404, 0xB438, 0xc307,
	0xB438, 0xd502, 0xB438, 0x8301, 0xB438, 0x8306, 0xB438, 0xd500,
	0xB438, 0x8208, 0xB438, 0x2c42, 0xB438, 0xc114, 0xB438, 0x8404,
	0xB438, 0xc317, 0xB438, 0xd701, 0xB438, 0x435d, 0xB438, 0xd500,
	0xB438, 0xa208, 0xB438, 0xd502, 0xB438, 0xa306, 0xB438, 0xa301,
	0xB438, 0x2c42, 0xB438, 0x8404, 0xB438, 0x613d, 0xB438, 0xc115,
	0xB438, 0xc307, 0xB438, 0xd502, 0xB438, 0x8301, 0xB438, 0x8306,
	0xB438, 0xd500, 0xB438, 0x8208, 0xB438, 0x2c42, 0xB438, 0xc114,
	0xB438, 0xc317, 0xB438, 0xd701, 0xB438, 0x40dd, 0xB438, 0xd500,
	0xB438, 0xa208, 0xB438, 0xd502, 0xB438, 0xa306, 0xB438, 0xa301,
	0xB438, 0xd500, 0xB438, 0xd702, 0xB438, 0x0800, 0xB436, 0xA01A,
	0xB438, 0x0000, 0xB436, 0xA006, 0xB438, 0x0fff, 0xB436, 0xA004,
	0xB438, 0x0fff, 0xB436, 0xA002, 0xB438, 0x05a3, 0xB436, 0xA000,
	0xB438, 0x3591, 0xB436, 0xB820, 0xB438, 0x0210 };

static u8 r8153_usb_patch_c[] = {
	0x08, 0xe0, 0x0a, 0xe0, 0x14, 0xe0, 0x58, 0xe0,
	0x64, 0xe0, 0x79, 0xe0, 0xab, 0xe0, 0xb6, 0xe0,
	0x02, 0xc5, 0x00, 0xbd, 0x38, 0x3b, 0xdb, 0x49,
	0x04, 0xf1, 0x06, 0xc3, 0x00, 0xbb, 0x5a, 0x02,
	0x05, 0xc4, 0x03, 0xc3, 0x00, 0xbb, 0xa4, 0x04,
	0x7e, 0x02, 0x30, 0xd4, 0x65, 0xc6, 0x66, 0x61,
	0x92, 0x49, 0x12, 0xf1, 0x3e, 0xc0, 0x02, 0x61,
	0x97, 0x49, 0x05, 0xf0, 0x3c, 0xc0, 0x00, 0x61,
	0x90, 0x49, 0x0a, 0xf1, 0xca, 0x63, 0xb0, 0x49,
	0x09, 0xf1, 0xb1, 0x49, 0x05, 0xf0, 0x32, 0xc0,
	0x00, 0x71, 0x9e, 0x49, 0x03, 0xf1, 0xb0, 0x48,
	0x05, 0xe0, 0x30, 0x48, 0xda, 0x61, 0x10, 0x48,
	0xda, 0x89, 0x4a, 0xc6, 0xc0, 0x60, 0x85, 0x49,
	0x03, 0xf0, 0x31, 0x48, 0x04, 0xe0, 0xb1, 0x48,
	0xb2, 0x48, 0x0f, 0xe0, 0x30, 0x18, 0x1b, 0xc1,
	0x0f, 0xe8, 0x1a, 0xc6, 0xc7, 0x65, 0xd0, 0x49,
	0x05, 0xf0, 0x32, 0x48, 0x02, 0xc2, 0x00, 0xba,
	0x3e, 0x16, 0x02, 0xc2, 0x00, 0xba, 0x48, 0x16,
	0x02, 0xc2, 0x00, 0xba, 0x4a, 0x16, 0x02, 0xb4,
	0x09, 0xc2, 0x40, 0x99, 0x0e, 0x48, 0x42, 0x98,
	0x42, 0x70, 0x8e, 0x49, 0xfe, 0xf1, 0x02, 0xb0,
	0x80, 0xff, 0xc0, 0xd4, 0xe4, 0x40, 0x20, 0xd4,
	0xca, 0xcf, 0x00, 0xcf, 0x3c, 0xe4, 0x0c, 0xc0,
	0x00, 0x63, 0xb5, 0x49, 0x09, 0xc0, 0x30, 0x18,
	0x06, 0xc1, 0xea, 0xef, 0xf5, 0xc7, 0x02, 0xc0,
	0x00, 0xb8, 0xd0, 0x10, 0xe4, 0x4b, 0x00, 0xd8,
	0x14, 0xc3, 0x60, 0x61, 0x90, 0x49, 0x06, 0xf0,
	0x11, 0xc3, 0x70, 0x61, 0x12, 0x48, 0x70, 0x89,
	0x08, 0xe0, 0x0a, 0xc6, 0xd4, 0x61, 0x93, 0x48,
	0xd4, 0x89, 0x02, 0xc1, 0x00, 0xb9, 0x72, 0x17,
	0x02, 0xc1, 0x00, 0xb9, 0x9c, 0x15, 0x00, 0xd8,
	0xef, 0xcf, 0x20, 0xd4, 0x30, 0x18, 0xe7, 0xc1,
	0xcb, 0xef, 0x2b, 0xc5, 0xa0, 0x77, 0x00, 0x1c,
	0xa0, 0x9c, 0x28, 0xc5, 0xa0, 0x64, 0xc0, 0x48,
	0xc1, 0x48, 0xc2, 0x48, 0xa0, 0x8c, 0xb1, 0x64,
	0xc0, 0x48, 0xb1, 0x8c, 0x20, 0xc5, 0xa0, 0x64,
	0x40, 0x48, 0x41, 0x48, 0xc2, 0x48, 0xa0, 0x8c,
	0x19, 0xc5, 0xa4, 0x64, 0x44, 0x48, 0xa4, 0x8c,
	0xb1, 0x64, 0x40, 0x48, 0xb1, 0x8c, 0x14, 0xc4,
	0x80, 0x73, 0x13, 0xc4, 0x82, 0x9b, 0x11, 0x1b,
	0x80, 0x9b, 0x0c, 0xc5, 0xa0, 0x64, 0x40, 0x48,
	0x41, 0x48, 0x42, 0x48, 0xa0, 0x8c, 0x05, 0xc5,
	0xa0, 0x9f, 0x02, 0xc5, 0x00, 0xbd, 0x6c, 0x3a,
	0x1e, 0xfc, 0x10, 0xd8, 0x86, 0xd4, 0xf8, 0xcb,
	0x20, 0xe4, 0x0a, 0xc0, 0x16, 0x61, 0x91, 0x48,
	0x16, 0x89, 0x07, 0xc0, 0x11, 0x19, 0x0c, 0x89,
	0x02, 0xc1, 0x00, 0xb9, 0x02, 0x06, 0x00, 0xd4,
	0x40, 0xb4, 0xfe, 0xc0, 0x16, 0x61, 0x91, 0x48,
	0x16, 0x89, 0xfb, 0xc0, 0x11, 0x19, 0x0c, 0x89,
	0x02, 0xc1, 0x00, 0xb9, 0xd2, 0x05, 0x00, 0x00 };

static u16 r8153_usb_patch_c_bp[] = {
	0xfc26, 0xa000, 0xfc28, 0x3b34, 0xfc2a, 0x027c, 0xfc2c, 0x15de,
	0xfc2e, 0x10ce, 0xfc30, 0x1adc, 0xfc32, 0x3a28, 0xfc34, 0x05f8,
	0xfc36, 0x05c8, 0xfc38, 0x00f3 };

static u8 r8153_pla_patch_c[] = {
	0x5d, 0xe0, 0x07, 0xe0, 0x0f, 0xe0, 0x5a, 0xe0,
	0x59, 0xe0, 0x1f, 0xe0, 0x57, 0xe0, 0x3e, 0xe1,
	0x08, 0xc2, 0x40, 0x73, 0x3a, 0x48, 0x40, 0x9b,
	0x06, 0xff, 0x02, 0xc6, 0x00, 0xbe, 0xcc, 0x17,
	0x1e, 0xfc, 0x2c, 0x75, 0xdc, 0x21, 0xbc, 0x25,
	0x04, 0x13, 0x0b, 0xf0, 0x03, 0x13, 0x09, 0xf0,
	0x02, 0x13, 0x07, 0xf0, 0x01, 0x13, 0x05, 0xf0,
	0x08, 0x13, 0x03, 0xf0, 0x04, 0xc3, 0x00, 0xbb,
	0x03, 0xc3, 0x00, 0xbb, 0x50, 0x17, 0x3a, 0x17,
	0x33, 0xc5, 0xa0, 0x74, 0xc0, 0x49, 0x1f, 0xf0,
	0x30, 0xc5, 0xa0, 0x73, 0x00, 0x13, 0x04, 0xf1,
	0xa2, 0x73, 0x00, 0x13, 0x14, 0xf0, 0x28, 0xc5,
	0xa0, 0x74, 0xc8, 0x49, 0x1b, 0xf1, 0x26, 0xc5,
	0xa0, 0x76, 0xa2, 0x74, 0x01, 0x06, 0x20, 0x37,
	0xa0, 0x9e, 0xa2, 0x9c, 0x1e, 0xc5, 0xa2, 0x73,
	0x23, 0x40, 0x10, 0xf8, 0x04, 0xf3, 0xa0, 0x73,
	0x33, 0x40, 0x0c, 0xf8, 0x15, 0xc5, 0xa0, 0x74,
	0x41, 0x48, 0xa0, 0x9c, 0x14, 0xc5, 0xa0, 0x76,
	0x62, 0x48, 0xe0, 0x48, 0xa0, 0x9e, 0x10, 0xc6,
	0x00, 0xbe, 0x0a, 0xc5, 0xa0, 0x74, 0x48, 0x48,
	0xa0, 0x9c, 0x0b, 0xc5, 0x20, 0x1e, 0xa0, 0x9e,
	0xe5, 0x48, 0xa0, 0x9e, 0xf0, 0xe7, 0xbc, 0xc0,
	0xc8, 0xd2, 0xcc, 0xd2, 0x28, 0xe4, 0xfa, 0x01,
	0xf0, 0xc0, 0x18, 0x89, 0x74, 0xc0, 0xcd, 0xe8,
	0x80, 0x76, 0x00, 0x1d, 0x6e, 0xc3, 0x66, 0x62,
	0xa0, 0x49, 0x06, 0xf0, 0x64, 0xc0, 0x02, 0x71,
	0x60, 0x99, 0x62, 0xc1, 0x03, 0xe0, 0x5f, 0xc0,
	0x60, 0xc1, 0x02, 0x99, 0x00, 0x61, 0x0f, 0x1b,
	0x59, 0x41, 0x03, 0x13, 0x18, 0xf1, 0xe4, 0x49,
	0x20, 0xf1, 0xe5, 0x49, 0x1e, 0xf0, 0x59, 0xc6,
	0xd0, 0x73, 0xb7, 0x49, 0x08, 0xf0, 0x01, 0x0b,
	0x80, 0x13, 0x03, 0xf0, 0xd0, 0x8b, 0x03, 0xe0,
	0x3f, 0x48, 0xd0, 0x9b, 0x51, 0xc0, 0x10, 0x1a,
	0x84, 0x1b, 0xb1, 0xe8, 0x4b, 0xc2, 0x40, 0x63,
	0x30, 0x48, 0x0a, 0xe0, 0xe5, 0x49, 0x09, 0xf0,
	0x47, 0xc0, 0x00, 0x1a, 0x84, 0x1b, 0xa7, 0xe8,
	0x41, 0xc2, 0x40, 0x63, 0xb0, 0x48, 0x40, 0x8b,
	0x67, 0x11, 0x3f, 0xf1, 0x69, 0x33, 0x32, 0xc0,
	0x28, 0x40, 0xd2, 0xf1, 0x33, 0xc0, 0x00, 0x19,
	0x81, 0x1b, 0x99, 0xe8, 0x30, 0xc0, 0x04, 0x1a,
	0x84, 0x1b, 0x95, 0xe8, 0x8a, 0xe8, 0xa3, 0x49,
	0xfe, 0xf0, 0x2a, 0xc0, 0x86, 0xe8, 0xa1, 0x48,
	0x84, 0x1b, 0x8d, 0xe8, 0x00, 0x1d, 0x69, 0x33,
	0x00, 0x1e, 0x01, 0x06, 0xff, 0x18, 0x30, 0x40,
	0xfd, 0xf1, 0x1f, 0xc0, 0x00, 0x76, 0x2e, 0x40,
	0xf7, 0xf1, 0x21, 0x48, 0x19, 0xc0, 0x84, 0x1b,
	0x7e, 0xe8, 0x74, 0x08, 0x72, 0xe8, 0xa1, 0x49,
	0xfd, 0xf0, 0x11, 0xc0, 0x00, 0x1a, 0x84, 0x1b,
	0x76, 0xe8, 0x6b, 0xe8, 0xa5, 0x49, 0xfe, 0xf0,
	0x09, 0xc0, 0x01, 0x19, 0x81, 0x1b, 0x6f, 0xe8,
	0x5a, 0xe0, 0xb8, 0x0b, 0x50, 0xe8, 0x83, 0x00,
	0x82, 0x00, 0x20, 0xb4, 0x10, 0xd8, 0x84, 0xd4,
	0x88, 0xd3, 0x10, 0xe0, 0x00, 0xd8, 0x24, 0xd4,
	0xf9, 0xc0, 0x57, 0xe8, 0x48, 0x33, 0xf3, 0xc0,
	0x00, 0x61, 0x6a, 0xc0, 0x47, 0x11, 0x03, 0xf0,
	0x57, 0x11, 0x05, 0xf1, 0x00, 0x61, 0x17, 0x48,
	0x00, 0x89, 0x41, 0xe0, 0x9c, 0x20, 0x9c, 0x24,
	0xd0, 0x49, 0x09, 0xf0, 0x04, 0x11, 0x07, 0xf1,
	0x00, 0x61, 0x97, 0x49, 0x38, 0xf0, 0x97, 0x48,
	0x00, 0x89, 0x2b, 0xe0, 0x00, 0x11, 0x05, 0xf1,
	0x00, 0x61, 0x92, 0x48, 0x00, 0x89, 0x2f, 0xe0,
	0x06, 0x11, 0x05, 0xf1, 0x00, 0x61, 0x11, 0x48,
	0x00, 0x89, 0x29, 0xe0, 0x05, 0x11, 0x0f, 0xf1,
	0x00, 0x61, 0x93, 0x49, 0x1a, 0xf1, 0x91, 0x49,
	0x0a, 0xf0, 0x91, 0x48, 0x00, 0x89, 0x0f, 0xe0,
	0xc6, 0xc0, 0x00, 0x61, 0x98, 0x20, 0x98, 0x24,
	0x25, 0x11, 0x80, 0xff, 0xfa, 0xef, 0x17, 0xf1,
	0x38, 0xc0, 0x1f, 0xe8, 0x95, 0x49, 0x13, 0xf0,
	0xf4, 0xef, 0x11, 0xf1, 0x31, 0xc0, 0x00, 0x61,
	0x92, 0x49, 0x0d, 0xf1, 0x12, 0x48, 0x00, 0x89,
	0x29, 0xc0, 0x00, 0x19, 0x00, 0x89, 0x27, 0xc0,
	0x01, 0x89, 0x23, 0xc0, 0x0e, 0xe8, 0x12, 0x48,
	0x81, 0x1b, 0x15, 0xe8, 0xae, 0xc3, 0x66, 0x62,
	0xa0, 0x49, 0x04, 0xf0, 0x64, 0x71, 0xa3, 0xc0,
	0x02, 0x99, 0x02, 0xc0, 0x00, 0xb8, 0xd6, 0x07,
	0x13, 0xc4, 0x84, 0x98, 0x00, 0x1b, 0x86, 0x8b,
	0x86, 0x73, 0xbf, 0x49, 0xfe, 0xf1, 0x80, 0x71,
	0x82, 0x72, 0x80, 0xff, 0x09, 0xc4, 0x84, 0x98,
	0x80, 0x99, 0x82, 0x9a, 0x86, 0x8b, 0x86, 0x73,
	0xbf, 0x49, 0xfe, 0xf1, 0x80, 0xff, 0x08, 0xea,
	0x30, 0xd4, 0x10, 0xc0, 0x12, 0xe8, 0x8a, 0xd3,
	0x00, 0xd8, 0x02, 0xc6, 0x00, 0xbe, 0xe0, 0x08 };

static u16 r8153_pla_patch_c_bp[] = {
	0xfc26, 0x8000, 0xfc28, 0x1306, 0xfc2a, 0x17ca, 0xfc2c, 0x171e,
	0xfc2e, 0x0000, 0xfc30, 0x0000, 0xfc32, 0x01b4, 0xfc34, 0x07d4,
	0xfc36, 0x0894, 0xfc38, 0x00e6 };

static u16 r8153_ram_code_bc[] = {
	0xB436, 0xB820, 0xB438, 0x0290, 0xB436, 0xA012, 0xB438, 0x0000,
	0xB436, 0xA014, 0xB438, 0x2c04, 0xB438, 0x2c07, 0xB438, 0x2c0a,
	0xB438, 0x2c0d, 0xB438, 0xa240, 0xB438, 0xa104, 0xB438, 0x292d,
	0xB438, 0x8620, 0xB438, 0xa480, 0xB438, 0x2a2c, 0xB438, 0x8480,
	0xB438, 0xa101, 0xB438, 0x2a36, 0xB438, 0xd056, 0xB438, 0x2223,
	0xB436, 0xA01A, 0xB438, 0x0000, 0xB436, 0xA006, 0xB438, 0x0222,
	0xB436, 0xA004, 0xB438, 0x0a35, 0xB436, 0xA002, 0xB438, 0x0a2b,
	0xB436, 0xA000, 0xB438, 0xf92c, 0xB436, 0xB820, 0xB438, 0x0210 };

static u8 r8153_usb_patch_b[] = {
	0x08, 0xe0, 0x0f, 0xe0, 0x18, 0xe0, 0x24, 0xe0,
	0x26, 0xe0, 0x3a, 0xe0, 0x84, 0xe0, 0x9c, 0xe0,
	0xc2, 0x49, 0x04, 0xf0, 0x02, 0xc0, 0x00, 0xb8,
	0x14, 0x18, 0x02, 0xc0, 0x00, 0xb8, 0x2e, 0x18,
	0x06, 0x89, 0x08, 0xc0, 0x0c, 0x61, 0x92, 0x48,
	0x93, 0x48, 0x0c, 0x89, 0x02, 0xc0, 0x00, 0xb8,
	0x08, 0x05, 0x40, 0xb4, 0x16, 0x89, 0x6d, 0xc0,
	0x00, 0x61, 0x95, 0x49, 0x06, 0xf0, 0xfa, 0xc0,
	0x0c, 0x61, 0x92, 0x48, 0x93, 0x48, 0x0c, 0x89,
	0x02, 0xc0, 0x00, 0xb8, 0xe2, 0x04, 0x02, 0xc2,
	0x00, 0xba, 0xec, 0x11, 0x60, 0x60, 0x85, 0x49,
	0x0d, 0xf1, 0x11, 0xc6, 0xd2, 0x61, 0x91, 0x49,
	0xfd, 0xf0, 0x74, 0x60, 0x04, 0x48, 0x74, 0x88,
	0x08, 0xc6, 0x08, 0xc0, 0xc4, 0x98, 0x01, 0x18,
	0xc0, 0x88, 0x02, 0xc0, 0x00, 0xb8, 0x6e, 0x12,
	0x04, 0xe4, 0x0d, 0x00, 0x00, 0xd4, 0xd1, 0x49,
	0x3c, 0xf1, 0xd2, 0x49, 0x16, 0xf1, 0xd3, 0x49,
	0x18, 0xf1, 0xd4, 0x49, 0x19, 0xf1, 0xd5, 0x49,
	0x1a, 0xf1, 0xd6, 0x49, 0x1b, 0xf1, 0xd7, 0x49,
	0x1c, 0xf1, 0xd8, 0x49, 0x1d, 0xf1, 0xd9, 0x49,
	0x20, 0xf1, 0xda, 0x49, 0x23, 0xf1, 0xdb, 0x49,
	0x24, 0xf1, 0x02, 0xc4, 0x00, 0xbc, 0x20, 0x04,
	0xe5, 0x8e, 0x02, 0xc4, 0x00, 0xbc, 0x14, 0x02,
	0x02, 0xc4, 0x00, 0xbc, 0x16, 0x02, 0x02, 0xc4,
	0x00, 0xbc, 0x18, 0x02, 0x02, 0xc4, 0x00, 0xbc,
	0x1a, 0x02, 0x02, 0xc4, 0x00, 0xbc, 0x1c, 0x02,
	0x02, 0xc4, 0x00, 0xbc, 0x94, 0x02, 0x10, 0xc7,
	0xe0, 0x8e, 0x02, 0xc4, 0x00, 0xbc, 0x8a, 0x02,
	0x0b, 0xc7, 0xe4, 0x8e, 0x02, 0xc4, 0x00, 0xbc,
	0x88, 0x02, 0x02, 0xc4, 0x00, 0xbc, 0x6e, 0x02,
	0x02, 0xc4, 0x00, 0xbc, 0x5a, 0x02, 0x30, 0xe4,
	0x0c, 0xc3, 0x60, 0x64, 0xc5, 0x49, 0x04, 0xf1,
	0x74, 0x64, 0xc4, 0x48, 0x74, 0x8c, 0x06, 0xc3,
	0x64, 0x8e, 0x02, 0xc4, 0x00, 0xbc, 0x20, 0x04,
	0x00, 0xd8, 0x00, 0xe4, 0xb2, 0xc0, 0x00, 0x61,
	0x90, 0x49, 0x09, 0xf1, 0x8b, 0xc6, 0xca, 0x61,
	0x94, 0x49, 0x0e, 0xf1, 0xf6, 0xc6, 0xda, 0x60,
	0x81, 0x49, 0x0a, 0xf0, 0x65, 0x60, 0x03, 0x48,
	0x65, 0x88, 0xef, 0xc6, 0xdc, 0x60, 0x80, 0x48,
	0xdc, 0x88, 0x05, 0xc6, 0x00, 0xbe, 0x02, 0xc6,
	0x00, 0xbe, 0x36, 0x13, 0x4c, 0x17, 0x99, 0xc4,
	0x80, 0x65, 0xd0, 0x49, 0x04, 0xf1, 0xfa, 0x75,
	0x04, 0xc4, 0x00, 0xbc, 0x03, 0xc4, 0x00, 0xbc,
	0x9a, 0x00, 0xee, 0x01 };

static u16 r8153_usb_patch_b_bp[] = {
	0xfc26, 0xa000, 0xfc28, 0x180c, 0xfc2a, 0x0506, 0xfc2c, 0x04E0,
	0xfc2e, 0x11E4, 0xfc30, 0x125C, 0xfc32, 0x0232, 0xfc34, 0x131E,
	0xfc36, 0x0098, 0xfc38, 0x00FF };

static u8 r8153_pla_patch_b[] = {
	0x08, 0xe0, 0xea, 0xe0, 0xf2, 0xe0, 0x04, 0xe1,
	0x09, 0xe1, 0x0e, 0xe1, 0x46, 0xe1, 0xf7, 0xe1,
	0x14, 0xc2, 0x40, 0x73, 0xba, 0x48, 0x40, 0x9b,
	0x11, 0xc2, 0x40, 0x73, 0xb0, 0x49, 0x17, 0xf0,
	0xbf, 0x49, 0x03, 0xf1, 0x09, 0xc5, 0x00, 0xbd,
	0xb1, 0x49, 0x11, 0xf0, 0xb1, 0x48, 0x40, 0x9b,
	0x02, 0xc2, 0x00, 0xba, 0x1a, 0x17, 0x00, 0xe0,
	0x1e, 0xfc, 0xbc, 0xc0, 0xf0, 0xc0, 0xde, 0xe8,
	0x00, 0x80, 0x00, 0x20, 0x2c, 0x75, 0xd4, 0x49,
	0x12, 0xf1, 0x32, 0xe0, 0xf8, 0xc2, 0x46, 0x71,
	0xf7, 0xc2, 0x40, 0x73, 0xbe, 0x49, 0x03, 0xf1,
	0xf5, 0xc7, 0x02, 0xe0, 0xf2, 0xc7, 0x4f, 0x30,
	0x26, 0x62, 0xa1, 0x49, 0xf0, 0xf1, 0x22, 0x72,
	0xa0, 0x49, 0xed, 0xf1, 0x25, 0x25, 0x18, 0x1f,
	0x97, 0x30, 0x91, 0x30, 0x36, 0x9a, 0x2c, 0x75,
	0x3c, 0xc3, 0x60, 0x73, 0xb1, 0x49, 0x0d, 0xf1,
	0xdc, 0x21, 0xbc, 0x25, 0x30, 0xc6, 0xc0, 0x77,
	0x04, 0x13, 0x21, 0xf0, 0x03, 0x13, 0x22, 0xf0,
	0x02, 0x13, 0x23, 0xf0, 0x01, 0x13, 0x24, 0xf0,
	0x08, 0x13, 0x08, 0xf1, 0x2e, 0x73, 0xba, 0x21,
	0xbd, 0x25, 0x05, 0x13, 0x03, 0xf1, 0x24, 0xc5,
	0x00, 0xbd, 0xd4, 0x49, 0x03, 0xf1, 0x1c, 0xc5,
	0x00, 0xbd, 0xc4, 0xc6, 0xc6, 0x67, 0x2e, 0x75,
	0xd7, 0x22, 0xdd, 0x26, 0x05, 0x15, 0x1b, 0xf0,
	0x14, 0xc6, 0x00, 0xbe, 0x13, 0xc5, 0x00, 0xbd,
	0x12, 0xc5, 0x00, 0xbd, 0xf1, 0x49, 0xfb, 0xf1,
	0xef, 0xe7, 0xf4, 0x49, 0xfa, 0xf1, 0xec, 0xe7,
	0xf3, 0x49, 0xf7, 0xf1, 0xe9, 0xe7, 0xf2, 0x49,
	0xf4, 0xf1, 0xe6, 0xe7, 0xb6, 0xc0, 0x9e, 0x12,
	0xde, 0x11, 0x0a, 0x12, 0x3c, 0x13, 0x00, 0xa0,
	0xa0, 0xd1, 0x00, 0x00, 0xc0, 0x75, 0xd0, 0x49,
	0x46, 0xf0, 0x26, 0x72, 0xa7, 0x49, 0x43, 0xf0,
	0x22, 0x72, 0x25, 0x25, 0x20, 0x1f, 0x97, 0x30,
	0x91, 0x30, 0x40, 0x73, 0xf3, 0xc4, 0x1c, 0x40,
	0x04, 0xf0, 0xd7, 0x49, 0x05, 0xf1, 0x37, 0xe0,
	0x53, 0x48, 0xc0, 0x9d, 0x08, 0x02, 0x40, 0x66,
	0x64, 0x27, 0x06, 0x16, 0x30, 0xf1, 0x46, 0x63,
	0x3b, 0x13, 0x2d, 0xf1, 0x34, 0x9b, 0x18, 0x1b,
	0x93, 0x30, 0x2b, 0xc3, 0x10, 0x1c, 0x2b, 0xe8,
	0x01, 0x14, 0x25, 0xf1, 0x00, 0x1d, 0x26, 0x1a,
	0x8a, 0x30, 0x22, 0x73, 0xb5, 0x25, 0x0e, 0x0b,
	0x00, 0x1c, 0x2c, 0xe8, 0x1f, 0xc7, 0x27, 0x40,
	0x1a, 0xf1, 0x38, 0xe8, 0x32, 0x1f, 0x8f, 0x30,
	0x08, 0x1b, 0x24, 0xe8, 0x36, 0x72, 0x46, 0x77,
	0x00, 0x17, 0x0d, 0xf0, 0x13, 0xc3, 0x1f, 0x40,
	0x03, 0xf1, 0x00, 0x1f, 0x46, 0x9f, 0x44, 0x77,
	0x9f, 0x44, 0x5f, 0x44, 0x17, 0xe8, 0x0a, 0xc7,
	0x27, 0x40, 0x05, 0xf1, 0x02, 0xc3, 0x00, 0xbb,
	0xfa, 0x18, 0xb0, 0x18, 0xff, 0xc7, 0x00, 0xbf,
	0xb8, 0xcd, 0xff, 0xff, 0x02, 0x0c, 0x54, 0xa5,
	0xdc, 0xa5, 0x2f, 0x40, 0x05, 0xf1, 0x00, 0x14,
	0xfa, 0xf1, 0x01, 0x1c, 0x02, 0xe0, 0x00, 0x1c,
	0x80, 0xff, 0xb0, 0x49, 0x04, 0xf0, 0x01, 0x0b,
	0xd3, 0xa1, 0x03, 0xe0, 0x02, 0x0b, 0xd3, 0xa5,
	0x27, 0x31, 0x20, 0x37, 0x02, 0x0b, 0xd3, 0xa5,
	0x27, 0x31, 0x20, 0x37, 0x00, 0x13, 0xfb, 0xf1,
	0x80, 0xff, 0x22, 0x73, 0xb5, 0x25, 0x18, 0x1e,
	0xde, 0x30, 0xd9, 0x30, 0x64, 0x72, 0x11, 0x1e,
	0x68, 0x23, 0x16, 0x31, 0x80, 0xff, 0x08, 0xc2,
	0x40, 0x73, 0x3a, 0x48, 0x40, 0x9b, 0x06, 0xff,
	0x02, 0xc6, 0x00, 0xbe, 0x08, 0x16, 0x1e, 0xfc,
	0x2c, 0x75, 0xdc, 0x21, 0xbc, 0x25, 0x04, 0x13,
	0x0b, 0xf0, 0x03, 0x13, 0x09, 0xf0, 0x02, 0x13,
	0x07, 0xf0, 0x01, 0x13, 0x05, 0xf0, 0x08, 0x13,
	0x03, 0xf0, 0x04, 0xc3, 0x00, 0xbb, 0x03, 0xc3,
	0x00, 0xbb, 0x8c, 0x15, 0x76, 0x15, 0xa0, 0x64,
	0x40, 0x48, 0xa0, 0x8c, 0x02, 0xc4, 0x00, 0xbc,
	0x82, 0x00, 0xa0, 0x62, 0x21, 0x48, 0xa0, 0x8a,
	0x02, 0xc2, 0x00, 0xba, 0x40, 0x03, 0x33, 0xc5,
	0xa0, 0x74, 0xc0, 0x49, 0x1f, 0xf0, 0x30, 0xc5,
	0xa0, 0x73, 0x00, 0x13, 0x04, 0xf1, 0xa2, 0x73,
	0x00, 0x13, 0x14, 0xf0, 0x28, 0xc5, 0xa0, 0x74,
	0xc8, 0x49, 0x1b, 0xf1, 0x26, 0xc5, 0xa0, 0x76,
	0xa2, 0x74, 0x01, 0x06, 0x20, 0x37, 0xa0, 0x9e,
	0xa2, 0x9c, 0x1e, 0xc5, 0xa2, 0x73, 0x23, 0x40,
	0x10, 0xf8, 0x04, 0xf3, 0xa0, 0x73, 0x33, 0x40,
	0x0c, 0xf8, 0x15, 0xc5, 0xa0, 0x74, 0x41, 0x48,
	0xa0, 0x9c, 0x14, 0xc5, 0xa0, 0x76, 0x62, 0x48,
	0xe0, 0x48, 0xa0, 0x9e, 0x10, 0xc6, 0x00, 0xbe,
	0x0a, 0xc5, 0xa0, 0x74, 0x48, 0x48, 0xa0, 0x9c,
	0x0b, 0xc5, 0x20, 0x1e, 0xa0, 0x9e, 0xe5, 0x48,
	0xa0, 0x9e, 0xf0, 0xe7, 0xbc, 0xc0, 0xc8, 0xd2,
	0xcc, 0xd2, 0x28, 0xe4, 0xe6, 0x01, 0xf0, 0xc0,
	0x18, 0x89, 0x00, 0x1d, 0x3c, 0xc3, 0x64, 0x71,
	0x3c, 0xc0, 0x02, 0x99, 0x00, 0x61, 0x67, 0x11,
	0x3c, 0xf1, 0x69, 0x33, 0x35, 0xc0, 0x28, 0x40,
	0xf6, 0xf1, 0x34, 0xc0, 0x00, 0x19, 0x81, 0x1b,
	0x91, 0xe8, 0x31, 0xc0, 0x04, 0x1a, 0x84, 0x1b,
	0x8d, 0xe8, 0x82, 0xe8, 0xa3, 0x49, 0xfe, 0xf0,
	0x2b, 0xc0, 0x7e, 0xe8, 0xa1, 0x48, 0x28, 0xc0,
	0x84, 0x1b, 0x84, 0xe8, 0x00, 0x1d, 0x69, 0x33,
	0x00, 0x1e, 0x01, 0x06, 0xff, 0x18, 0x30, 0x40,
	0xfd, 0xf1, 0x19, 0xc0, 0x00, 0x76, 0x2e, 0x40,
	0xf7, 0xf1, 0x21, 0x48, 0x19, 0xc0, 0x84, 0x1b,
	0x75, 0xe8, 0x10, 0xc0, 0x69, 0xe8, 0xa1, 0x49,
	0xfd, 0xf0, 0x11, 0xc0, 0x00, 0x1a, 0x84, 0x1b,
	0x6d, 0xe8, 0x62, 0xe8, 0xa5, 0x49, 0xfe, 0xf0,
	0x09, 0xc0, 0x01, 0x19, 0x81, 0x1b, 0x66, 0xe8,
	0x54, 0xe0, 0x10, 0xd4, 0x88, 0xd3, 0xb8, 0x0b,
	0x50, 0xe8, 0x20, 0xb4, 0x10, 0xd8, 0x84, 0xd4,
	0xfd, 0xc0, 0x52, 0xe8, 0x48, 0x33, 0xf9, 0xc0,
	0x00, 0x61, 0x9c, 0x20, 0x9c, 0x24, 0xd0, 0x49,
	0x04, 0xf0, 0x04, 0x11, 0x02, 0xf1, 0x03, 0xe0,
	0x00, 0x11, 0x06, 0xf1, 0x5c, 0xc0, 0x00, 0x61,
	0x92, 0x48, 0x00, 0x89, 0x3a, 0xe0, 0x06, 0x11,
	0x06, 0xf1, 0x55, 0xc0, 0x00, 0x61, 0x11, 0x48,
	0x00, 0x89, 0x33, 0xe0, 0x05, 0x11, 0x08, 0xf1,
	0x4e, 0xc0, 0x00, 0x61, 0x91, 0x49, 0x04, 0xf0,
	0x91, 0x48, 0x00, 0x89, 0x11, 0xe0, 0xd9, 0xc0,
	0x00, 0x61, 0x98, 0x20, 0x98, 0x24, 0x25, 0x11,
	0x24, 0xf1, 0x44, 0xc0, 0x29, 0xe8, 0x95, 0x49,
	0x20, 0xf0, 0xcf, 0xc0, 0x00, 0x61, 0x98, 0x20,
	0x98, 0x24, 0x25, 0x11, 0x1a, 0xf1, 0x37, 0xc0,
	0x00, 0x61, 0x92, 0x49, 0x16, 0xf1, 0x12, 0x48,
	0x00, 0x89, 0x2f, 0xc0, 0x00, 0x19, 0x00, 0x89,
	0x2d, 0xc0, 0x01, 0x89, 0x2d, 0xc0, 0x04, 0x19,
	0x81, 0x1b, 0x1c, 0xe8, 0x2a, 0xc0, 0x14, 0x19,
	0x81, 0x1b, 0x18, 0xe8, 0x21, 0xc0, 0x0c, 0xe8,
	0x1f, 0xc0, 0x12, 0x48, 0x81, 0x1b, 0x12, 0xe8,
	0xae, 0xc3, 0x66, 0x71, 0xae, 0xc0, 0x02, 0x99,
	0x02, 0xc0, 0x00, 0xb8, 0x96, 0x07, 0x13, 0xc4,
	0x84, 0x98, 0x00, 0x1b, 0x86, 0x8b, 0x86, 0x73,
	0xbf, 0x49, 0xfe, 0xf1, 0x80, 0x71, 0x82, 0x72,
	0x80, 0xff, 0x09, 0xc4, 0x84, 0x98, 0x80, 0x99,
	0x82, 0x9a, 0x86, 0x8b, 0x86, 0x73, 0xbf, 0x49,
	0xfe, 0xf1, 0x80, 0xff, 0x08, 0xea, 0x30, 0xd4,
	0x10, 0xc0, 0x12, 0xe8, 0x8a, 0xd3, 0x28, 0xe4,
	0x2c, 0xe4, 0x00, 0xd8, 0x00, 0x00, 0x00, 0x00 };

static u16 r8153_pla_patch_b_bp[] = {
	0xfc26, 0x8000, 0xfc28, 0x1154, 0xfc2a, 0x1606, 0xfc2c, 0x155a,
	0xfc2e, 0x0080, 0xfc30, 0x033c, 0xfc32, 0x01a0, 0xfc34, 0x0794,
	0xfc36, 0x0000, 0xfc38, 0x007f };

static u16 r8153_ram_code_d[] = {
	0xB436, 0xB820, 0xB438, 0x0290, 0xB436, 0xA012, 0xB438, 0x0000,
	0xB436, 0xA014, 0xB438, 0x2c04, 0xB438, 0x2c07, 0xB438, 0x2c07,
	0xB438, 0x2c07, 0xB438, 0xa240, 0xB438, 0xa104, 0xB438, 0x2944,
	0xB436, 0xA01A, 0xB438, 0x0000, 0xB436, 0xA006, 0xB438, 0x0fff,
	0xB436, 0xA004, 0xB438, 0x0fff, 0xB436, 0xA002, 0xB438, 0x0fff,
	0xB436, 0xA000, 0xB438, 0x1943, 0xB436, 0xB820, 0xB438, 0x0210 };

static u8 usb_patch_d[] = {
	0x08, 0xe0, 0x0e, 0xe0, 0x11, 0xe0, 0x24, 0xe0,
	0x2b, 0xe0, 0x33, 0xe0, 0x3a, 0xe0, 0x3c, 0xe0,
	0x1e, 0xc3, 0x70, 0x61, 0x12, 0x48, 0x70, 0x89,
	0x02, 0xc3, 0x00, 0xbb, 0x02, 0x17, 0x32, 0x19,
	0x02, 0xc3, 0x00, 0xbb, 0x44, 0x14, 0x30, 0x18,
	0x11, 0xc1, 0x05, 0xe8, 0x10, 0xc6, 0x02, 0xc2,
	0x00, 0xba, 0x94, 0x17, 0x02, 0xb4, 0x09, 0xc2,
	0x40, 0x99, 0x0e, 0x48, 0x42, 0x98, 0x42, 0x70,
	0x8e, 0x49, 0xfe, 0xf1, 0x02, 0xb0, 0x80, 0xff,
	0xc0, 0xd4, 0xe4, 0x40, 0x20, 0xd4, 0x30, 0x18,
	0x06, 0xc1, 0xf1, 0xef, 0xfc, 0xc7, 0x02, 0xc0,
	0x00, 0xb8, 0x38, 0x12, 0xe4, 0x4b, 0x0c, 0x61,
	0x92, 0x48, 0x93, 0x48, 0x95, 0x48, 0x96, 0x48,
	0x0c, 0x89, 0x02, 0xc0, 0x00, 0xb8, 0x0e, 0x06,
	0x30, 0x18, 0xf5, 0xc1, 0xe0, 0xef, 0x04, 0xc5,
	0x02, 0xc4, 0x00, 0xbc, 0x76, 0x3c, 0x1e, 0xfc,
	0x02, 0xc6, 0x00, 0xbe, 0x00, 0x00, 0x02, 0xc6,
	0x00, 0xbe, 0x00, 0x00 };

static u16 r8153_usb_patch_d_bp[] = {
	0xfc26, 0xa000, 0xfc28, 0x16de, 0xfc2a, 0x1442, 0xfc2c, 0x1792,
	0xfc2e, 0x1236, 0xfc30, 0x0606, 0xfc32, 0x3c74, 0xfc34, 0x0000,
	0xfc36, 0x0000, 0xfc38, 0x003e };

static u8 pla_patch_d[] = {
	0x03, 0xe0, 0x16, 0xe0, 0x30, 0xe0, 0x12, 0xc2,
	0x40, 0x73, 0xb0, 0x49, 0x08, 0xf0, 0xb8, 0x49,
	0x06, 0xf0, 0xb8, 0x48, 0x40, 0x9b, 0x0b, 0xc2,
	0x40, 0x76, 0x05, 0xe0, 0x02, 0x61, 0x02, 0xc3,
	0x00, 0xbb, 0x54, 0x08, 0x02, 0xc3, 0x00, 0xbb,
	0x64, 0x08, 0x98, 0xd3, 0x1e, 0xfc, 0xfe, 0xc0,
	0x02, 0x62, 0xa0, 0x48, 0x02, 0x8a, 0x00, 0x72,
	0xa0, 0x49, 0x11, 0xf0, 0x13, 0xc1, 0x20, 0x62,
	0x2e, 0x21, 0x2f, 0x25, 0x00, 0x71, 0x9f, 0x24,
	0x0a, 0x40, 0x09, 0xf0, 0x00, 0x71, 0x18, 0x48,
	0xa0, 0x49, 0x03, 0xf1, 0x9f, 0x48, 0x02, 0xe0,
	0x1f, 0x48, 0x00, 0x99, 0x02, 0xc2, 0x00, 0xba,
	0xac, 0x0c, 0x08, 0xe9, 0x36, 0xc0, 0x00, 0x61,
	0x9c, 0x20, 0x9c, 0x24, 0x33, 0xc0, 0x07, 0x11,
	0x05, 0xf1, 0x00, 0x61, 0x17, 0x48, 0x00, 0x89,
	0x0d, 0xe0, 0x04, 0x11, 0x0b, 0xf1, 0x00, 0x61,
	0x97, 0x49, 0x08, 0xf0, 0x97, 0x48, 0x00, 0x89,
	0x23, 0xc0, 0x0e, 0xe8, 0x12, 0x48, 0x81, 0x1b,
	0x15, 0xe8, 0x1f, 0xc0, 0x00, 0x61, 0x67, 0x11,
	0x04, 0xf0, 0x02, 0xc0, 0x00, 0xb8, 0x42, 0x09,
	0x02, 0xc0, 0x00, 0xb8, 0x90, 0x08, 0x13, 0xc4,
	0x84, 0x98, 0x00, 0x1b, 0x86, 0x8b, 0x86, 0x73,
	0xbf, 0x49, 0xfe, 0xf1, 0x80, 0x71, 0x82, 0x72,
	0x80, 0xff, 0x09, 0xc4, 0x84, 0x98, 0x80, 0x99,
	0x82, 0x9a, 0x86, 0x8b, 0x86, 0x73, 0xbf, 0x49,
	0xfe, 0xf1, 0x80, 0xff, 0x08, 0xea, 0x30, 0xd4,
	0x50, 0xe8, 0x8a, 0xd3 };

static u16 r8153_pla_patch_d_bp[] = {
	0xfc26, 0x8000, 0xfc28, 0x0852, 0xfc2a, 0x0c92, 0xfc2c, 0x088c,
	0xfc2e, 0x0000, 0xfc30, 0x0000, 0xfc32, 0x0000, 0xfc34, 0x0000,
	0xfc36, 0x0000, 0xfc38, 0x0007 };

static u8 usb_patch2_b[] = {
	0x10, 0xe0, 0x26, 0xe0, 0x3a, 0xe0, 0x58, 0xe0,
	0x6c, 0xe0, 0x85, 0xe0, 0xa5, 0xe0, 0xbe, 0xe0,
	0xd8, 0xe0, 0xdb, 0xe0, 0xf3, 0xe0, 0xf5, 0xe0,
	0xf7, 0xe0, 0xf9, 0xe0, 0xfb, 0xe0, 0xfd, 0xe0,
	0x16, 0xc0, 0x00, 0x75, 0xd1, 0x49, 0x0d, 0xf0,
	0x0f, 0xc0, 0x0f, 0xc5, 0x00, 0x1e, 0x08, 0x9e,
	0x0c, 0x9d, 0x0c, 0xc6, 0x0a, 0x9e, 0x8f, 0x1c,
	0x0e, 0x8c, 0x0e, 0x74, 0xcf, 0x49, 0xfe, 0xf1,
	0x02, 0xc0, 0x00, 0xb8, 0x96, 0x31, 0x00, 0xdc,
	0x24, 0xe4, 0x80, 0x02, 0x34, 0xd3, 0xff, 0xc3,
	0x60, 0x72, 0xa1, 0x49, 0x0d, 0xf0, 0xf8, 0xc3,
	0xf8, 0xc2, 0x00, 0x1c, 0x68, 0x9c, 0xf6, 0xc4,
	0x6a, 0x9c, 0x6c, 0x9a, 0x8f, 0x1c, 0x6e, 0x8c,
	0x6e, 0x74, 0xcf, 0x49, 0xfe, 0xf1, 0x04, 0xc0,
	0x02, 0xc2, 0x00, 0xba, 0xa8, 0x28, 0xf8, 0xc7,
	0xea, 0xc0, 0x00, 0x75, 0xd1, 0x49, 0x15, 0xf0,
	0x19, 0xc7, 0x17, 0xc2, 0xec, 0x9a, 0x00, 0x19,
	0xee, 0x89, 0xee, 0x71, 0x9f, 0x49, 0xfe, 0xf1,
	0xea, 0x71, 0x9f, 0x49, 0x0a, 0xf0, 0xd9, 0xc2,
	0xec, 0x9a, 0x00, 0x19, 0xe8, 0x99, 0x81, 0x19,
	0xee, 0x89, 0xee, 0x71, 0x9f, 0x49, 0xfe, 0xf1,
	0x06, 0xc3, 0x02, 0xc2, 0x00, 0xba, 0xf0, 0x1d,
	0x4c, 0xe8, 0x00, 0xdc, 0x00, 0xd4, 0xcb, 0xc0,
	0x00, 0x75, 0xd1, 0x49, 0x0d, 0xf0, 0xc4, 0xc0,
	0xc4, 0xc5, 0x00, 0x1e, 0x08, 0x9e, 0xc2, 0xc6,
	0x0a, 0x9e, 0x0c, 0x9d, 0x8f, 0x1c, 0x0e, 0x8c,
	0x0e, 0x74, 0xcf, 0x49, 0xfe, 0xf1, 0x04, 0xc0,
	0x02, 0xc1, 0x00, 0xb9, 0xc4, 0x16, 0x20, 0xd4,
	0xb6, 0xc0, 0x00, 0x75, 0xd1, 0x48, 0x00, 0x9d,
	0xe5, 0xc7, 0xaf, 0xc2, 0xec, 0x9a, 0x00, 0x19,
	0xe8, 0x9a, 0x81, 0x19, 0xee, 0x89, 0xee, 0x71,
	0x9f, 0x49, 0xfe, 0xf1, 0x2c, 0xc1, 0xec, 0x99,
	0x81, 0x19, 0xee, 0x89, 0xee, 0x71, 0x9f, 0x49,
	0xfe, 0xf1, 0x04, 0xc3, 0x02, 0xc2, 0x00, 0xba,
	0x96, 0x1c, 0xc0, 0xd4, 0xc0, 0x88, 0x1e, 0xc6,
	0xc0, 0x70, 0x8f, 0x49, 0x0e, 0xf0, 0x8f, 0x48,
	0x93, 0xc6, 0xca, 0x98, 0x11, 0x18, 0xc8, 0x98,
	0x16, 0xc0, 0xcc, 0x98, 0x8f, 0x18, 0xce, 0x88,
	0xce, 0x70, 0x8f, 0x49, 0xfe, 0xf1, 0x0b, 0xe0,
	0x43, 0xc6, 0x00, 0x18, 0xc8, 0x98, 0x0b, 0xc0,
	0xcc, 0x98, 0x81, 0x18, 0xce, 0x88, 0xce, 0x70,
	0x8f, 0x49, 0xfe, 0xf1, 0x02, 0xc0, 0x00, 0xb8,
	0xf2, 0x19, 0x40, 0xd3, 0x20, 0xe4, 0x33, 0xc2,
	0x40, 0x71, 0x91, 0x48, 0x40, 0x99, 0x30, 0xc2,
	0x00, 0x19, 0x48, 0x99, 0xf8, 0xc1, 0x4c, 0x99,
	0x81, 0x19, 0x4e, 0x89, 0x4e, 0x71, 0x9f, 0x49,
	0xfe, 0xf1, 0x0b, 0xc1, 0x4c, 0x99, 0x81, 0x19,
	0x4e, 0x89, 0x4e, 0x71, 0x9f, 0x49, 0xfe, 0xf1,
	0x02, 0x71, 0x02, 0xc2, 0x00, 0xba, 0x0e, 0x34,
	0x24, 0xe4, 0x19, 0xc2, 0x40, 0x71, 0x91, 0x48,
	0x40, 0x99, 0x16, 0xc2, 0x00, 0x19, 0x48, 0x99,
	0xde, 0xc1, 0x4c, 0x99, 0x81, 0x19, 0x4e, 0x89,
	0x4e, 0x71, 0x9f, 0x49, 0xfe, 0xf1, 0xf1, 0xc1,
	0x4c, 0x99, 0x81, 0x19, 0x4e, 0x89, 0x4e, 0x71,
	0x9f, 0x49, 0xfe, 0xf1, 0x02, 0x71, 0x02, 0xc2,
	0x00, 0xba, 0x60, 0x33, 0x34, 0xd3, 0x00, 0xdc,
	0x1e, 0x89, 0x02, 0xc0, 0x00, 0xb8, 0xfa, 0x12,
	0x18, 0xc0, 0x00, 0x65, 0xd1, 0x49, 0x0e, 0xf0,
	0x11, 0xc0, 0x11, 0xc5, 0x00, 0x1e, 0x08, 0x9e,
	0x0c, 0x9d, 0x0e, 0xc6, 0x0a, 0x9e, 0x8f, 0x1c,
	0x0e, 0x8c, 0x0e, 0x74, 0xcf, 0x49, 0xfe, 0xf1,
	0x04, 0xc0, 0x02, 0xc2, 0x00, 0xba, 0xa0, 0x41,
	0x06, 0xd4, 0x00, 0xdc, 0x24, 0xe4, 0x80, 0x02,
	0x34, 0xd3, 0x02, 0xc0, 0x00, 0xb8, 0x00, 0x00,
	0x02, 0xc0, 0x00, 0xb8, 0x00, 0x00, 0x02, 0xc0,
	0x00, 0xb8, 0x00, 0x00, 0x02, 0xc0, 0x00, 0xb8,
	0x00, 0x00, 0x02, 0xc0, 0x00, 0xb8, 0x00, 0x00,
	0x02, 0xc0, 0x00, 0xb8, 0x00, 0x00, 0x00, 0x00 };

static u16 r8153b_usb_patch_b_bp[] = {
	0xfc26, 0xa000, 0xfc28, 0x2a20, 0xfc2a, 0x28a6, 0xfc2c, 0x1dee,
	0xfc2e, 0x16c2, 0xfc30, 0x1c94, 0xfc32, 0x19f0, 0xfc34, 0x340c,
	0xfc36, 0x335e, 0xfc38, 0x12f8, 0xfc3a, 0x419e, 0xfc3c, 0x0000,
	0xfc3e, 0x0000, 0xfc40, 0x0000, 0xfc42, 0x0000, 0xfc44, 0x0000,
	0xfc46, 0x0000, 0xfc48, 0x03ff };

static u8 pla_patch2_b[] = {
	0x05, 0xe0, 0x1b, 0xe0, 0x2c, 0xe0, 0x60, 0xe0,
	0x73, 0xe0, 0x15, 0xc6, 0xc2, 0x64, 0xd2, 0x49,
	0x06, 0xf1, 0xc4, 0x48, 0xc5, 0x48, 0xc6, 0x48,
	0xc7, 0x48, 0x05, 0xe0, 0x44, 0x48, 0x45, 0x48,
	0x46, 0x48, 0x47, 0x48, 0xc2, 0x8c, 0xc0, 0x64,
	0x46, 0x48, 0xc0, 0x8c, 0x05, 0xc5, 0x02, 0xc4,
	0x00, 0xbc, 0x18, 0x02, 0x06, 0xdc, 0xb0, 0xc0,
	0x10, 0xc5, 0xa0, 0x77, 0xa0, 0x74, 0x46, 0x48,
	0x47, 0x48, 0xa0, 0x9c, 0x0b, 0xc5, 0xa0, 0x74,
	0x44, 0x48, 0x43, 0x48, 0xa0, 0x9c, 0x05, 0xc5,
	0xa0, 0x9f, 0x02, 0xc5, 0x00, 0xbd, 0x3c, 0x03,
	0x1c, 0xe8, 0x20, 0xe8, 0xd4, 0x49, 0x04, 0xf1,
	0xd5, 0x49, 0x20, 0xf1, 0x28, 0xe0, 0x2a, 0xc7,
	0xe0, 0x75, 0xda, 0x49, 0x14, 0xf0, 0x27, 0xc7,
	0xe0, 0x75, 0xdc, 0x49, 0x10, 0xf1, 0x24, 0xc7,
	0xe0, 0x75, 0x25, 0xc7, 0xe0, 0x74, 0x2c, 0x40,
	0x0a, 0xfa, 0x1f, 0xc7, 0xe4, 0x75, 0xd0, 0x49,
	0x09, 0xf1, 0x1c, 0xc5, 0xe6, 0x9d, 0x11, 0x1d,
	0xe4, 0x8d, 0x04, 0xe0, 0x16, 0xc7, 0x00, 0x1d,
	0xe4, 0x8d, 0xe0, 0x8e, 0x11, 0x1d, 0xe0, 0x8d,
	0x07, 0xe0, 0x0c, 0xc7, 0xe0, 0x75, 0xda, 0x48,
	0xe0, 0x9d, 0x0b, 0xc7, 0xe4, 0x8e, 0x02, 0xc4,
	0x00, 0xbc, 0x28, 0x03, 0x02, 0xc4, 0x00, 0xbc,
	0x14, 0x03, 0x12, 0xe8, 0x4e, 0xe8, 0x1c, 0xe6,
	0x20, 0xe4, 0x80, 0x02, 0xa4, 0xc0, 0x12, 0xc2,
	0x40, 0x73, 0xb0, 0x49, 0x08, 0xf0, 0xb8, 0x49,
	0x06, 0xf0, 0xb8, 0x48, 0x40, 0x9b, 0x0b, 0xc2,
	0x40, 0x76, 0x05, 0xe0, 0x02, 0x61, 0x02, 0xc3,
	0x00, 0xbb, 0x0a, 0x0a, 0x02, 0xc3, 0x00, 0xbb,
	0x1a, 0x0a, 0x98, 0xd3, 0x1e, 0xfc, 0xfe, 0xc0,
	0x02, 0x62, 0xa0, 0x48, 0x02, 0x8a, 0x00, 0x72,
	0xa0, 0x49, 0x11, 0xf0, 0x13, 0xc1, 0x20, 0x62,
	0x2e, 0x21, 0x2f, 0x25, 0x00, 0x71, 0x9f, 0x24,
	0x0a, 0x40, 0x09, 0xf0, 0x00, 0x71, 0x18, 0x48,
	0xa0, 0x49, 0x03, 0xf1, 0x9f, 0x48, 0x02, 0xe0,
	0x1f, 0x48, 0x00, 0x99, 0x02, 0xc2, 0x00, 0xba,
	0xda, 0x0e, 0x08, 0xe9 };

static u16 r8153b_pla_patch_b_bp[] = {
	0xfc26, 0x8000, 0xfc28, 0x0216, 0xfc2a, 0x0332, 0xfc2c, 0x030c,
	0xfc2e, 0x0a08, 0xfc30, 0x0ec0, 0xfc32, 0x0000, 0xfc34, 0x0000,
	0xfc36, 0x0000, 0xfc38, 0x001e };

static void rtl_clear_bp(struct r8152 *tp, u16 type)
{
	u16 bp[16] = {0};
	u16 bp_num;

	switch (tp->version) {
	case RTL_VER_08:
	case RTL_VER_09:
	case RTL_VER_10:
	case RTL_VER_11:
	case RTL_VER_12:
	case RTL_VER_13:
	case RTL_VER_15:
		if (type == MCU_TYPE_USB) {
			ocp_write_word(tp, MCU_TYPE_USB, USB_BP2_EN, 0);
			bp_num = 16;
			break;
		}
		fallthrough;
	case RTL_VER_03:
	case RTL_VER_04:
	case RTL_VER_05:
	case RTL_VER_06:
		ocp_write_byte(tp, type, PLA_BP_EN, 0);
		fallthrough;
	case RTL_VER_01:
	case RTL_VER_02:
	case RTL_VER_07:
		bp_num = 8;
		break;
	case RTL_VER_14:
	default:
		ocp_write_word(tp, type, USB_BP2_EN, 0);
		bp_num = 16;
		break;
	}

	generic_ocp_write(tp, PLA_BP_0, BYTE_EN_DWORD, bp_num << 1, bp, type);

	/* wait 3 ms to make sure the firmware is stopped */
	mdelay(3);
	ocp_write_word(tp, type, PLA_BP_BA, 0);
}

static void r8152b_set_dq_desc(struct r8152 *tp)
{
	u8 data;

	data = ocp_read_byte(tp, MCU_TYPE_USB, 0xd429);
	data |= 0x80;
	ocp_write_byte(tp, MCU_TYPE_USB, 0xd429, data);
	ocp_write_word(tp, MCU_TYPE_USB, 0xc0ce, 0x0210);
	data = ocp_read_byte(tp, MCU_TYPE_USB, 0xd429);
	data &= ~0x80;
	ocp_write_byte(tp, MCU_TYPE_USB, 0xd429, data);
}

static int r8153_pre_ram_code(struct r8152 *tp, u16 patch_key)
{
	u16 data;
	int i;

	data = ocp_reg_read(tp, 0xb820);
	data |= 0x0010;
	ocp_reg_write(tp, 0xb820, data);

	for (i = 0, data = 0; !data && i < 5000; i++) {
		mdelay(2);
		data = ocp_reg_read(tp, 0xb800) & 0x0040;
	}

	sram_write(tp, 0x8146, patch_key);
	sram_write(tp, 0xb82e, 0x0001);

	return -EBUSY;
}

static int r8153_post_ram_code(struct r8152 *tp)
{
	u16 data;

	sram_write(tp, 0x0000, 0x0000);

	data = ocp_reg_read(tp, 0xb82e);
	data &= ~0x0001;
	ocp_reg_write(tp, 0xb82e, data);

	sram_write(tp, 0x8146, 0x0000);

	data = ocp_reg_read(tp, 0xb820);
	data &= ~0x0010;
	ocp_reg_write(tp, 0xb820, data);

	ocp_write_word(tp, MCU_TYPE_PLA, PLA_OCP_GPHY_BASE, tp->ocp_base);

	return 0;
}

static void r8153_wdt1_end(struct r8152 *tp)
{
	int i;

	for (i = 0; i < 104; i++) {
		if (!(ocp_read_byte(tp, MCU_TYPE_USB, 0xe404) & 1))
			break;
		mdelay(2);
	}
}

static void rtl_patch_key_set(struct r8152 *tp, u16 key_addr, u16 patch_key)
{
	if (patch_key && key_addr) {
		sram_write(tp, key_addr, patch_key);
		sram_write(tp, SRAM_PHY_LOCK, PHY_PATCH_LOCK);
	} else if (key_addr) {
		sram_write(tp, 0x0000, 0x0000);

		ocp_reg_clr_bits(tp, OCP_PHY_LOCK, PATCH_LOCK);

		sram_write(tp, key_addr, 0x0000);
	} else {
		WARN_ON_ONCE(1);
	}
}

static int
rtl_pre_ram_code(struct r8152 *tp, u16 key_addr, u16 patch_key, bool wait)
{
	if (rtl_phy_patch_request(tp, true, wait))
		return -ETIME;

	rtl_patch_key_set(tp, key_addr, patch_key);

	return 0;
}

static int rtl_post_ram_code(struct r8152 *tp, u16 key_addr, bool wait)
{
	rtl_patch_key_set(tp, key_addr, 0);

	rtl_phy_patch_request(tp, false, wait);

	return 0;
}

static void rtl_fw_ver_erase(struct r8152 *tp)
{
	u16 outer_ver;
	u32 ocp_data;

	switch (tp->version) {
	case RTL_VER_01:
	case RTL_VER_02:
	case RTL_VER_03:
	case RTL_VER_04:
	case RTL_VER_05:
	case RTL_VER_06:
	case RTL_VER_07:
	case RTL_VER_08:
	case RTL_VER_09:
	case RTL_TEST_01:
		return;
	case RTL_VER_10:
	case RTL_VER_11:
	case RTL_VER_12:
	case RTL_VER_13:
	case RTL_VER_15:
		outer_ver = USB_OUTSIDE_FW_VER;
		break;
	default:
		outer_ver = USB_OUTER_FW_VER;
		break;
	}

	ocp_data = ocp_read_word(tp, MCU_TYPE_USB, outer_ver);
	if (ocp_data) {
		ocp_write_word(tp, MCU_TYPE_USB, outer_ver, 0);
		ocp_write_word(tp, MCU_TYPE_USB, USB_FW_PLA_VER, 0);
	}
}

static bool rtl_check_fw_ver_ok(struct r8152 *tp, u16 index, u8 new_ver)
{
	u32 ocp_data;

	if (!index)
		return true;

	ocp_data = ocp_read_byte(tp, MCU_TYPE_USB, index);
	if (new_ver > ocp_data)
		return true;
	else
		return false;
}

void r8152b_firmware(struct r8152 *tp)
{
	int i;

	if (tp->version == RTL_VER_01) {
		int i;

		r8152b_set_dq_desc(tp);
		rtl_clear_bp(tp, MCU_TYPE_PLA);

		generic_ocp_write(tp, 0xf800, 0x3f,
				  sizeof(r8152b_pla_patch_a),
				  r8152b_pla_patch_a, MCU_TYPE_PLA);

		for (i = 0; i < ARRAY_SIZE(r8152b_pla_patch_a_bp); i += 2)
			ocp_write_word(tp, MCU_TYPE_PLA,
				       r8152b_pla_patch_a_bp[i],
				       r8152b_pla_patch_a_bp[i+1]);

		ocp_write_word(tp, MCU_TYPE_PLA, PLA_OCP_GPHY_BASE, 0x2000);
		ocp_write_word(tp, MCU_TYPE_PLA, 0xb092, 0x7070);
		ocp_write_word(tp, MCU_TYPE_PLA, 0xb098, 0x0600);
		for (i = 0; i < ARRAY_SIZE(r8152b_ram_code1); i++)
			ocp_write_word(tp, MCU_TYPE_PLA, 0xb09a,
				       r8152b_ram_code1[i]);

		ocp_write_word(tp, MCU_TYPE_PLA, 0xb098, 0x0200);
		ocp_write_word(tp, MCU_TYPE_PLA, 0xb092, 0x7030);
	} else if (tp->version == RTL_VER_02) {
		rtl_clear_bp(tp, MCU_TYPE_PLA);

		generic_ocp_write(tp, 0xf800, 0xff,
				  sizeof(r8152b_pla_patch_a2),
				  r8152b_pla_patch_a2, MCU_TYPE_PLA);

		for (i = 0; i < ARRAY_SIZE(r8152b_pla_patch_a2_bp);
		     i += 2)
			ocp_write_word(tp, MCU_TYPE_PLA,
				       r8152b_pla_patch_a2_bp[i],
				       r8152b_pla_patch_a2_bp[i+1]);
	}
}

void r8153_firmware(struct r8152 *tp)
{
	int i;

	if (tp->version == RTL_VER_03) {
		r8153_pre_ram_code(tp, 0x7000);

		for (i = 0; i < ARRAY_SIZE(r8153_ram_code_a); i += 2)
			ocp_write_word(tp, MCU_TYPE_PLA,
				       r8153_ram_code_a[i],
				       r8153_ram_code_a[i+1]);

		r8153_post_ram_code(tp);
	} else if (tp->version == RTL_VER_04) {
		r8153_pre_ram_code(tp, 0x7001);

		for (i = 0; i < ARRAY_SIZE(r8153_ram_code_bc); i += 2)
			ocp_write_word(tp, MCU_TYPE_PLA,
				       r8153_ram_code_bc[i],
				       r8153_ram_code_bc[i+1]);

		r8153_post_ram_code(tp);

		r8153_wdt1_end(tp);

		rtl_clear_bp(tp, MCU_TYPE_USB);

		ocp_write_word(tp, MCU_TYPE_USB, USB_BP_EN, 0x0000);
		generic_ocp_write(tp, 0xf800, 0xff,
				  sizeof(r8153_usb_patch_b),
				  r8153_usb_patch_b, MCU_TYPE_USB);

		for (i = 0; i < ARRAY_SIZE(r8153_usb_patch_b_bp); i += 2)
			ocp_write_word(tp, MCU_TYPE_USB,
				       r8153_usb_patch_b_bp[i],
				       r8153_usb_patch_b_bp[i+1]);

		if (!(ocp_read_word(tp, MCU_TYPE_PLA, 0xd38e) & BIT(0))) {
			ocp_write_word(tp, MCU_TYPE_PLA, 0xd38c, 0x0082);
			ocp_write_word(tp, MCU_TYPE_PLA, 0xd38e, 0x0082);
		}

		rtl_clear_bp(tp, MCU_TYPE_PLA);

		ocp_write_word(tp, MCU_TYPE_PLA, PLA_BP_EN, 0x0000);
		generic_ocp_write(tp, 0xf800, 0xff,
				  sizeof(r8153_pla_patch_b),
				  r8153_pla_patch_b, MCU_TYPE_PLA);

		for (i = 0; i < ARRAY_SIZE(r8153_pla_patch_b_bp); i += 2)
			ocp_write_word(tp, MCU_TYPE_PLA,
				       r8153_pla_patch_b_bp[i],
				       r8153_pla_patch_b_bp[i+1]);

		ocp_write_word(tp, MCU_TYPE_PLA, 0xd388, 0x08ca);
	} else if (tp->version == RTL_VER_05) {
		u32 ocp_data;

		ocp_data = ocp_read_word(tp, MCU_TYPE_USB, 0xcfca);
		ocp_data &= ~0x4000;
		ocp_write_word(tp, MCU_TYPE_USB, 0xcfca, ocp_data);

		r8153_pre_ram_code(tp, 0x7001);

		for (i = 0; i < ARRAY_SIZE(r8153_ram_code_bc); i += 2)
			ocp_write_word(tp, MCU_TYPE_PLA,
				       r8153_ram_code_bc[i],
				       r8153_ram_code_bc[i+1]);

		r8153_post_ram_code(tp);

		r8153_wdt1_end(tp);

		rtl_clear_bp(tp, MCU_TYPE_USB);

		ocp_write_word(tp, MCU_TYPE_USB, USB_BP_EN, 0x0000);
		generic_ocp_write(tp, 0xf800, 0xff,
				  sizeof(r8153_usb_patch_c),
				  r8153_usb_patch_c, MCU_TYPE_USB);

		for (i = 0; i < ARRAY_SIZE(r8153_usb_patch_c_bp); i += 2)
			ocp_write_word(tp, MCU_TYPE_USB,
				       r8153_usb_patch_c_bp[i],
				       r8153_usb_patch_c_bp[i+1]);

		if (ocp_read_byte(tp, MCU_TYPE_USB, 0xcfef) & 1) {
			ocp_write_word(tp, MCU_TYPE_USB, 0xfc30, 0x1578);
			ocp_write_word(tp, MCU_TYPE_USB, USB_BP_EN, 0x00ff);
		} else {
			ocp_write_word(tp, MCU_TYPE_USB, USB_BP_EN, 0x00ef);
		}

		rtl_clear_bp(tp, MCU_TYPE_PLA);

		ocp_write_word(tp, MCU_TYPE_PLA, PLA_BP_EN, 0x0000);
		generic_ocp_write(tp, 0xf800, 0xff,
				  sizeof(r8153_pla_patch_c),
				  r8153_pla_patch_c, MCU_TYPE_PLA);

		for (i = 0; i < ARRAY_SIZE(r8153_pla_patch_c_bp); i += 2)
			ocp_write_word(tp, MCU_TYPE_PLA,
				       r8153_pla_patch_c_bp[i],
				       r8153_pla_patch_c_bp[i+1]);

		ocp_write_word(tp, MCU_TYPE_PLA, 0xd388, 0x08ca);

		ocp_write_word(tp, MCU_TYPE_PLA, PLA_EXTRA_STATUS,
			       U3P3_CHECK_EN | 4);

		ocp_data = ocp_read_word(tp, MCU_TYPE_USB, 0xcfca);
		ocp_data |= 0x4000;
		ocp_write_word(tp, MCU_TYPE_USB, 0xcfca, ocp_data);

		ocp_data = ocp_read_byte(tp, MCU_TYPE_USB, USB_USB2PHY);
		ocp_data |= USB2PHY_L1 | USB2PHY_SUSPEND;
		ocp_write_byte(tp, MCU_TYPE_USB, USB_USB2PHY, ocp_data);
	} else if (tp->version == RTL_VER_06) {
		u32 ocp_data;

		r8153_pre_ram_code(tp, 0x7002);

		for (i = 0; i < ARRAY_SIZE(r8153_ram_code_d); i += 2)
			ocp_write_word(tp, MCU_TYPE_PLA,
				       r8153_ram_code_d[i],
				       r8153_ram_code_d[i+1]);

		r8153_post_ram_code(tp);

		rtl_clear_bp(tp, MCU_TYPE_USB);

		ocp_write_word(tp, MCU_TYPE_USB, USB_BP_EN, 0x0000);
		generic_ocp_write(tp, 0xf800, 0xff, sizeof(usb_patch_d),
				  usb_patch_d, MCU_TYPE_USB);

		for (i = 0; i < ARRAY_SIZE(r8153_usb_patch_d_bp); i += 2)
			ocp_write_word(tp, MCU_TYPE_USB,
				       r8153_usb_patch_d_bp[i],
				       r8153_usb_patch_d_bp[i+1]);

		rtl_clear_bp(tp, MCU_TYPE_PLA);

		ocp_write_word(tp, MCU_TYPE_PLA, PLA_BP_EN, 0x0000);
		generic_ocp_write(tp, 0xf800, 0xff, sizeof(pla_patch_d),
				  pla_patch_d, MCU_TYPE_PLA);

		for (i = 0; i < ARRAY_SIZE(r8153_pla_patch_d_bp); i += 2)
			ocp_write_word(tp, MCU_TYPE_PLA,
				       r8153_pla_patch_d_bp[i],
				       r8153_pla_patch_d_bp[i + 1]);

		ocp_data = ocp_read_byte(tp, MCU_TYPE_USB, USB_USB2PHY);
		ocp_data |= USB2PHY_L1 | USB2PHY_SUSPEND;
		ocp_write_byte(tp, MCU_TYPE_USB, USB_USB2PHY, ocp_data);

		ocp_data = ocp_read_word(tp, MCU_TYPE_USB, USB_FW_FIX_EN1);
		ocp_data |= FW_IP_RESET_EN;
		ocp_write_word(tp, MCU_TYPE_USB, USB_FW_FIX_EN1, ocp_data);
	}
}

void r8153b_firmware(struct r8152 *tp)
{
	u32 ocp_data;
	int i;

	if (tp->version != RTL_VER_09)
		return;

	rtl_clear_bp(tp, MCU_TYPE_USB);

	ocp_write_word(tp, MCU_TYPE_USB, USB_BP_EN, 0x0000);
	generic_ocp_write(tp, 0xe600, 0xff, sizeof(usb_patch2_b),
			  usb_patch2_b, MCU_TYPE_USB);

	for (i = 0; i < ARRAY_SIZE(r8153b_usb_patch_b_bp); i += 2)
		ocp_write_word(tp, MCU_TYPE_USB,
			       r8153b_usb_patch_b_bp[i],
			       r8153b_usb_patch_b_bp[i + 1]);

	rtl_clear_bp(tp, MCU_TYPE_PLA);

	ocp_write_word(tp, MCU_TYPE_PLA, PLA_BP_EN, 0x0000);
	generic_ocp_write(tp, 0xf800, 0xff, sizeof(pla_patch2_b),
			  pla_patch2_b, MCU_TYPE_PLA);

	for (i = 0; i < ARRAY_SIZE(r8153b_pla_patch_b_bp); i += 2)
		ocp_write_word(tp, MCU_TYPE_PLA,
			       r8153b_pla_patch_b_bp[i],
			       r8153b_pla_patch_b_bp[i + 1]);

	ocp_data = ocp_read_byte(tp, MCU_TYPE_USB, USB_USB2PHY);
	ocp_data |= USB2PHY_L1 | USB2PHY_SUSPEND;
	ocp_write_byte(tp, MCU_TYPE_USB, USB_USB2PHY, ocp_data);

	ocp_data = ocp_read_word(tp, MCU_TYPE_USB, USB_FW_FIX_EN1);
	ocp_data |= FW_IP_RESET_EN;
	ocp_write_word(tp, MCU_TYPE_USB, USB_FW_FIX_EN1, ocp_data);
}

void r8153c_firmware(struct r8152 *tp)
{
	if (tp->version == RTL_VER_14) {
		static u8 usb_patch3_a[] = {
			0x10, 0xe0, 0x79, 0xe0,
			0x97, 0xe0, 0x99, 0xe0,
			0xa0, 0xe0, 0xa2, 0xe0,
			0xc3, 0xe0, 0xe9, 0xe0,
			0xeb, 0xe0, 0xed, 0xe0,
			0xef, 0xe0, 0xf1, 0xe0,
			0xf3, 0xe0, 0xf5, 0xe0,
			0xf7, 0xe0, 0xf9, 0xe0,
			0x01, 0xb4, 0x03, 0xb4,
			0x04, 0xb4, 0x05, 0xb4,
			0x07, 0xb4, 0x64, 0xc6,
			0xc0, 0x60, 0x82, 0x48,
			0xc0, 0x88, 0x5f, 0xc7,
			0x58, 0xc6, 0xe4, 0x9e,
			0x0f, 0x1e, 0xe6, 0x8e,
			0xe6, 0x76, 0xef, 0x49,
			0xfe, 0xf1, 0xe2, 0x73,
			0xe0, 0x74, 0xb8, 0x22,
			0xd8, 0x26, 0xb8, 0x25,
			0x48, 0x23, 0x68, 0x27,
			0x48, 0x26, 0x04, 0xb4,
			0x05, 0xb4, 0x06, 0xb4,
			0x47, 0xc6, 0xe2, 0x23,
			0xfe, 0x39, 0x00, 0x1c,
			0x00, 0x1d, 0x00, 0x13,
			0x0c, 0xf0, 0xb0, 0x49,
			0x04, 0xf1, 0x01, 0x05,
			0xb1, 0x25, 0xfa, 0xe7,
			0xb8, 0x33, 0x35, 0x43,
			0x26, 0x31, 0x01, 0x05,
			0xb1, 0x25, 0xf4, 0xe7,
			0x06, 0xb0, 0x05, 0xb0,
			0xae, 0x41, 0x25, 0x31,
			0x32, 0xc5, 0x6c, 0x41,
			0x04, 0xb0, 0x05, 0xb4,
			0x32, 0xc7, 0x2b, 0xc6,
			0x04, 0x06, 0xe4, 0x9e,
			0x0f, 0x1e, 0xe6, 0x8e,
			0xe6, 0x76, 0xef, 0x49,
			0xfe, 0xf1, 0xe0, 0x76,
			0xe8, 0x25, 0xe8, 0x23,
			0xf8, 0x27, 0x20, 0xc5,
			0x6f, 0x41, 0xb3, 0x20,
			0x4b, 0x30, 0x4c, 0x41,
			0x4d, 0x30, 0x1b, 0xc6,
			0x4e, 0x41, 0x91, 0x21,
			0xd9, 0x30, 0x05, 0xb0,
			0x52, 0x22, 0xa3, 0x31,
			0x13, 0xc7, 0xb7, 0x31,
			0x13, 0xc7, 0x77, 0x41,
			0x12, 0xc3, 0xde, 0x30,
			0x60, 0x65, 0x10, 0xc7,
			0xe0, 0x8d, 0xe2, 0x9e,
			0x07, 0xb0, 0x05, 0xb0,
			0x04, 0xb0, 0x03, 0xb0,
			0x01, 0xb0, 0x02, 0xc0,
			0x00, 0xb8, 0xd6, 0x20,
			0x00, 0xc0, 0x41, 0x00,
			0xff, 0x00, 0x7f, 0x00,
			0x00, 0xe6, 0x7a, 0xd3,
			0x08, 0xdc, 0xe8, 0xd4,
			0x04, 0xb4, 0x05, 0xb4,
			0x06, 0xb4, 0x1b, 0xc0,
			0x00, 0x75, 0xd8, 0x49,
			0x0d, 0xf0, 0x14, 0xc0,
			0x14, 0xc5, 0x00, 0x1e,
			0x08, 0x9e, 0x0c, 0x9d,
			0x11, 0xc6, 0x0a, 0x9e,
			0x8f, 0x1c, 0x0e, 0x8c,
			0x0e, 0x74, 0xcf, 0x49,
			0xfe, 0xf1, 0x07, 0xc1,
			0x06, 0xb0, 0x05, 0xb0,
			0x04, 0xb0, 0x02, 0xc0,
			0x00, 0xb8, 0xdc, 0x5c,
			0xe0, 0xcb, 0x00, 0xdc,
			0x24, 0xe4, 0x80, 0x02,
			0x34, 0xd3, 0x02, 0xc2,
			0x00, 0xba, 0x42, 0x08,
			0x40, 0x60, 0x80, 0x48,
			0x81, 0x48, 0x82, 0x48,
			0x40, 0x88, 0x02, 0xc2,
			0x00, 0xba, 0xf0, 0x1b,
			0x02, 0xc0, 0x00, 0xb8,
			0x20, 0x24, 0x1c, 0xc6,
			0xc0, 0x61, 0x04, 0x11,
			0x15, 0xf1, 0x19, 0xc6,
			0xc0, 0x61, 0x9c, 0x20,
			0x9c, 0x24, 0x09, 0x11,
			0x0f, 0xf1, 0x14, 0xc6,
			0x01, 0x19, 0xc0, 0x89,
			0x13, 0xc1, 0x13, 0xc6,
			0x24, 0x9e, 0x00, 0x1e,
			0x26, 0x8e, 0x26, 0x76,
			0xef, 0x49, 0xfe, 0xf1,
			0x22, 0x76, 0x08, 0xc1,
			0x22, 0x9e, 0x07, 0xc6,
			0x02, 0xc1, 0x00, 0xb9,
			0x64, 0x09, 0x18, 0xb4,
			0x4a, 0xb4, 0xe0, 0xcc,
			0x80, 0xd4, 0x08, 0xdc,
			0x10, 0xe8, 0xfc, 0xc6,
			0xc0, 0x67, 0xf0, 0x49,
			0x1d, 0xf0, 0xf0, 0x48,
			0xc0, 0x8f, 0xc2, 0x77,
			0xf7, 0xc1, 0xf7, 0xc6,
			0x24, 0x9e, 0x22, 0x9f,
			0x8c, 0x1e, 0x26, 0x8e,
			0x26, 0x76, 0xef, 0x49,
			0xfe, 0xf1, 0xfb, 0x49,
			0x05, 0xf0, 0x11, 0xc6,
			0xc0, 0x61, 0x10, 0x48,
			0xc0, 0x89, 0x0e, 0xc6,
			0xc0, 0x71, 0x18, 0x48,
			0xc0, 0x99, 0x0b, 0xc1,
			0xcc, 0x99, 0x0a, 0xc6,
			0xc0, 0x61, 0x11, 0x48,
			0xc0, 0x89, 0x02, 0xc6,
			0x00, 0xbe, 0x46, 0x50,
			0x6c, 0xb4, 0x34, 0xd3,
			0x4b, 0x80, 0xe8, 0xd4,
			0x02, 0xc0, 0x00, 0xb8,
			0x3a, 0x4e, 0x02, 0xc0,
			0x00, 0xb8, 0x00, 0x00,
			0x02, 0xc0, 0x00, 0xb8,
			0x00, 0x00, 0x02, 0xc0,
			0x00, 0xb8, 0x00, 0x00,
			0x02, 0xc0, 0x00, 0xb8,
			0x00, 0x00, 0x02, 0xc0,
			0x00, 0xb8, 0x00, 0x00,
			0x02, 0xc0, 0x00, 0xb8,
			0x00, 0x00, 0x02, 0xc0,
			0x00, 0xb8, 0x00, 0x00,
			0x02, 0xc0, 0x00, 0xb8,
			0x00, 0x00, 0x00, 0x00 };
		static u8 pla_patch3_a[] = {
			0x10, 0xe0, 0x12, 0xe0,
			0x15, 0xe0, 0x1a, 0xe0,
			0x25, 0xe0, 0x31, 0xe0,
			0x33, 0xe0, 0x35, 0xe0,
			0x37, 0xe0, 0x39, 0xe0,
			0x3b, 0xe0, 0x3d, 0xe0,
			0x3f, 0xe0, 0x41, 0xe0,
			0x43, 0xe0, 0x45, 0xe0,
			0x02, 0xc6, 0x00, 0xbe,
			0xec, 0x2c, 0x94, 0x49,
			0x02, 0xc6, 0x00, 0xbe,
			0xae, 0x2b, 0x05, 0xc0,
			0x00, 0x72, 0x02, 0xc6,
			0x00, 0xbe, 0xd6, 0x2b,
			0x20, 0xe8, 0x08, 0xc3,
			0x60, 0x65, 0xd0, 0x49,
			0x06, 0xf1, 0xe0, 0x75,
			0x02, 0xc3, 0x00, 0xbb,
			0x3e, 0x08, 0xb4, 0xd3,
			0x02, 0xc3, 0x00, 0xbb,
			0x5e, 0x08, 0x6c, 0x74,
			0xc4, 0x75, 0xe5, 0x41,
			0xc2, 0x49, 0x05, 0xf0,
			0x07, 0xc6, 0x01, 0x1c,
			0xc0, 0x8c, 0xc1, 0x8c,
			0x02, 0xc4, 0x00, 0xbc,
			0x16, 0x02, 0x99, 0xd3,
			0x02, 0xc0, 0x00, 0xb8,
			0x3a, 0x4e, 0x02, 0xc0,
			0x00, 0xb8, 0x3a, 0x4e,
			0x02, 0xc0, 0x00, 0xb8,
			0x3a, 0x4e, 0x02, 0xc0,
			0x00, 0xb8, 0x00, 0x00,
			0x02, 0xc0, 0x00, 0xb8,
			0x00, 0x00, 0x02, 0xc0,
			0x00, 0xb8, 0x00, 0x00,
			0x02, 0xc0, 0x00, 0xb8,
			0x00, 0x00, 0x02, 0xc0,
			0x00, 0xb8, 0x00, 0x00,
			0x02, 0xc0, 0x00, 0xb8,
			0x00, 0x00, 0x02, 0xc0,
			0x00, 0xb8, 0x00, 0x00,
			0x02, 0xc0, 0x00, 0xb8,
			0x00, 0x00, 0x00, 0x00 };
		u8 new_ver;

		rtl_fw_ver_erase(tp);

		new_ver = 2;
		if (rtl_check_fw_ver_ok(tp, USB_FW_PLA_VER, new_ver)) {
			rtl_clear_bp(tp, MCU_TYPE_PLA);

			generic_ocp_write(tp, 0xf800, 0xff,
					  sizeof(pla_patch3_a), pla_patch3_a,
					  MCU_TYPE_PLA);

			ocp_write_word(tp, MCU_TYPE_PLA, PLA_BP_BA, 0x8000);
			ocp_write_word(tp, MCU_TYPE_PLA, PLA_BP_0, 0x2be6);
			ocp_write_word(tp, MCU_TYPE_PLA, PLA_BP_1, 0x2bac);
			ocp_write_word(tp, MCU_TYPE_PLA, PLA_BP_2, 0x2bd4);
			ocp_write_word(tp, MCU_TYPE_PLA, PLA_BP_3, 0x083c);
			ocp_write_word(tp, MCU_TYPE_PLA, PLA_BP_4, 0x0214);
			ocp_write_word(tp, MCU_TYPE_PLA, PLA_BP_5, 0x0000);
			ocp_write_word(tp, MCU_TYPE_PLA, PLA_BP_6, 0x0000);
			ocp_write_word(tp, MCU_TYPE_PLA, PLA_BP_7, 0x0000);
			ocp_write_word(tp, MCU_TYPE_PLA, PLA_BP_8, 0x0000);
			ocp_write_word(tp, MCU_TYPE_PLA, PLA_BP_9, 0x0000);
			ocp_write_word(tp, MCU_TYPE_PLA, PLA_BP_10, 0x0000);
			ocp_write_word(tp, MCU_TYPE_PLA, PLA_BP_11, 0x0000);
			ocp_write_word(tp, MCU_TYPE_PLA, PLA_BP_12, 0x0000);
			ocp_write_word(tp, MCU_TYPE_PLA, PLA_BP_13, 0x0000);
			ocp_write_word(tp, MCU_TYPE_PLA, PLA_BP_14, 0x0000);
			ocp_write_word(tp, MCU_TYPE_PLA, PLA_BP_15, 0x0000);
			ocp_write_word(tp, MCU_TYPE_PLA, PLA_BP2_EN, 0x001f);

			ocp_write_byte(tp, MCU_TYPE_USB, USB_FW_PLA_VER,
				       new_ver);
		}

		new_ver = 5;
		if (rtl_check_fw_ver_ok(tp, USB_FW_USB_VER, new_ver)) {
			rtl_clear_bp(tp, MCU_TYPE_USB);

			/* enable fc timer and set timer to 1 second. */
			ocp_write_word(tp, MCU_TYPE_USB, USB_FC_TIMER,
				       CTRL_TIMER_EN | (1000 / 8));

			generic_ocp_write(tp, 0xe600, 0xff,
					  sizeof(usb_patch3_a), usb_patch3_a,
					  MCU_TYPE_USB);

			ocp_write_word(tp, MCU_TYPE_USB, USB_BP_BA, 0xa000);
			ocp_write_word(tp, MCU_TYPE_USB, USB_BP_0, 0x20ce);
			ocp_write_word(tp, MCU_TYPE_USB, USB_BP_1, 0x5cda);
			ocp_write_word(tp, MCU_TYPE_USB, USB_BP_2, 0x0834);
			ocp_write_word(tp, MCU_TYPE_USB, USB_BP_3, 0x1bec);
			ocp_write_word(tp, MCU_TYPE_USB, USB_BP_4, 0x241e);
			ocp_write_word(tp, MCU_TYPE_USB, USB_BP_5, 0x0962);
			ocp_write_word(tp, MCU_TYPE_USB, USB_BP_6, 0x4f54);
			ocp_write_word(tp, MCU_TYPE_USB, USB_BP_7, 0x0000);
			ocp_write_word(tp, MCU_TYPE_USB, USB_BP_8, 0x0000);
			ocp_write_word(tp, MCU_TYPE_USB, USB_BP_9, 0x0000);
			ocp_write_word(tp, MCU_TYPE_USB, USB_BP_10, 0x0000);
			ocp_write_word(tp, MCU_TYPE_USB, USB_BP_11, 0x0000);
			ocp_write_word(tp, MCU_TYPE_USB, USB_BP_12, 0x0000);
			ocp_write_word(tp, MCU_TYPE_USB, USB_BP_13, 0x0000);
			ocp_write_word(tp, MCU_TYPE_USB, USB_BP_14, 0x0000);
			ocp_write_word(tp, MCU_TYPE_USB, USB_BP_15, 0x0000);
			ocp_write_word(tp, MCU_TYPE_USB, USB_BP2_EN, 0x007f);

			ocp_write_byte(tp, MCU_TYPE_USB, USB_FW_USB_VER,
				       new_ver);
		}

		ocp_word_set_bits(tp, MCU_TYPE_USB, USB_FW_CTRL,
				  FLOW_CTRL_PATCH_2);

		ocp_word_set_bits(tp, MCU_TYPE_USB, USB_FW_TASK, FC_PATCH_TASK);
	}

	rtl_reset_ocp_base(tp);
}

static int rtl_ram_code_speed_up(struct r8152 *tp, bool wait)
{
	u16 fw_version, code_ver;
	u32 len = 0, ocp_data;
	u8 *data = NULL;
	int ret = 0;

	rtl_reset_ocp_base(tp);

	if (tp->version == RTL_VER_13 || tp->version == RTL_VER_15) {
		static u8 ram13[] = {
			0x6c, 0xe8, 0x00, 0xa0,
			0x36, 0xb4, 0x24, 0x80,
			0x38, 0xb4, 0x01, 0x37,
			0x36, 0xb4, 0x2e, 0xb8,
			0x38, 0xb4, 0x01, 0x00,
			0x6c, 0xe8, 0x00, 0xb0,
			0x20, 0xb8, 0x90, 0x00,
			0x6c, 0xe8, 0x00, 0xa0,
			0x36, 0xb4, 0x16, 0xa0,
			0x38, 0xb4, 0x00, 0x00,
			0x36, 0xb4, 0x12, 0xa0,
			0x38, 0xb4, 0x00, 0x00,
			0x36, 0xb4, 0x14, 0xa0,
			0x38, 0xb4, 0x00, 0x18,
			0x38, 0xb4, 0x10, 0x80,
			0x38, 0xb4, 0x00, 0x18,
			0x38, 0xb4, 0x1a, 0x80,
			0x38, 0xb4, 0x00, 0x18,
			0x38, 0xb4, 0x3f, 0x80,
			0x38, 0xb4, 0x00, 0x18,
			0x38, 0xb4, 0x45, 0x80,
			0x38, 0xb4, 0x00, 0x18,
			0x38, 0xb4, 0x67, 0x80,
			0x38, 0xb4, 0x00, 0x18,
			0x38, 0xb4, 0x6d, 0x80,
			0x38, 0xb4, 0x00, 0x18,
			0x38, 0xb4, 0x71, 0x80,
			0x38, 0xb4, 0x00, 0x18,
			0x38, 0xb4, 0xb1, 0x80,
			0x38, 0xb4, 0x93, 0xd0,
			0x38, 0xb4, 0xc4, 0xd1,
			0x38, 0xb4, 0x00, 0x10,
			0x38, 0xb4, 0x5c, 0x13,
			0x38, 0xb4, 0x04, 0xd7,
			0x38, 0xb4, 0xbc, 0x5f,
			0x38, 0xb4, 0x04, 0xd5,
			0x38, 0xb4, 0xf1, 0xc9,
			0x38, 0xb4, 0x00, 0x18,
			0x38, 0xb4, 0xc9, 0x0f,
			0x38, 0xb4, 0x50, 0xbb,
			0x38, 0xb4, 0x05, 0xd5,
			0x38, 0xb4, 0x02, 0xa2,
			0x38, 0xb4, 0x04, 0xd5,
			0x38, 0xb4, 0x0f, 0x8c,
			0x38, 0xb4, 0x00, 0xd5,
			0x38, 0xb4, 0x00, 0x10,
			0x38, 0xb4, 0x19, 0x15,
			0x38, 0xb4, 0x00, 0x10,
			0x38, 0xb4, 0x5c, 0x13,
			0x38, 0xb4, 0x5e, 0xd7,
			0x38, 0xb4, 0xae, 0x5f,
			0x38, 0xb4, 0x50, 0x9b,
			0x38, 0xb4, 0x00, 0x10,
			0x38, 0xb4, 0x5c, 0x13,
			0x38, 0xb4, 0x5e, 0xd7,
			0x38, 0xb4, 0xae, 0x7f,
			0x38, 0xb4, 0x00, 0x10,
			0x38, 0xb4, 0x5c, 0x13,
			0x38, 0xb4, 0x07, 0xd7,
			0x38, 0xb4, 0xa7, 0x40,
			0x38, 0xb4, 0x19, 0xd7,
			0x38, 0xb4, 0x71, 0x40,
			0x38, 0xb4, 0x00, 0x18,
			0x38, 0xb4, 0x57, 0x15,
			0x38, 0xb4, 0x19, 0xd7,
			0x38, 0xb4, 0x70, 0x2f,
			0x38, 0xb4, 0x3b, 0x80,
			0x38, 0xb4, 0x73, 0x2f,
			0x38, 0xb4, 0x6a, 0x15,
			0x38, 0xb4, 0x70, 0x5e,
			0x38, 0xb4, 0x00, 0x18,
			0x38, 0xb4, 0x5d, 0x15,
			0x38, 0xb4, 0x05, 0xd5,
			0x38, 0xb4, 0x02, 0xa2,
			0x38, 0xb4, 0x00, 0xd5,
			0x38, 0xb4, 0xed, 0xff,
			0x38, 0xb4, 0x09, 0xd7,
			0x38, 0xb4, 0x54, 0x40,
			0x38, 0xb4, 0x88, 0xa7,
			0x38, 0xb4, 0x0b, 0xd7,
			0x38, 0xb4, 0x00, 0x18,
			0x38, 0xb4, 0x2a, 0x17,
			0x38, 0xb4, 0xc1, 0xc0,
			0x38, 0xb4, 0xc0, 0xc0,
			0x38, 0xb4, 0x5a, 0xd0,
			0x38, 0xb4, 0xba, 0xd1,
			0x38, 0xb4, 0x01, 0xd7,
			0x38, 0xb4, 0x29, 0x25,
			0x38, 0xb4, 0x2a, 0x02,
			0x38, 0xb4, 0xa7, 0xd0,
			0x38, 0xb4, 0xb9, 0xd1,
			0x38, 0xb4, 0x08, 0xa2,
			0x38, 0xb4, 0x00, 0x10,
			0x38, 0xb4, 0x0e, 0x08,
			0x38, 0xb4, 0x01, 0xd7,
			0x38, 0xb4, 0x8b, 0x40,
			0x38, 0xb4, 0x00, 0x10,
			0x38, 0xb4, 0x65, 0x0a,
			0x38, 0xb4, 0x03, 0xf0,
			0x38, 0xb4, 0x00, 0x10,
			0x38, 0xb4, 0x6b, 0x0a,
			0x38, 0xb4, 0x01, 0xd7,
			0x38, 0xb4, 0x00, 0x10,
			0x38, 0xb4, 0x20, 0x09,
			0x38, 0xb4, 0x00, 0x10,
			0x38, 0xb4, 0x15, 0x09,
			0x38, 0xb4, 0x00, 0x10,
			0x38, 0xb4, 0x09, 0x09,
			0x38, 0xb4, 0x8f, 0x22,
			0x38, 0xb4, 0x4e, 0x80,
			0x38, 0xb4, 0x01, 0x98,
			0x38, 0xb4, 0x1e, 0xd7,
			0x38, 0xb4, 0x61, 0x5d,
			0x38, 0xb4, 0x01, 0xd7,
			0x38, 0xb4, 0x00, 0x18,
			0x38, 0xb4, 0x2a, 0x02,
			0x38, 0xb4, 0x05, 0x20,
			0x38, 0xb4, 0x1a, 0x09,
			0x38, 0xb4, 0xd9, 0x3b,
			0x38, 0xb4, 0x19, 0x09,
			0x38, 0xb4, 0x00, 0x18,
			0x38, 0xb4, 0x16, 0x09,
			0x38, 0xb4, 0x90, 0xd0,
			0x38, 0xb4, 0xc9, 0xd1,
			0x38, 0xb4, 0x00, 0x18,
			0x38, 0xb4, 0x64, 0x10,
			0x38, 0xb4, 0x96, 0xd0,
			0x38, 0xb4, 0xa9, 0xd1,
			0x38, 0xb4, 0x03, 0xd5,
			0x38, 0xb4, 0x04, 0xa1,
			0x38, 0xb4, 0x07, 0x0c,
			0x38, 0xb4, 0x02, 0x09,
			0x38, 0xb4, 0x00, 0xd5,
			0x38, 0xb4, 0x10, 0xbc,
			0x38, 0xb4, 0x01, 0xd5,
			0x38, 0xb4, 0x01, 0xce,
			0x38, 0xb4, 0x01, 0xa2,
			0x38, 0xb4, 0x01, 0x82,
			0x38, 0xb4, 0x00, 0xce,
			0x38, 0xb4, 0x00, 0xd5,
			0x38, 0xb4, 0x84, 0xc4,
			0x38, 0xb4, 0x03, 0xd5,
			0x38, 0xb4, 0x02, 0xcc,
			0x38, 0xb4, 0x0d, 0xcd,
			0x38, 0xb4, 0x01, 0xaf,
			0x38, 0xb4, 0x00, 0xd5,
			0x38, 0xb4, 0x03, 0xd7,
			0x38, 0xb4, 0x71, 0x43,
			0x38, 0xb4, 0x08, 0xbd,
			0x38, 0xb4, 0x00, 0x10,
			0x38, 0xb4, 0x5c, 0x13,
			0x38, 0xb4, 0x5e, 0xd7,
			0x38, 0xb4, 0xb3, 0x5f,
			0x38, 0xb4, 0x03, 0xd5,
			0x38, 0xb4, 0xf5, 0xd0,
			0x38, 0xb4, 0xc6, 0xd1,
			0x38, 0xb4, 0xf0, 0x0c,
			0x38, 0xb4, 0x50, 0x0e,
			0x38, 0xb4, 0x04, 0xd7,
			0x38, 0xb4, 0x1c, 0x40,
			0x38, 0xb4, 0xf5, 0xd0,
			0x38, 0xb4, 0xc6, 0xd1,
			0x38, 0xb4, 0xf0, 0x0c,
			0x38, 0xb4, 0xa0, 0x0e,
			0x38, 0xb4, 0x1c, 0x40,
			0x38, 0xb4, 0x7b, 0xd0,
			0x38, 0xb4, 0xc5, 0xd1,
			0x38, 0xb4, 0xf0, 0x8e,
			0x38, 0xb4, 0x1c, 0x40,
			0x38, 0xb4, 0x08, 0x9d,
			0x38, 0xb4, 0x00, 0x10,
			0x38, 0xb4, 0x5c, 0x13,
			0x38, 0xb4, 0x5e, 0xd7,
			0x38, 0xb4, 0xb3, 0x7f,
			0x38, 0xb4, 0x00, 0x10,
			0x38, 0xb4, 0x5c, 0x13,
			0x38, 0xb4, 0x5e, 0xd7,
			0x38, 0xb4, 0xad, 0x5f,
			0x38, 0xb4, 0x00, 0x10,
			0x38, 0xb4, 0xc5, 0x14,
			0x38, 0xb4, 0x03, 0xd7,
			0x38, 0xb4, 0x81, 0x31,
			0x38, 0xb4, 0xaf, 0x80,
			0x38, 0xb4, 0xad, 0x60,
			0x38, 0xb4, 0x00, 0x10,
			0x38, 0xb4, 0x5c, 0x13,
			0x38, 0xb4, 0x03, 0xd7,
			0x38, 0xb4, 0xba, 0x5f,
			0x38, 0xb4, 0x00, 0x18,
			0x38, 0xb4, 0xc7, 0x0c,
			0x38, 0xb4, 0x02, 0xa8,
			0x38, 0xb4, 0x01, 0xa3,
			0x38, 0xb4, 0x01, 0xa8,
			0x38, 0xb4, 0x04, 0xc0,
			0x38, 0xb4, 0x10, 0xd7,
			0x38, 0xb4, 0x00, 0x40,
			0x38, 0xb4, 0x00, 0x18,
			0x38, 0xb4, 0x79, 0x1e,
			0x36, 0xb4, 0x26, 0xa0,
			0x38, 0xb4, 0x78, 0x1e,
			0x36, 0xb4, 0x24, 0xa0,
			0x38, 0xb4, 0x93, 0x0c,
			0x36, 0xb4, 0x22, 0xa0,
			0x38, 0xb4, 0x62, 0x10,
			0x36, 0xb4, 0x20, 0xa0,
			0x38, 0xb4, 0x15, 0x09,
			0x36, 0xb4, 0x06, 0xa0,
			0x38, 0xb4, 0x0a, 0x02,
			0x36, 0xb4, 0x04, 0xa0,
			0x38, 0xb4, 0x26, 0x17,
			0x36, 0xb4, 0x02, 0xa0,
			0x38, 0xb4, 0x42, 0x15,
			0x36, 0xb4, 0x00, 0xa0,
			0x38, 0xb4, 0xc7, 0x0f,
			0x36, 0xb4, 0x08, 0xa0,
			0x38, 0xb4, 0x00, 0xff,
			0x6c, 0xe8, 0x00, 0xa0,
			0x36, 0xb4, 0x16, 0xa0,
			0x38, 0xb4, 0x10, 0x00,
			0x36, 0xb4, 0x12, 0xa0,
			0x38, 0xb4, 0x00, 0x00,
			0x36, 0xb4, 0x14, 0xa0,
			0x38, 0xb4, 0x00, 0x18,
			0x38, 0xb4, 0x10, 0x80,
			0x38, 0xb4, 0x00, 0x18,
			0x38, 0xb4, 0x1d, 0x80,
			0x38, 0xb4, 0x00, 0x18,
			0x38, 0xb4, 0x2c, 0x80,
			0x38, 0xb4, 0x00, 0x18,
			0x38, 0xb4, 0x2c, 0x80,
			0x38, 0xb4, 0x00, 0x18,
			0x38, 0xb4, 0x2c, 0x80,
			0x38, 0xb4, 0x00, 0x18,
			0x38, 0xb4, 0x2c, 0x80,
			0x38, 0xb4, 0x00, 0x18,
			0x38, 0xb4, 0x2c, 0x80,
			0x38, 0xb4, 0x00, 0x18,
			0x38, 0xb4, 0x2c, 0x80,
			0x38, 0xb4, 0x00, 0xd7,
			0x38, 0xb4, 0x90, 0x60,
			0x38, 0xb4, 0xd1, 0x60,
			0x38, 0xb4, 0x5c, 0xc9,
			0x38, 0xb4, 0x07, 0xf0,
			0x38, 0xb4, 0xb1, 0x60,
			0x38, 0xb4, 0x5a, 0xc9,
			0x38, 0xb4, 0x04, 0xf0,
			0x38, 0xb4, 0x56, 0xc9,
			0x38, 0xb4, 0x02, 0xf0,
			0x38, 0xb4, 0x4e, 0xc9,
			0x38, 0xb4, 0x00, 0x18,
			0x38, 0xb4, 0xcd, 0x00,
			0x38, 0xb4, 0x00, 0xd7,
			0x38, 0xb4, 0x90, 0x60,
			0x38, 0xb4, 0xd1, 0x60,
			0x38, 0xb4, 0x5c, 0xc9,
			0x38, 0xb4, 0x07, 0xf0,
			0x38, 0xb4, 0xb1, 0x60,
			0x38, 0xb4, 0x5a, 0xc9,
			0x38, 0xb4, 0x04, 0xf0,
			0x38, 0xb4, 0x56, 0xc9,
			0x38, 0xb4, 0x02, 0xf0,
			0x38, 0xb4, 0x4e, 0xc9,
			0x38, 0xb4, 0x00, 0x10,
			0x38, 0xb4, 0x2a, 0x02,
			0x38, 0xb4, 0x00, 0x18,
			0x38, 0xb4, 0x32, 0x01,
			0x36, 0xb4, 0x8e, 0xa0,
			0x38, 0xb4, 0xff, 0xff,
			0x36, 0xb4, 0x8c, 0xa0,
			0x38, 0xb4, 0xff, 0xff,
			0x36, 0xb4, 0x8a, 0xa0,
			0x38, 0xb4, 0xff, 0xff,
			0x36, 0xb4, 0x88, 0xa0,
			0x38, 0xb4, 0xff, 0xff,
			0x36, 0xb4, 0x86, 0xa0,
			0x38, 0xb4, 0xff, 0xff,
			0x36, 0xb4, 0x84, 0xa0,
			0x38, 0xb4, 0xff, 0xff,
			0x36, 0xb4, 0x82, 0xa0,
			0x38, 0xb4, 0x2f, 0x01,
			0x36, 0xb4, 0x80, 0xa0,
			0x38, 0xb4, 0xcc, 0x00,
			0x36, 0xb4, 0x90, 0xa0,
			0x38, 0xb4, 0x03, 0x01,
			0x6c, 0xe8, 0x00, 0xa0,
			0x36, 0xb4, 0x16, 0xa0,
			0x38, 0xb4, 0x20, 0x00,
			0x36, 0xb4, 0x12, 0xa0,
			0x38, 0xb4, 0x00, 0x00,
			0x36, 0xb4, 0x14, 0xa0,
			0x38, 0xb4, 0x00, 0x18,
			0x38, 0xb4, 0x10, 0x80,
			0x38, 0xb4, 0x00, 0x18,
			0x38, 0xb4, 0x20, 0x80,
			0x38, 0xb4, 0x00, 0x18,
			0x38, 0xb4, 0x2a, 0x80,
			0x38, 0xb4, 0x00, 0x18,
			0x38, 0xb4, 0x35, 0x80,
			0x38, 0xb4, 0x00, 0x18,
			0x38, 0xb4, 0x3c, 0x80,
			0x38, 0xb4, 0x00, 0x18,
			0x38, 0xb4, 0x3c, 0x80,
			0x38, 0xb4, 0x00, 0x18,
			0x38, 0xb4, 0x3c, 0x80,
			0x38, 0xb4, 0x00, 0x18,
			0x38, 0xb4, 0x3c, 0x80,
			0x38, 0xb4, 0x07, 0xd1,
			0x38, 0xb4, 0x42, 0xd0,
			0x38, 0xb4, 0x04, 0xa4,
			0x38, 0xb4, 0x00, 0x10,
			0x38, 0xb4, 0xdf, 0x09,
			0x38, 0xb4, 0x00, 0xd7,
			0x38, 0xb4, 0xb4, 0x5f,
			0x38, 0xb4, 0x80, 0x82,
			0x38, 0xb4, 0x00, 0xd7,
			0x38, 0xb4, 0x65, 0x60,
			0x38, 0xb4, 0x25, 0xd1,
			0x38, 0xb4, 0x02, 0xf0,
			0x38, 0xb4, 0x2b, 0xd1,
			0x38, 0xb4, 0x40, 0xd0,
			0x38, 0xb4, 0x00, 0x18,
			0x38, 0xb4, 0x7f, 0x07,
			0x38, 0xb4, 0xf0, 0x0c,
			0x38, 0xb4, 0x50, 0x0c,
			0x38, 0xb4, 0x04, 0xd1,
			0x38, 0xb4, 0x40, 0xd0,
			0x38, 0xb4, 0x00, 0x10,
			0x38, 0xb4, 0xa8, 0x0a,
			0x38, 0xb4, 0x00, 0xd7,
			0x38, 0xb4, 0xb4, 0x5f,
			0x38, 0xb4, 0x00, 0x18,
			0x38, 0xb4, 0x2e, 0x0a,
			0x38, 0xb4, 0x9b, 0xcb,
			0x38, 0xb4, 0x10, 0xd1,
			0x38, 0xb4, 0x40, 0xd0,
			0x38, 0xb4, 0x00, 0x10,
			0x38, 0xb4, 0x7b, 0x0b,
			0x38, 0xb4, 0x00, 0x10,
			0x38, 0xb4, 0xdf, 0x09,
			0x38, 0xb4, 0x00, 0xd7,
			0x38, 0xb4, 0xb4, 0x5f,
			0x38, 0xb4, 0x00, 0x18,
			0x38, 0xb4, 0x1b, 0x08,
			0x38, 0xb4, 0x00, 0x10,
			0x38, 0xb4, 0xdf, 0x09,
			0x38, 0xb4, 0x04, 0xd7,
			0x38, 0xb4, 0xb8, 0x7f,
			0x38, 0xb4, 0x18, 0xa7,
			0x38, 0xb4, 0x00, 0x18,
			0x38, 0xb4, 0x4e, 0x07,
			0x36, 0xb4, 0x0e, 0xa1,
			0x38, 0xb4, 0xff, 0xff,
			0x36, 0xb4, 0x0c, 0xa1,
			0x38, 0xb4, 0xff, 0xff,
			0x36, 0xb4, 0x0a, 0xa1,
			0x38, 0xb4, 0xff, 0xff,
			0x36, 0xb4, 0x08, 0xa1,
			0x38, 0xb4, 0xff, 0xff,
			0x36, 0xb4, 0x06, 0xa1,
			0x38, 0xb4, 0x4d, 0x07,
			0x36, 0xb4, 0x04, 0xa1,
			0x38, 0xb4, 0x18, 0x08,
			0x36, 0xb4, 0x02, 0xa1,
			0x38, 0xb4, 0x2c, 0x0a,
			0x36, 0xb4, 0x00, 0xa1,
			0x38, 0xb4, 0x7e, 0x07,
			0x36, 0xb4, 0x10, 0xa1,
			0x38, 0xb4, 0x0f, 0x00,
			0x6c, 0xe8, 0x00, 0xa0,
			0x36, 0xb4, 0x7c, 0xb8,
			0x38, 0xb4, 0x25, 0x86,
			0x36, 0xb4, 0x7e, 0xb8,
			0x38, 0xb4, 0x86, 0xaf,
			0x38, 0xb4, 0xaf, 0x3d,
			0x38, 0xb4, 0x89, 0x86,
			0x38, 0xb4, 0x88, 0xaf,
			0x38, 0xb4, 0xaf, 0x69,
			0x38, 0xb4, 0x87, 0x88,
			0x38, 0xb4, 0x88, 0xaf,
			0x38, 0xb4, 0xaf, 0x9c,
			0x38, 0xb4, 0x9c, 0x88,
			0x38, 0xb4, 0x88, 0xaf,
			0x38, 0xb4, 0xaf, 0x9c,
			0x38, 0xb4, 0x9c, 0x88,
			0x38, 0xb4, 0x86, 0xbf,
			0x38, 0xb4, 0xd7, 0x49,
			0x38, 0xb4, 0x40, 0x00,
			0x38, 0xb4, 0x77, 0x02,
			0x38, 0xb4, 0xaf, 0x7d,
			0x38, 0xb4, 0x27, 0x27,
			0x38, 0xb4, 0x00, 0x00,
			0x38, 0xb4, 0x05, 0x72,
			0x38, 0xb4, 0x00, 0x00,
			0x38, 0xb4, 0x08, 0x72,
			0x38, 0xb4, 0x00, 0x00,
			0x38, 0xb4, 0xf3, 0x71,
			0x38, 0xb4, 0x00, 0x00,
			0x38, 0xb4, 0xf6, 0x71,
			0x38, 0xb4, 0x00, 0x00,
			0x38, 0xb4, 0x29, 0x72,
			0x38, 0xb4, 0x00, 0x00,
			0x38, 0xb4, 0x2c, 0x72,
			0x38, 0xb4, 0x00, 0x00,
			0x38, 0xb4, 0x17, 0x72,
			0x38, 0xb4, 0x00, 0x00,
			0x38, 0xb4, 0x1a, 0x72,
			0x38, 0xb4, 0x00, 0x00,
			0x38, 0xb4, 0x1d, 0x72,
			0x38, 0xb4, 0x00, 0x00,
			0x38, 0xb4, 0x11, 0x72,
			0x38, 0xb4, 0x00, 0x00,
			0x38, 0xb4, 0x20, 0x72,
			0x38, 0xb4, 0x00, 0x00,
			0x38, 0xb4, 0x14, 0x72,
			0x38, 0xb4, 0x00, 0x00,
			0x38, 0xb4, 0x2f, 0x72,
			0x38, 0xb4, 0x00, 0x00,
			0x38, 0xb4, 0x23, 0x72,
			0x38, 0xb4, 0x00, 0x00,
			0x38, 0xb4, 0x32, 0x72,
			0x38, 0xb4, 0x00, 0x00,
			0x38, 0xb4, 0x26, 0x72,
			0x38, 0xb4, 0xf9, 0xf8,
			0x38, 0xb4, 0xe0, 0xfa,
			0x38, 0xb4, 0xb3, 0x85,
			0x38, 0xb4, 0x02, 0x38,
			0x38, 0xb4, 0x27, 0xad,
			0x38, 0xb4, 0xae, 0x02,
			0x38, 0xb4, 0xaf, 0x03,
			0x38, 0xb4, 0x30, 0x88,
			0x38, 0xb4, 0x66, 0x1f,
			0x38, 0xb4, 0x65, 0xef,
			0x38, 0xb4, 0xc2, 0xbf,
			0x38, 0xb4, 0x1a, 0x1f,
			0x38, 0xb4, 0xf7, 0x96,
			0x38, 0xb4, 0xee, 0x05,
			0x38, 0xb4, 0xd2, 0xff,
			0x38, 0xb4, 0xda, 0x00,
			0x38, 0xb4, 0x05, 0xf6,
			0x38, 0xb4, 0xc2, 0xbf,
			0x38, 0xb4, 0x1a, 0x2f,
			0x38, 0xb4, 0xf7, 0x96,
			0x38, 0xb4, 0xee, 0x05,
			0x38, 0xb4, 0xd2, 0xff,
			0x38, 0xb4, 0xdb, 0x00,
			0x38, 0xb4, 0x05, 0xf6,
			0x38, 0xb4, 0x02, 0xef,
			0x38, 0xb4, 0x11, 0x1f,
			0x38, 0xb4, 0x42, 0x0d,
			0x38, 0xb4, 0x88, 0xbf,
			0x38, 0xb4, 0x02, 0x42,
			0x38, 0xb4, 0x7d, 0x6e,
			0x38, 0xb4, 0x02, 0xef,
			0x38, 0xb4, 0x03, 0x1b,
			0x38, 0xb4, 0x11, 0x1f,
			0x38, 0xb4, 0x42, 0x0d,
			0x38, 0xb4, 0x88, 0xbf,
			0x38, 0xb4, 0x02, 0x45,
			0x38, 0xb4, 0x7d, 0x6e,
			0x38, 0xb4, 0x02, 0xef,
			0x38, 0xb4, 0x03, 0x1a,
			0x38, 0xb4, 0x11, 0x1f,
			0x38, 0xb4, 0x42, 0x0d,
			0x38, 0xb4, 0x88, 0xbf,
			0x38, 0xb4, 0x02, 0x48,
			0x38, 0xb4, 0x7d, 0x6e,
			0x38, 0xb4, 0xc2, 0xbf,
			0x38, 0xb4, 0x1a, 0x3f,
			0x38, 0xb4, 0xf7, 0x96,
			0x38, 0xb4, 0xee, 0x05,
			0x38, 0xb4, 0xd2, 0xff,
			0x38, 0xb4, 0xda, 0x00,
			0x38, 0xb4, 0x05, 0xf6,
			0x38, 0xb4, 0xc2, 0xbf,
			0x38, 0xb4, 0x1a, 0x4f,
			0x38, 0xb4, 0xf7, 0x96,
			0x38, 0xb4, 0xee, 0x05,
			0x38, 0xb4, 0xd2, 0xff,
			0x38, 0xb4, 0xdb, 0x00,
			0x38, 0xb4, 0x05, 0xf6,
			0x38, 0xb4, 0x02, 0xef,
			0x38, 0xb4, 0x11, 0x1f,
			0x38, 0xb4, 0x42, 0x0d,
			0x38, 0xb4, 0x88, 0xbf,
			0x38, 0xb4, 0x02, 0x4b,
			0x38, 0xb4, 0x7d, 0x6e,
			0x38, 0xb4, 0x02, 0xef,
			0x38, 0xb4, 0x03, 0x1b,
			0x38, 0xb4, 0x11, 0x1f,
			0x38, 0xb4, 0x42, 0x0d,
			0x38, 0xb4, 0x88, 0xbf,
			0x38, 0xb4, 0x02, 0x4e,
			0x38, 0xb4, 0x7d, 0x6e,
			0x38, 0xb4, 0x02, 0xef,
			0x38, 0xb4, 0x03, 0x1a,
			0x38, 0xb4, 0x11, 0x1f,
			0x38, 0xb4, 0x42, 0x0d,
			0x38, 0xb4, 0x88, 0xbf,
			0x38, 0xb4, 0x02, 0x51,
			0x38, 0xb4, 0x7d, 0x6e,
			0x38, 0xb4, 0x56, 0xef,
			0x38, 0xb4, 0x20, 0xd0,
			0x38, 0xb4, 0x11, 0x1f,
			0x38, 0xb4, 0x88, 0xbf,
			0x38, 0xb4, 0x02, 0x54,
			0x38, 0xb4, 0x7d, 0x6e,
			0x38, 0xb4, 0x88, 0xbf,
			0x38, 0xb4, 0x02, 0x57,
			0x38, 0xb4, 0x7d, 0x6e,
			0x38, 0xb4, 0x88, 0xbf,
			0x38, 0xb4, 0x02, 0x5a,
			0xff, 0xff, 0xff, 0xff,
			0x38, 0xb4, 0x7d, 0x6e,
			0x38, 0xb4, 0x85, 0xe1,
			0x38, 0xb4, 0xef, 0xa0,
			0x38, 0xb4, 0x48, 0x03,
			0x38, 0xb4, 0x28, 0x0a,
			0x38, 0xb4, 0xef, 0x05,
			0x38, 0xb4, 0x1b, 0x20,
			0x38, 0xb4, 0xad, 0x01,
			0x38, 0xb4, 0x35, 0x27,
			0x38, 0xb4, 0x44, 0x1f,
			0x38, 0xb4, 0x85, 0xe0,
			0x38, 0xb4, 0xe1, 0x88,
			0x38, 0xb4, 0x89, 0x85,
			0x38, 0xb4, 0x88, 0xbf,
			0x38, 0xb4, 0x02, 0x5d,
			0x38, 0xb4, 0x7d, 0x6e,
			0x38, 0xb4, 0x85, 0xe0,
			0x38, 0xb4, 0xe1, 0x8e,
			0x38, 0xb4, 0x8f, 0x85,
			0x38, 0xb4, 0x88, 0xbf,
			0x38, 0xb4, 0x02, 0x60,
			0x38, 0xb4, 0x7d, 0x6e,
			0x38, 0xb4, 0x85, 0xe0,
			0x38, 0xb4, 0xe1, 0x94,
			0x38, 0xb4, 0x95, 0x85,
			0x38, 0xb4, 0x88, 0xbf,
			0x38, 0xb4, 0x02, 0x63,
			0x38, 0xb4, 0x7d, 0x6e,
			0x38, 0xb4, 0x85, 0xe0,
			0x38, 0xb4, 0xe1, 0x9a,
			0x38, 0xb4, 0x9b, 0x85,
			0x38, 0xb4, 0x88, 0xbf,
			0x38, 0xb4, 0x02, 0x66,
			0x38, 0xb4, 0x7d, 0x6e,
			0x38, 0xb4, 0x88, 0xaf,
			0x38, 0xb4, 0xbf, 0x3c,
			0x38, 0xb4, 0x3f, 0x88,
			0x38, 0xb4, 0x6e, 0x02,
			0x38, 0xb4, 0xad, 0x9c,
			0x38, 0xb4, 0x35, 0x28,
			0x38, 0xb4, 0x44, 0x1f,
			0x38, 0xb4, 0x8f, 0xe0,
			0x38, 0xb4, 0xe1, 0xf8,
			0x38, 0xb4, 0xf9, 0x8f,
			0x38, 0xb4, 0x88, 0xbf,
			0x38, 0xb4, 0x02, 0x5d,
			0x38, 0xb4, 0x7d, 0x6e,
			0x38, 0xb4, 0x8f, 0xe0,
			0x38, 0xb4, 0xe1, 0xfa,
			0x38, 0xb4, 0xfb, 0x8f,
			0x38, 0xb4, 0x88, 0xbf,
			0x38, 0xb4, 0x02, 0x60,
			0x38, 0xb4, 0x7d, 0x6e,
			0x38, 0xb4, 0x8f, 0xe0,
			0x38, 0xb4, 0xe1, 0xfc,
			0x38, 0xb4, 0xfd, 0x8f,
			0x38, 0xb4, 0x88, 0xbf,
			0x38, 0xb4, 0x02, 0x63,
			0x38, 0xb4, 0x7d, 0x6e,
			0x38, 0xb4, 0x8f, 0xe0,
			0x38, 0xb4, 0xe1, 0xfe,
			0x38, 0xb4, 0xff, 0x8f,
			0x38, 0xb4, 0x88, 0xbf,
			0x38, 0xb4, 0x02, 0x66,
			0x38, 0xb4, 0x7d, 0x6e,
			0x38, 0xb4, 0x88, 0xaf,
			0x38, 0xb4, 0xe1, 0x3c,
			0x38, 0xb4, 0xa1, 0x85,
			0x38, 0xb4, 0x21, 0x1b,
			0x38, 0xb4, 0x37, 0xad,
			0x38, 0xb4, 0x1f, 0x34,
			0x38, 0xb4, 0xe0, 0x44,
			0x38, 0xb4, 0x8a, 0x85,
			0x38, 0xb4, 0x85, 0xe1,
			0x38, 0xb4, 0xbf, 0x8b,
			0x38, 0xb4, 0x5d, 0x88,
			0x38, 0xb4, 0x6e, 0x02,
			0x38, 0xb4, 0xe0, 0x7d,
			0x38, 0xb4, 0x90, 0x85,
			0x38, 0xb4, 0x85, 0xe1,
			0x38, 0xb4, 0xbf, 0x91,
			0x38, 0xb4, 0x60, 0x88,
			0x38, 0xb4, 0x6e, 0x02,
			0x38, 0xb4, 0xe0, 0x7d,
			0x38, 0xb4, 0x96, 0x85,
			0x38, 0xb4, 0x85, 0xe1,
			0x38, 0xb4, 0xbf, 0x97,
			0x38, 0xb4, 0x63, 0x88,
			0x38, 0xb4, 0x6e, 0x02,
			0x38, 0xb4, 0xe0, 0x7d,
			0x38, 0xb4, 0x9c, 0x85,
			0x38, 0xb4, 0x85, 0xe1,
			0x38, 0xb4, 0xbf, 0x9d,
			0x38, 0xb4, 0x66, 0x88,
			0x38, 0xb4, 0x6e, 0x02,
			0x38, 0xb4, 0xae, 0x7d,
			0x38, 0xb4, 0x1f, 0x40,
			0x38, 0xb4, 0xe0, 0x44,
			0x38, 0xb4, 0x8c, 0x85,
			0x38, 0xb4, 0x85, 0xe1,
			0x38, 0xb4, 0xbf, 0x8d,
			0x38, 0xb4, 0x5d, 0x88,
			0x38, 0xb4, 0x6e, 0x02,
			0x38, 0xb4, 0xe0, 0x7d,
			0x38, 0xb4, 0x92, 0x85,
			0x38, 0xb4, 0x85, 0xe1,
			0x38, 0xb4, 0xbf, 0x93,
			0x38, 0xb4, 0x60, 0x88,
			0x38, 0xb4, 0x6e, 0x02,
			0x38, 0xb4, 0xe0, 0x7d,
			0x38, 0xb4, 0x98, 0x85,
			0x38, 0xb4, 0x85, 0xe1,
			0x38, 0xb4, 0xbf, 0x99,
			0x38, 0xb4, 0x63, 0x88,
			0x38, 0xb4, 0x6e, 0x02,
			0x38, 0xb4, 0xe0, 0x7d,
			0x38, 0xb4, 0x9e, 0x85,
			0x38, 0xb4, 0x85, 0xe1,
			0x38, 0xb4, 0xbf, 0x9f,
			0x38, 0xb4, 0x66, 0x88,
			0x38, 0xb4, 0x6e, 0x02,
			0x38, 0xb4, 0xae, 0x7d,
			0x38, 0xb4, 0xe1, 0x0c,
			0x38, 0xb4, 0xb3, 0x85,
			0x38, 0xb4, 0x04, 0x39,
			0x38, 0xb4, 0x2f, 0xac,
			0x38, 0xb4, 0xee, 0x04,
			0x38, 0xb4, 0xb3, 0x85,
			0x38, 0xb4, 0xaf, 0x00,
			0x38, 0xb4, 0xd9, 0x39,
			0x38, 0xb4, 0xac, 0x22,
			0x38, 0xb4, 0xf0, 0xea,
			0x38, 0xb4, 0xf6, 0xac,
			0x38, 0xb4, 0xac, 0xf0,
			0x38, 0xb4, 0xf0, 0xfa,
			0x38, 0xb4, 0xf8, 0xac,
			0x38, 0xb4, 0xac, 0xf0,
			0x38, 0xb4, 0xf0, 0xfc,
			0x38, 0xb4, 0x00, 0xad,
			0x38, 0xb4, 0xac, 0xf0,
			0x38, 0xb4, 0xf0, 0xfe,
			0x38, 0xb4, 0xf0, 0xac,
			0x38, 0xb4, 0xac, 0xf0,
			0x38, 0xb4, 0xf0, 0xf4,
			0x38, 0xb4, 0xf2, 0xac,
			0x38, 0xb4, 0xac, 0xf0,
			0x38, 0xb4, 0xf0, 0xb0,
			0x38, 0xb4, 0xae, 0xac,
			0x38, 0xb4, 0xac, 0xf0,
			0x38, 0xb4, 0xf0, 0xac,
			0x38, 0xb4, 0xaa, 0xac,
			0x38, 0xb4, 0x00, 0xa1,
			0x38, 0xb4, 0xe1, 0x0c,
			0x38, 0xb4, 0xf7, 0x8f,
			0x38, 0xb4, 0x88, 0xbf,
			0x38, 0xb4, 0x02, 0x84,
			0x38, 0xb4, 0x7d, 0x6e,
			0x38, 0xb4, 0x26, 0xaf,
			0x38, 0xb4, 0xe1, 0xe9,
			0x38, 0xb4, 0xf6, 0x8f,
			0x38, 0xb4, 0x88, 0xbf,
			0x38, 0xb4, 0x02, 0x84,
			0x38, 0xb4, 0x7d, 0x6e,
			0x38, 0xb4, 0x26, 0xaf,
			0x38, 0xb4, 0x20, 0xf5,
			0x38, 0xb4, 0x86, 0xac,
			0x38, 0xb4, 0x88, 0xbf,
			0x38, 0xb4, 0x02, 0x3f,
			0x38, 0xb4, 0x9c, 0x6e,
			0x38, 0xb4, 0x28, 0xad,
			0x38, 0xb4, 0xaf, 0x03,
			0x38, 0xb4, 0x24, 0x33,
			0x38, 0xb4, 0x38, 0xad,
			0x38, 0xb4, 0xaf, 0x03,
			0x38, 0xb4, 0xe6, 0x32,
			0x38, 0xb4, 0x32, 0xaf,
			0x38, 0xb4, 0x00, 0xfb,
			0x36, 0xb4, 0x7c, 0xb8,
			0x38, 0xb4, 0xf6, 0x8f,
			0x36, 0xb4, 0x7e, 0xb8,
			0x38, 0xb4, 0x05, 0x07,
			0x36, 0xb4, 0x7c, 0xb8,
			0x38, 0xb4, 0xf8, 0x8f,
			0x36, 0xb4, 0x7e, 0xb8,
			0x38, 0xb4, 0xcc, 0x19,
			0x36, 0xb4, 0x7c, 0xb8,
			0x38, 0xb4, 0xfa, 0x8f,
			0x36, 0xb4, 0x7e, 0xb8,
			0x38, 0xb4, 0xe3, 0x28,
			0x36, 0xb4, 0x7c, 0xb8,
			0x38, 0xb4, 0xfc, 0x8f,
			0x36, 0xb4, 0x7e, 0xb8,
			0x38, 0xb4, 0x47, 0x10,
			0x36, 0xb4, 0x7c, 0xb8,
			0x38, 0xb4, 0xfe, 0x8f,
			0x36, 0xb4, 0x7e, 0xb8,
			0x38, 0xb4, 0x45, 0x0a,
			0x36, 0xb4, 0x5e, 0xb8,
			0x38, 0xb4, 0x1e, 0x27,
			0x36, 0xb4, 0x60, 0xb8,
			0x38, 0xb4, 0x46, 0x38,
			0x36, 0xb4, 0x62, 0xb8,
			0x38, 0xb4, 0xe6, 0x26,
			0x36, 0xb4, 0x64, 0xb8,
			0x38, 0xb4, 0xe3, 0x32,
			0x36, 0xb4, 0x86, 0xb8,
			0x38, 0xb4, 0xff, 0xff,
			0x36, 0xb4, 0x88, 0xb8,
			0x38, 0xb4, 0xff, 0xff,
			0x36, 0xb4, 0x8a, 0xb8,
			0x38, 0xb4, 0xff, 0xff,
			0x36, 0xb4, 0x8c, 0xb8,
			0x38, 0xb4, 0xff, 0xff,
			0x36, 0xb4, 0x38, 0xb8,
			0x38, 0xb4, 0x0f, 0x00,
			0x6c, 0xe8, 0x00, 0xb0,
			0x20, 0xb8, 0x10, 0x00,
			0x6c, 0xe8, 0x00, 0xa0,
			0x36, 0xb4, 0x6e, 0x84,
			0x38, 0xb4, 0x84, 0xaf,
			0x38, 0xb4, 0xaf, 0x86,
			0x38, 0xb4, 0x90, 0x86,
			0x38, 0xb4, 0x86, 0xaf,
			0x38, 0xb4, 0xaf, 0xa4,
			0x38, 0xb4, 0xa4, 0x86,
			0x38, 0xb4, 0x86, 0xaf,
			0x38, 0xb4, 0xaf, 0xa4,
			0x38, 0xb4, 0xa4, 0x86,
			0x38, 0xb4, 0x86, 0xaf,
			0x38, 0xb4, 0xaf, 0xa4,
			0x38, 0xb4, 0xa4, 0x86,
			0x38, 0xb4, 0x82, 0xee,
			0x38, 0xb4, 0x00, 0x5f,
			0x38, 0xb4, 0x84, 0x02,
			0x38, 0xb4, 0xaf, 0x90,
			0x38, 0xb4, 0x41, 0x04,
			0x38, 0xb4, 0xe0, 0xf8,
			0x38, 0xb4, 0xf3, 0x8f,
			0x38, 0xb4, 0x00, 0xa0,
			0x38, 0xb4, 0x02, 0x05,
			0x38, 0xb4, 0xa4, 0x84,
			0x38, 0xb4, 0x06, 0xae,
			0x38, 0xb4, 0x01, 0xa0,
			0x38, 0xb4, 0x02, 0x03,
			0x38, 0xb4, 0xc8, 0x84,
			0x38, 0xb4, 0x04, 0xfc,
			0x38, 0xb4, 0xf9, 0xf8,
			0x38, 0xb4, 0x59, 0xef,
			0x38, 0xb4, 0x80, 0xe0,
			0x38, 0xb4, 0xad, 0x15,
			0x38, 0xb4, 0x02, 0x27,
			0x38, 0xb4, 0x03, 0xae,
			0x38, 0xb4, 0x84, 0xaf,
			0x38, 0xb4, 0xbf, 0xc3,
			0x38, 0xb4, 0xca, 0x53,
			0x38, 0xb4, 0x52, 0x02,
			0x38, 0xb4, 0xad, 0xc8,
			0x38, 0xb4, 0x07, 0x28,
			0x38, 0xb4, 0x85, 0x02,
			0x38, 0xb4, 0xee, 0x2c,
			0x38, 0xb4, 0xf3, 0x8f,
			0x38, 0xb4, 0xef, 0x01,
			0x38, 0xb4, 0xfd, 0x95,
			0x38, 0xb4, 0x04, 0xfc,
			0x38, 0xb4, 0xf9, 0xf8,
			0x38, 0xb4, 0xef, 0xfa,
			0x38, 0xb4, 0xbf, 0x69,
			0x38, 0xb4, 0xca, 0x53,
			0x38, 0xb4, 0x52, 0x02,
			0x38, 0xb4, 0xac, 0xc8,
			0x38, 0xb4, 0x22, 0x28,
			0x38, 0xb4, 0x80, 0xd4,
			0x38, 0xb4, 0xbf, 0x00,
			0x38, 0xb4, 0x84, 0x86,
			0x38, 0xb4, 0x52, 0x02,
			0x38, 0xb4, 0xbf, 0xa9,
			0x38, 0xb4, 0x87, 0x86,
			0x38, 0xb4, 0x52, 0x02,
			0x38, 0xb4, 0xbf, 0xa9,
			0x38, 0xb4, 0x8a, 0x86,
			0x38, 0xb4, 0x52, 0x02,
			0x38, 0xb4, 0xbf, 0xa9,
			0x38, 0xb4, 0x8d, 0x86,
			0x38, 0xb4, 0x52, 0x02,
			0x38, 0xb4, 0xee, 0xa9,
			0x38, 0xb4, 0xf3, 0x8f,
			0x38, 0xb4, 0xaf, 0x00,
			0x38, 0xb4, 0x26, 0x85,
			0x38, 0xb4, 0x8f, 0xe0,
			0x38, 0xb4, 0xe1, 0xf4,
			0x38, 0xb4, 0xf5, 0x8f,
			0x38, 0xb4, 0x8f, 0xe2,
			0x38, 0xb4, 0xe3, 0xf6,
			0x38, 0xb4, 0xf7, 0x8f,
			0x38, 0xb4, 0x45, 0x1b,
			0x38, 0xb4, 0x27, 0xac,
			0x38, 0xb4, 0xee, 0x0e,
			0x38, 0xb4, 0xf4, 0x8f,
			0x38, 0xb4, 0xee, 0x00,
			0x38, 0xb4, 0xf5, 0x8f,
			0x38, 0xb4, 0x02, 0x00,
			0x38, 0xb4, 0x2c, 0x85,
			0x38, 0xb4, 0x85, 0xaf,
			0x38, 0xb4, 0xe0, 0x26,
			0x38, 0xb4, 0xf4, 0x8f,
			0x38, 0xb4, 0x8f, 0xe1,
			0x38, 0xb4, 0x2c, 0xf5,
			0x38, 0xb4, 0x01, 0x00,
			0x38, 0xb4, 0x8f, 0xe4,
			0x38, 0xb4, 0xe5, 0xf4,
			0x38, 0xb4, 0xf5, 0x8f,
			0x38, 0xb4, 0x96, 0xef,
			0x38, 0xb4, 0xfd, 0xfe,
			0x38, 0xb4, 0x04, 0xfc,
			0x38, 0xb4, 0xf9, 0xf8,
			0x38, 0xb4, 0x59, 0xef,
			0x38, 0xb4, 0x53, 0xbf,
			0x38, 0xb4, 0x02, 0x22,
			0x38, 0xb4, 0xc8, 0x52,
			0x38, 0xb4, 0x8b, 0xa1,
			0x38, 0xb4, 0xae, 0x02,
			0x38, 0xb4, 0xaf, 0x03,
			0x38, 0xb4, 0xda, 0x85,
			0x38, 0xb4, 0x57, 0xbf,
			0x38, 0xb4, 0x02, 0x72,
			0x38, 0xb4, 0xc8, 0x52,
			0x38, 0xb4, 0x8f, 0xe4,
			0x38, 0xb4, 0xe5, 0xf8,
			0x38, 0xb4, 0xf9, 0x8f,
			0x38, 0xb4, 0x57, 0xbf,
			0x38, 0xb4, 0x02, 0x75,
			0x38, 0xb4, 0xc8, 0x52,
			0x38, 0xb4, 0x8f, 0xe4,
			0x38, 0xb4, 0xe5, 0xfa,
			0x38, 0xb4, 0xfb, 0x8f,
			0x38, 0xb4, 0x57, 0xbf,
			0x38, 0xb4, 0x02, 0x78,
			0x38, 0xb4, 0xc8, 0x52,
			0x38, 0xb4, 0x8f, 0xe4,
			0x38, 0xb4, 0xe5, 0xfc,
			0x38, 0xb4, 0xfd, 0x8f,
			0x38, 0xb4, 0x57, 0xbf,
			0x38, 0xb4, 0x02, 0x7b,
			0x38, 0xb4, 0xc8, 0x52,
			0x38, 0xb4, 0x8f, 0xe4,
			0x38, 0xb4, 0xe5, 0xfe,
			0x38, 0xb4, 0xff, 0x8f,
			0x38, 0xb4, 0x57, 0xbf,
			0x38, 0xb4, 0x02, 0x6c,
			0x38, 0xb4, 0xc8, 0x52,
			0x38, 0xb4, 0x02, 0xa1,
			0x38, 0xb4, 0xee, 0x13,
			0x38, 0xb4, 0xfc, 0x8f,
			0x38, 0xb4, 0xee, 0x80,
			0x38, 0xb4, 0xfd, 0x8f,
			0x38, 0xb4, 0xee, 0x00,
			0x38, 0xb4, 0xfe, 0x8f,
			0x38, 0xb4, 0xee, 0x80,
			0x38, 0xb4, 0xff, 0x8f,
			0x38, 0xb4, 0xaf, 0x00,
			0x38, 0xb4, 0x99, 0x85,
			0x38, 0xb4, 0x01, 0xa1,
			0x38, 0xb4, 0xbf, 0x0c,
			0x38, 0xb4, 0x4c, 0x53,
			0x38, 0xb4, 0x52, 0x02,
			0x38, 0xb4, 0xa1, 0xc8,
			0x38, 0xb4, 0x03, 0x03,
			0x38, 0xb4, 0x85, 0xaf,
			0x38, 0xb4, 0xbf, 0x77,
			0x38, 0xb4, 0x22, 0x53,
			0x38, 0xb4, 0x52, 0x02,
			0x38, 0xb4, 0xa1, 0xc8,
			0x38, 0xb4, 0x02, 0x8b,
			0x38, 0xb4, 0x03, 0xae,
			0x38, 0xb4, 0x86, 0xaf,
			0x38, 0xb4, 0xe0, 0x64,
			0x38, 0xb4, 0xf8, 0x8f,
			0x38, 0xb4, 0x8f, 0xe1,
			0x38, 0xb4, 0xbf, 0xf9,
			0x38, 0xb4, 0x84, 0x86,
			0x38, 0xb4, 0x52, 0x02,
			0x38, 0xb4, 0xe0, 0xa9,
			0x38, 0xb4, 0xfa, 0x8f,
			0x38, 0xb4, 0x8f, 0xe1,
			0x38, 0xb4, 0xbf, 0xfb,
			0x38, 0xb4, 0x87, 0x86,
			0x38, 0xb4, 0x52, 0x02,
			0x38, 0xb4, 0xe0, 0xa9,
			0x38, 0xb4, 0xfc, 0x8f,
			0x38, 0xb4, 0x8f, 0xe1,
			0x38, 0xb4, 0xbf, 0xfd,
			0x38, 0xb4, 0x8a, 0x86,
			0x38, 0xb4, 0x52, 0x02,
			0x38, 0xb4, 0xe0, 0xa9,
			0x38, 0xb4, 0xfe, 0x8f,
			0x38, 0xb4, 0x8f, 0xe1,
			0x38, 0xb4, 0xbf, 0xff,
			0x38, 0xb4, 0x8d, 0x86,
			0x38, 0xb4, 0x52, 0x02,
			0x38, 0xb4, 0xaf, 0xa9,
			0x38, 0xb4, 0x7f, 0x86,
			0x38, 0xb4, 0x53, 0xbf,
			0x38, 0xb4, 0x02, 0x22,
			0x38, 0xb4, 0xc8, 0x52,
			0x38, 0xb4, 0x44, 0xa1,
			0x38, 0xb4, 0xbf, 0x3c,
			0x38, 0xb4, 0x7b, 0x54,
			0x38, 0xb4, 0x52, 0x02,
			0x38, 0xb4, 0xe4, 0xc8,
			0x38, 0xb4, 0xf8, 0x8f,
			0x38, 0xb4, 0x8f, 0xe5,
			0x38, 0xb4, 0xbf, 0xf9,
			0x38, 0xb4, 0x7e, 0x54,
			0x38, 0xb4, 0x52, 0x02,
			0x38, 0xb4, 0xe4, 0xc8,
			0x38, 0xb4, 0xfa, 0x8f,
			0x38, 0xb4, 0x8f, 0xe5,
			0x38, 0xb4, 0xbf, 0xfb,
			0x38, 0xb4, 0x81, 0x54,
			0x38, 0xb4, 0x52, 0x02,
			0x38, 0xb4, 0xe4, 0xc8,
			0x38, 0xb4, 0xfc, 0x8f,
			0x38, 0xb4, 0x8f, 0xe5,
			0x38, 0xb4, 0xbf, 0xfd,
			0x38, 0xb4, 0x84, 0x54,
			0x38, 0xb4, 0x52, 0x02,
			0x38, 0xb4, 0xe4, 0xc8,
			0x38, 0xb4, 0xfe, 0x8f,
			0x38, 0xb4, 0x8f, 0xe5,
			0x38, 0xb4, 0xbf, 0xff,
			0x38, 0xb4, 0x22, 0x53,
			0x38, 0xb4, 0x52, 0x02,
			0x38, 0xb4, 0xa1, 0xc8,
			0x38, 0xb4, 0x48, 0x44,
			0x38, 0xb4, 0x85, 0xaf,
			0x38, 0xb4, 0xbf, 0xa7,
			0x38, 0xb4, 0x22, 0x53,
			0x38, 0xb4, 0x52, 0x02,
			0x38, 0xb4, 0xa1, 0xc8,
			0x38, 0xb4, 0x3c, 0x31,
			0x38, 0xb4, 0x54, 0xbf,
			0x38, 0xb4, 0x02, 0x7b,
			0x38, 0xb4, 0xc8, 0x52,
			0x38, 0xb4, 0x8f, 0xe4,
			0x38, 0xb4, 0xe5, 0xf8,
			0x38, 0xb4, 0xf9, 0x8f,
			0x38, 0xb4, 0x54, 0xbf,
			0x38, 0xb4, 0x02, 0x7e,
			0x38, 0xb4, 0xc8, 0x52,
			0x38, 0xb4, 0x8f, 0xe4,
			0x38, 0xb4, 0xe5, 0xfa,
			0x38, 0xb4, 0xfb, 0x8f,
			0x38, 0xb4, 0x54, 0xbf,
			0x38, 0xb4, 0x02, 0x81,
			0x38, 0xb4, 0xc8, 0x52,
			0x38, 0xb4, 0x8f, 0xe4,
			0x38, 0xb4, 0xe5, 0xfc,
			0x38, 0xb4, 0xfd, 0x8f,
			0x38, 0xb4, 0x54, 0xbf,
			0x38, 0xb4, 0x02, 0x84,
			0x38, 0xb4, 0xc8, 0x52,
			0x38, 0xb4, 0x8f, 0xe4,
			0x38, 0xb4, 0xe5, 0xfe,
			0x38, 0xb4, 0xff, 0x8f,
			0x38, 0xb4, 0x53, 0xbf,
			0x38, 0xb4, 0x02, 0x22,
			0x38, 0xb4, 0xc8, 0x52,
			0x38, 0xb4, 0x31, 0xa1,
			0x38, 0xb4, 0xaf, 0x03,
			0x38, 0xb4, 0xa7, 0x85,
			0x38, 0xb4, 0x80, 0xd4,
			0x38, 0xb4, 0xbf, 0x00,
			0x38, 0xb4, 0x84, 0x86,
			0x38, 0xb4, 0x52, 0x02,
			0x38, 0xb4, 0xbf, 0xa9,
			0x38, 0xb4, 0x87, 0x86,
			0x38, 0xb4, 0x52, 0x02,
			0x38, 0xb4, 0xbf, 0xa9,
			0x38, 0xb4, 0x8a, 0x86,
			0x38, 0xb4, 0x52, 0x02,
			0x38, 0xb4, 0xbf, 0xa9,
			0x38, 0xb4, 0x8d, 0x86,
			0x38, 0xb4, 0x52, 0x02,
			0x38, 0xb4, 0xef, 0xa9,
			0x38, 0xb4, 0xfd, 0x95,
			0x38, 0xb4, 0x04, 0xfc,
			0x38, 0xb4, 0xd1, 0xf0,
			0x38, 0xb4, 0xf0, 0x2a,
			0x38, 0xb4, 0x2c, 0xd1,
			0x38, 0xb4, 0xd1, 0xf0,
			0x38, 0xb4, 0xf0, 0x44,
			0x38, 0xb4, 0x46, 0xd1,
			0x38, 0xb4, 0x86, 0xbf,
			0x38, 0xb4, 0x02, 0xa1,
			0x38, 0xb4, 0xc8, 0x52,
			0x38, 0xb4, 0x86, 0xbf,
			0x38, 0xb4, 0x02, 0xa1,
			0x38, 0xb4, 0xc8, 0x52,
			0x38, 0xb4, 0x01, 0xd1,
			0x38, 0xb4, 0x06, 0xaf,
			0x38, 0xb4, 0x70, 0xa5,
			0x38, 0xb4, 0x42, 0xce,
			0x36, 0xb4, 0x18, 0xb8,
			0x38, 0xb4, 0x3d, 0x04,
			0x36, 0xb4, 0x1a, 0xb8,
			0x38, 0xb4, 0xa3, 0x06,
			0x36, 0xb4, 0x1c, 0xb8,
			0x38, 0xb4, 0xff, 0xff,
			0x36, 0xb4, 0x1e, 0xb8,
			0x38, 0xb4, 0xff, 0xff,
			0x36, 0xb4, 0x50, 0xb8,
			0xff, 0xff, 0xff, 0xff,
			0x38, 0xb4, 0xff, 0xff,
			0x36, 0xb4, 0x52, 0xb8,
			0x38, 0xb4, 0xff, 0xff,
			0x36, 0xb4, 0x78, 0xb8,
			0x38, 0xb4, 0xff, 0xff,
			0x36, 0xb4, 0x84, 0xb8,
			0x38, 0xb4, 0xff, 0xff,
			0x36, 0xb4, 0x32, 0xb8,
			0x38, 0xb4, 0x03, 0x00,
			0x36, 0xb4, 0x00, 0x00,
			0x38, 0xb4, 0x00, 0x00,
			0x36, 0xb4, 0x2e, 0xb8,
			0x38, 0xb4, 0x00, 0x00,
			0x36, 0xb4, 0x24, 0x80,
			0x38, 0xb4, 0x00, 0x00,
			0x36, 0xb4, 0x1e, 0x80,
			0x38, 0xb4, 0x21, 0x00,
			0x6c, 0xe8, 0x00, 0xb0,
			0x20, 0xb8, 0x00, 0x00,
			0xff, 0xff, 0xff, 0xff};

		code_ver = 0x0021;
		fw_version = sram_read(tp, SRAM_GPHY_FW_VER);
		if (fw_version < code_ver) {
			data = ram13;
			len = sizeof(ram13);

			if (r8156b_flash_used(tp)) {
				ocp_word_set_bits(tp, MCU_TYPE_USB,
						  USB_GPHY_CTRL,
						  BYPASS_FLASH);
			}
		}
	}

	if (!data)
		return 0;

	ret = rtl_phy_patch_request(tp, true, wait);
	if (ret < 0)
		goto out;

	while (len) {
		u32 size;
		int i;

		if (len < 2048)
			size = len;
		else
			size = 2048;

		ocp_word_set_bits(tp, MCU_TYPE_USB, USB_GPHY_CTRL,
				  GPHY_PATCH_DONE | BACKUP_RESTRORE);

		ret = generic_ocp_write(tp, 0x9A00, 0xff, size, data,
					MCU_TYPE_USB);
		if (ret < 0)
			goto out;

		data += size;
		len -= size;

		ocp_word_set_bits(tp, MCU_TYPE_PLA, PLA_POL_GPIO_CTRL,
				  POL_GPHY_PATCH);

		for (i = 0; i < 1000; i++) {
			ocp_data = ocp_read_word(tp, MCU_TYPE_PLA,
						 PLA_POL_GPIO_CTRL);
			if (!(ocp_data & POL_GPHY_PATCH))
				break;
		}

		if (i == 1000) {
			ret = -ETIMEDOUT;
			goto out;
		}
	}

	rtl_reset_ocp_base(tp);

	ret = rtl_phy_patch_request(tp, false, wait);
	if (ret < 0)
		goto out;

	fw_version = sram_read(tp, SRAM_GPHY_FW_VER);

out:
	rtl_reset_ocp_base(tp);

	return ret;
}

void r8156_ram_code(struct r8152 *tp, bool power_cut)
{
	rtl_reset_ocp_base(tp);

	if (tp->version == RTL_VER_10) {
		rtl_pre_ram_code(tp, 0x8024, 0x8600, !power_cut);

		ocp_reg_set_bits(tp, OCP_PHY_PATCH_CMD, BIT(7));

		/* nc0_patch_180504_usb */
		sram_write(tp, 0xA016, 0x0000);
		sram_write(tp, 0xA012, 0x0000);
		ocp_reg_write(tp, OCP_SRAM_ADDR, 0xA014);
		ocp_reg_write(tp, OCP_SRAM_DATA, 0x1800);
		ocp_reg_write(tp, OCP_SRAM_DATA, 0x8010);
		ocp_reg_write(tp, OCP_SRAM_DATA, 0x1800);
		ocp_reg_write(tp, OCP_SRAM_DATA, 0x8013);
		ocp_reg_write(tp, OCP_SRAM_DATA, 0x1800);
		ocp_reg_write(tp, OCP_SRAM_DATA, 0x8021);
		ocp_reg_write(tp, OCP_SRAM_DATA, 0x1800);
		ocp_reg_write(tp, OCP_SRAM_DATA, 0x802f);
		ocp_reg_write(tp, OCP_SRAM_DATA, 0x1800);
		ocp_reg_write(tp, OCP_SRAM_DATA, 0x803d);
		ocp_reg_write(tp, OCP_SRAM_DATA, 0x1800);
		ocp_reg_write(tp, OCP_SRAM_DATA, 0x8042);
		ocp_reg_write(tp, OCP_SRAM_DATA, 0x1800);
		ocp_reg_write(tp, OCP_SRAM_DATA, 0x8051);
		ocp_reg_write(tp, OCP_SRAM_DATA, 0x1800);
		ocp_reg_write(tp, OCP_SRAM_DATA, 0x8051);
		ocp_reg_write(tp, OCP_SRAM_DATA, 0xa088);
		ocp_reg_write(tp, OCP_SRAM_DATA, 0x1800);
		ocp_reg_write(tp, OCP_SRAM_DATA, 0x0a50);
		ocp_reg_write(tp, OCP_SRAM_DATA, 0x8008);
		ocp_reg_write(tp, OCP_SRAM_DATA, 0xd014);
		ocp_reg_write(tp, OCP_SRAM_DATA, 0xd1a3);
		ocp_reg_write(tp, OCP_SRAM_DATA, 0xd700);
		ocp_reg_write(tp, OCP_SRAM_DATA, 0x401a);
		ocp_reg_write(tp, OCP_SRAM_DATA, 0xd707);
		ocp_reg_write(tp, OCP_SRAM_DATA, 0x40c2);
		ocp_reg_write(tp, OCP_SRAM_DATA, 0x60a6);
		ocp_reg_write(tp, OCP_SRAM_DATA, 0xd700);
		ocp_reg_write(tp, OCP_SRAM_DATA, 0x5f8b);
		ocp_reg_write(tp, OCP_SRAM_DATA, 0x1800);
		ocp_reg_write(tp, OCP_SRAM_DATA, 0x0a86);
		ocp_reg_write(tp, OCP_SRAM_DATA, 0x1800);
		ocp_reg_write(tp, OCP_SRAM_DATA, 0x0a6c);
		ocp_reg_write(tp, OCP_SRAM_DATA, 0x8080);
		ocp_reg_write(tp, OCP_SRAM_DATA, 0xd019);
		ocp_reg_write(tp, OCP_SRAM_DATA, 0xd1a2);
		ocp_reg_write(tp, OCP_SRAM_DATA, 0xd700);
		ocp_reg_write(tp, OCP_SRAM_DATA, 0x401a);
		ocp_reg_write(tp, OCP_SRAM_DATA, 0xd707);
		ocp_reg_write(tp, OCP_SRAM_DATA, 0x40c4);
		ocp_reg_write(tp, OCP_SRAM_DATA, 0x60a6);
		ocp_reg_write(tp, OCP_SRAM_DATA, 0xd700);
		ocp_reg_write(tp, OCP_SRAM_DATA, 0x5f8b);
		ocp_reg_write(tp, OCP_SRAM_DATA, 0x1800);
		ocp_reg_write(tp, OCP_SRAM_DATA, 0x0a86);
		ocp_reg_write(tp, OCP_SRAM_DATA, 0x1800);
		ocp_reg_write(tp, OCP_SRAM_DATA, 0x0a84);
		ocp_reg_write(tp, OCP_SRAM_DATA, 0xd503);
		ocp_reg_write(tp, OCP_SRAM_DATA, 0x8970);
		ocp_reg_write(tp, OCP_SRAM_DATA, 0x0c07);
		ocp_reg_write(tp, OCP_SRAM_DATA, 0x0901);
		ocp_reg_write(tp, OCP_SRAM_DATA, 0xd500);
		ocp_reg_write(tp, OCP_SRAM_DATA, 0xce01);
		ocp_reg_write(tp, OCP_SRAM_DATA, 0xcf09);
		ocp_reg_write(tp, OCP_SRAM_DATA, 0xd705);
		ocp_reg_write(tp, OCP_SRAM_DATA, 0x4000);
		ocp_reg_write(tp, OCP_SRAM_DATA, 0xceff);
		ocp_reg_write(tp, OCP_SRAM_DATA, 0xaf0a);
		ocp_reg_write(tp, OCP_SRAM_DATA, 0xd504);
		ocp_reg_write(tp, OCP_SRAM_DATA, 0x1800);
		ocp_reg_write(tp, OCP_SRAM_DATA, 0x1213);
		ocp_reg_write(tp, OCP_SRAM_DATA, 0x8401);
		ocp_reg_write(tp, OCP_SRAM_DATA, 0xd500);
		ocp_reg_write(tp, OCP_SRAM_DATA, 0x8580);
		ocp_reg_write(tp, OCP_SRAM_DATA, 0x1800);
		ocp_reg_write(tp, OCP_SRAM_DATA, 0x1253);
		ocp_reg_write(tp, OCP_SRAM_DATA, 0xd064);
		ocp_reg_write(tp, OCP_SRAM_DATA, 0xd181);
		ocp_reg_write(tp, OCP_SRAM_DATA, 0xd704);
		ocp_reg_write(tp, OCP_SRAM_DATA, 0x4018);
		ocp_reg_write(tp, OCP_SRAM_DATA, 0xd504);
		ocp_reg_write(tp, OCP_SRAM_DATA, 0xc50f);
		ocp_reg_write(tp, OCP_SRAM_DATA, 0xd706);
		ocp_reg_write(tp, OCP_SRAM_DATA, 0x2c59);
		ocp_reg_write(tp, OCP_SRAM_DATA, 0x804d);
		ocp_reg_write(tp, OCP_SRAM_DATA, 0xc60f);
		ocp_reg_write(tp, OCP_SRAM_DATA, 0xf002);
		ocp_reg_write(tp, OCP_SRAM_DATA, 0xc605);
		ocp_reg_write(tp, OCP_SRAM_DATA, 0xae02);
		ocp_reg_write(tp, OCP_SRAM_DATA, 0x1800);
		ocp_reg_write(tp, OCP_SRAM_DATA, 0x10fd);
		sram_write(tp, 0xA026, 0xffff);
		sram_write(tp, 0xA024, 0xffff);
		sram_write(tp, 0xA022, 0x10f4);
		sram_write(tp, 0xA020, 0x1252);
		sram_write(tp, 0xA006, 0x1206);
		sram_write(tp, 0xA004, 0x0a78);
		sram_write(tp, 0xA002, 0x0a60);
		sram_write(tp, 0xA000, 0x0a4f);
		sram_write(tp, 0xA008, 0x3f00);

		/* nc1_patch_180423_cml_usb */
		sram_write(tp, 0xA016, 0x0010);
		sram_write(tp, 0xA012, 0x0000);
		ocp_reg_write(tp, OCP_SRAM_ADDR, 0xA014);
		ocp_reg_write(tp, OCP_SRAM_DATA, 0x1800);
		ocp_reg_write(tp, OCP_SRAM_DATA, 0x8010);
		ocp_reg_write(tp, OCP_SRAM_DATA, 0x1800);
		ocp_reg_write(tp, OCP_SRAM_DATA, 0x8066);
		ocp_reg_write(tp, OCP_SRAM_DATA, 0x1800);
		ocp_reg_write(tp, OCP_SRAM_DATA, 0x807c);
		ocp_reg_write(tp, OCP_SRAM_DATA, 0x1800);
		ocp_reg_write(tp, OCP_SRAM_DATA, 0x8089);
		ocp_reg_write(tp, OCP_SRAM_DATA, 0x1800);
		ocp_reg_write(tp, OCP_SRAM_DATA, 0x808e);
		ocp_reg_write(tp, OCP_SRAM_DATA, 0x1800);
		ocp_reg_write(tp, OCP_SRAM_DATA, 0x80a0);
		ocp_reg_write(tp, OCP_SRAM_DATA, 0x1800);
		ocp_reg_write(tp, OCP_SRAM_DATA, 0x80b2);
		ocp_reg_write(tp, OCP_SRAM_DATA, 0x1800);
		ocp_reg_write(tp, OCP_SRAM_DATA, 0x80c2);
		ocp_reg_write(tp, OCP_SRAM_DATA, 0xd501);
		ocp_reg_write(tp, OCP_SRAM_DATA, 0xce01);
		ocp_reg_write(tp, OCP_SRAM_DATA, 0xd700);
		ocp_reg_write(tp, OCP_SRAM_DATA, 0x62db);
		ocp_reg_write(tp, OCP_SRAM_DATA, 0x655c);
		ocp_reg_write(tp, OCP_SRAM_DATA, 0xd73e);
		ocp_reg_write(tp, OCP_SRAM_DATA, 0x60e9);
		ocp_reg_write(tp, OCP_SRAM_DATA, 0x614a);
		ocp_reg_write(tp, OCP_SRAM_DATA, 0x61ab);
		ocp_reg_write(tp, OCP_SRAM_DATA, 0x0c0f);
		ocp_reg_write(tp, OCP_SRAM_DATA, 0x0501);
		ocp_reg_write(tp, OCP_SRAM_DATA, 0x1800);
		ocp_reg_write(tp, OCP_SRAM_DATA, 0x0304);
		ocp_reg_write(tp, OCP_SRAM_DATA, 0x0c0f);
		ocp_reg_write(tp, OCP_SRAM_DATA, 0x0503);
		ocp_reg_write(tp, OCP_SRAM_DATA, 0x1800);
		ocp_reg_write(tp, OCP_SRAM_DATA, 0x0304);
		ocp_reg_write(tp, OCP_SRAM_DATA, 0x0c0f);
		ocp_reg_write(tp, OCP_SRAM_DATA, 0x0505);
		ocp_reg_write(tp, OCP_SRAM_DATA, 0x1800);
		ocp_reg_write(tp, OCP_SRAM_DATA, 0x0304);
		ocp_reg_write(tp, OCP_SRAM_DATA, 0x0c0f);
		ocp_reg_write(tp, OCP_SRAM_DATA, 0x0509);
		ocp_reg_write(tp, OCP_SRAM_DATA, 0x1800);
		ocp_reg_write(tp, OCP_SRAM_DATA, 0x0304);
		ocp_reg_write(tp, OCP_SRAM_DATA, 0x653c);
		ocp_reg_write(tp, OCP_SRAM_DATA, 0xd73e);
		ocp_reg_write(tp, OCP_SRAM_DATA, 0x60e9);
		ocp_reg_write(tp, OCP_SRAM_DATA, 0x614a);
		ocp_reg_write(tp, OCP_SRAM_DATA, 0x61ab);
		ocp_reg_write(tp, OCP_SRAM_DATA, 0x0c0f);
		ocp_reg_write(tp, OCP_SRAM_DATA, 0x0503);
		ocp_reg_write(tp, OCP_SRAM_DATA, 0x1800);
		ocp_reg_write(tp, OCP_SRAM_DATA, 0x0304);
		ocp_reg_write(tp, OCP_SRAM_DATA, 0x0c0f);
		ocp_reg_write(tp, OCP_SRAM_DATA, 0x0502);
		ocp_reg_write(tp, OCP_SRAM_DATA, 0x1800);
		ocp_reg_write(tp, OCP_SRAM_DATA, 0x0304);
		ocp_reg_write(tp, OCP_SRAM_DATA, 0x0c0f);
		ocp_reg_write(tp, OCP_SRAM_DATA, 0x0506);
		ocp_reg_write(tp, OCP_SRAM_DATA, 0x1800);
		ocp_reg_write(tp, OCP_SRAM_DATA, 0x0304);
		ocp_reg_write(tp, OCP_SRAM_DATA, 0x0c0f);
		ocp_reg_write(tp, OCP_SRAM_DATA, 0x050a);
		ocp_reg_write(tp, OCP_SRAM_DATA, 0x1800);
		ocp_reg_write(tp, OCP_SRAM_DATA, 0x0304);
		ocp_reg_write(tp, OCP_SRAM_DATA, 0xd73e);
		ocp_reg_write(tp, OCP_SRAM_DATA, 0x60e9);
		ocp_reg_write(tp, OCP_SRAM_DATA, 0x614a);
		ocp_reg_write(tp, OCP_SRAM_DATA, 0x61ab);
		ocp_reg_write(tp, OCP_SRAM_DATA, 0x0c0f);
		ocp_reg_write(tp, OCP_SRAM_DATA, 0x0505);
		ocp_reg_write(tp, OCP_SRAM_DATA, 0x1800);
		ocp_reg_write(tp, OCP_SRAM_DATA, 0x0304);
		ocp_reg_write(tp, OCP_SRAM_DATA, 0x0c0f);
		ocp_reg_write(tp, OCP_SRAM_DATA, 0x0506);
		ocp_reg_write(tp, OCP_SRAM_DATA, 0x1800);
		ocp_reg_write(tp, OCP_SRAM_DATA, 0x0304);
		ocp_reg_write(tp, OCP_SRAM_DATA, 0x0c0f);
		ocp_reg_write(tp, OCP_SRAM_DATA, 0x0504);
		ocp_reg_write(tp, OCP_SRAM_DATA, 0x1800);
		ocp_reg_write(tp, OCP_SRAM_DATA, 0x0304);
		ocp_reg_write(tp, OCP_SRAM_DATA, 0x0c0f);
		ocp_reg_write(tp, OCP_SRAM_DATA, 0x050c);
		ocp_reg_write(tp, OCP_SRAM_DATA, 0x1800);
		ocp_reg_write(tp, OCP_SRAM_DATA, 0x0304);
		ocp_reg_write(tp, OCP_SRAM_DATA, 0xd73e);
		ocp_reg_write(tp, OCP_SRAM_DATA, 0x60e9);
		ocp_reg_write(tp, OCP_SRAM_DATA, 0x614a);
		ocp_reg_write(tp, OCP_SRAM_DATA, 0x61ab);
		ocp_reg_write(tp, OCP_SRAM_DATA, 0x0c0f);
		ocp_reg_write(tp, OCP_SRAM_DATA, 0x0509);
		ocp_reg_write(tp, OCP_SRAM_DATA, 0x1800);
		ocp_reg_write(tp, OCP_SRAM_DATA, 0x0304);
		ocp_reg_write(tp, OCP_SRAM_DATA, 0x0c0f);
		ocp_reg_write(tp, OCP_SRAM_DATA, 0x050a);
		ocp_reg_write(tp, OCP_SRAM_DATA, 0x1800);
		ocp_reg_write(tp, OCP_SRAM_DATA, 0x0304);
		ocp_reg_write(tp, OCP_SRAM_DATA, 0x0c0f);
		ocp_reg_write(tp, OCP_SRAM_DATA, 0x050c);
		ocp_reg_write(tp, OCP_SRAM_DATA, 0x1800);
		ocp_reg_write(tp, OCP_SRAM_DATA, 0x0304);
		ocp_reg_write(tp, OCP_SRAM_DATA, 0x0c0f);
		ocp_reg_write(tp, OCP_SRAM_DATA, 0x0508);
		ocp_reg_write(tp, OCP_SRAM_DATA, 0x1800);
		ocp_reg_write(tp, OCP_SRAM_DATA, 0x0304);
		ocp_reg_write(tp, OCP_SRAM_DATA, 0xd501);
		ocp_reg_write(tp, OCP_SRAM_DATA, 0xce01);
		ocp_reg_write(tp, OCP_SRAM_DATA, 0xd73e);
		ocp_reg_write(tp, OCP_SRAM_DATA, 0x60e9);
		ocp_reg_write(tp, OCP_SRAM_DATA, 0x614a);
		ocp_reg_write(tp, OCP_SRAM_DATA, 0x61ab);
		ocp_reg_write(tp, OCP_SRAM_DATA, 0x0c0f);
		ocp_reg_write(tp, OCP_SRAM_DATA, 0x0501);
		ocp_reg_write(tp, OCP_SRAM_DATA, 0x1800);
		ocp_reg_write(tp, OCP_SRAM_DATA, 0x0321);
		ocp_reg_write(tp, OCP_SRAM_DATA, 0x0c0f);
		ocp_reg_write(tp, OCP_SRAM_DATA, 0x0502);
		ocp_reg_write(tp, OCP_SRAM_DATA, 0x1800);
		ocp_reg_write(tp, OCP_SRAM_DATA, 0x0321);
		ocp_reg_write(tp, OCP_SRAM_DATA, 0x0c0f);
		ocp_reg_write(tp, OCP_SRAM_DATA, 0x0504);
		ocp_reg_write(tp, OCP_SRAM_DATA, 0x1800);
		ocp_reg_write(tp, OCP_SRAM_DATA, 0x0321);
		ocp_reg_write(tp, OCP_SRAM_DATA, 0x0c0f);
		ocp_reg_write(tp, OCP_SRAM_DATA, 0x0508);
		ocp_reg_write(tp, OCP_SRAM_DATA, 0x1800);
		ocp_reg_write(tp, OCP_SRAM_DATA, 0x0321);
		ocp_reg_write(tp, OCP_SRAM_DATA, 0x1000);
		ocp_reg_write(tp, OCP_SRAM_DATA, 0x0346);
		ocp_reg_write(tp, OCP_SRAM_DATA, 0xd501);
		ocp_reg_write(tp, OCP_SRAM_DATA, 0xce01);
		ocp_reg_write(tp, OCP_SRAM_DATA, 0x8208);
		ocp_reg_write(tp, OCP_SRAM_DATA, 0x609d);
		ocp_reg_write(tp, OCP_SRAM_DATA, 0xa50f);
		ocp_reg_write(tp, OCP_SRAM_DATA, 0x1800);
		ocp_reg_write(tp, OCP_SRAM_DATA, 0x001a);
		ocp_reg_write(tp, OCP_SRAM_DATA, 0x0c0f);
		ocp_reg_write(tp, OCP_SRAM_DATA, 0x0503);
		ocp_reg_write(tp, OCP_SRAM_DATA, 0x1800);
		ocp_reg_write(tp, OCP_SRAM_DATA, 0x001a);
		ocp_reg_write(tp, OCP_SRAM_DATA, 0x607d);
		ocp_reg_write(tp, OCP_SRAM_DATA, 0x1800);
		ocp_reg_write(tp, OCP_SRAM_DATA, 0x00ab);
		ocp_reg_write(tp, OCP_SRAM_DATA, 0x1800);
		ocp_reg_write(tp, OCP_SRAM_DATA, 0x00ab);
		ocp_reg_write(tp, OCP_SRAM_DATA, 0xd501);
		ocp_reg_write(tp, OCP_SRAM_DATA, 0xce01);
		ocp_reg_write(tp, OCP_SRAM_DATA, 0xd700);
		ocp_reg_write(tp, OCP_SRAM_DATA, 0x60fd);
		ocp_reg_write(tp, OCP_SRAM_DATA, 0xa50f);
		ocp_reg_write(tp, OCP_SRAM_DATA, 0xce00);
		ocp_reg_write(tp, OCP_SRAM_DATA, 0xd500);
		ocp_reg_write(tp, OCP_SRAM_DATA, 0xaa0f);
		ocp_reg_write(tp, OCP_SRAM_DATA, 0x1800);
		ocp_reg_write(tp, OCP_SRAM_DATA, 0x017b);
		ocp_reg_write(tp, OCP_SRAM_DATA, 0x0c0f);
		ocp_reg_write(tp, OCP_SRAM_DATA, 0x0503);
		ocp_reg_write(tp, OCP_SRAM_DATA, 0xce00);
		ocp_reg_write(tp, OCP_SRAM_DATA, 0xd500);
		ocp_reg_write(tp, OCP_SRAM_DATA, 0x0c0f);
		ocp_reg_write(tp, OCP_SRAM_DATA, 0x0a05);
		ocp_reg_write(tp, OCP_SRAM_DATA, 0x1800);
		ocp_reg_write(tp, OCP_SRAM_DATA, 0x017b);
		ocp_reg_write(tp, OCP_SRAM_DATA, 0xd501);
		ocp_reg_write(tp, OCP_SRAM_DATA, 0xce01);
		ocp_reg_write(tp, OCP_SRAM_DATA, 0xd700);
		ocp_reg_write(tp, OCP_SRAM_DATA, 0x60fd);
		ocp_reg_write(tp, OCP_SRAM_DATA, 0xa50f);
		ocp_reg_write(tp, OCP_SRAM_DATA, 0xce00);
		ocp_reg_write(tp, OCP_SRAM_DATA, 0xd500);
		ocp_reg_write(tp, OCP_SRAM_DATA, 0xaa0f);
		ocp_reg_write(tp, OCP_SRAM_DATA, 0x1800);
		ocp_reg_write(tp, OCP_SRAM_DATA, 0x01e0);
		ocp_reg_write(tp, OCP_SRAM_DATA, 0x0c0f);
		ocp_reg_write(tp, OCP_SRAM_DATA, 0x0503);
		ocp_reg_write(tp, OCP_SRAM_DATA, 0xce00);
		ocp_reg_write(tp, OCP_SRAM_DATA, 0xd500);
		ocp_reg_write(tp, OCP_SRAM_DATA, 0x0c0f);
		ocp_reg_write(tp, OCP_SRAM_DATA, 0x0a05);
		ocp_reg_write(tp, OCP_SRAM_DATA, 0x1800);
		ocp_reg_write(tp, OCP_SRAM_DATA, 0x01e0);
		ocp_reg_write(tp, OCP_SRAM_DATA, 0xd700);
		ocp_reg_write(tp, OCP_SRAM_DATA, 0x60fd);
		ocp_reg_write(tp, OCP_SRAM_DATA, 0xa50f);
		ocp_reg_write(tp, OCP_SRAM_DATA, 0xce00);
		ocp_reg_write(tp, OCP_SRAM_DATA, 0xd500);
		ocp_reg_write(tp, OCP_SRAM_DATA, 0xaa0f);
		ocp_reg_write(tp, OCP_SRAM_DATA, 0x1800);
		ocp_reg_write(tp, OCP_SRAM_DATA, 0x0231);
		ocp_reg_write(tp, OCP_SRAM_DATA, 0x0c0f);
		ocp_reg_write(tp, OCP_SRAM_DATA, 0x0503);
		ocp_reg_write(tp, OCP_SRAM_DATA, 0xce00);
		ocp_reg_write(tp, OCP_SRAM_DATA, 0xd500);
		ocp_reg_write(tp, OCP_SRAM_DATA, 0x0c0f);
		ocp_reg_write(tp, OCP_SRAM_DATA, 0x0a05);
		ocp_reg_write(tp, OCP_SRAM_DATA, 0x1800);
		ocp_reg_write(tp, OCP_SRAM_DATA, 0x0231);
		sram_write(tp, 0xA08E, 0xffff);
		sram_write(tp, 0xA08C, 0x0221);
		sram_write(tp, 0xA08A, 0x01ce);
		sram_write(tp, 0xA088, 0x0169);
		sram_write(tp, 0xA086, 0x00a6);
		sram_write(tp, 0xA084, 0x000d);
		sram_write(tp, 0xA082, 0x0308);
		sram_write(tp, 0xA080, 0x029f);
		sram_write(tp, 0xA090, 0x007f);

		/* nc2_patch_180508_usb */
		sram_write(tp, 0xA016, 0x0020);
		sram_write(tp, 0xA012, 0x0000);
		ocp_reg_write(tp, OCP_SRAM_ADDR, 0xA014);
		ocp_reg_write(tp, OCP_SRAM_DATA, 0x1800);
		ocp_reg_write(tp, OCP_SRAM_DATA, 0x8010);
		ocp_reg_write(tp, OCP_SRAM_DATA, 0x1800);
		ocp_reg_write(tp, OCP_SRAM_DATA, 0x8017);
		ocp_reg_write(tp, OCP_SRAM_DATA, 0x1800);
		ocp_reg_write(tp, OCP_SRAM_DATA, 0x801b);
		ocp_reg_write(tp, OCP_SRAM_DATA, 0x1800);
		ocp_reg_write(tp, OCP_SRAM_DATA, 0x8029);
		ocp_reg_write(tp, OCP_SRAM_DATA, 0x1800);
		ocp_reg_write(tp, OCP_SRAM_DATA, 0x8054);
		ocp_reg_write(tp, OCP_SRAM_DATA, 0x1800);
		ocp_reg_write(tp, OCP_SRAM_DATA, 0x805a);
		ocp_reg_write(tp, OCP_SRAM_DATA, 0x1800);
		ocp_reg_write(tp, OCP_SRAM_DATA, 0x8064);
		ocp_reg_write(tp, OCP_SRAM_DATA, 0x1800);
		ocp_reg_write(tp, OCP_SRAM_DATA, 0x80a7);
		ocp_reg_write(tp, OCP_SRAM_DATA, 0x9430);
		ocp_reg_write(tp, OCP_SRAM_DATA, 0x9480);
		ocp_reg_write(tp, OCP_SRAM_DATA, 0xb408);
		ocp_reg_write(tp, OCP_SRAM_DATA, 0xd120);
		ocp_reg_write(tp, OCP_SRAM_DATA, 0xd057);
		ocp_reg_write(tp, OCP_SRAM_DATA, 0x1800);
		ocp_reg_write(tp, OCP_SRAM_DATA, 0x064b);
		ocp_reg_write(tp, OCP_SRAM_DATA, 0xcb80);
		ocp_reg_write(tp, OCP_SRAM_DATA, 0x9906);
		ocp_reg_write(tp, OCP_SRAM_DATA, 0x1800);
		ocp_reg_write(tp, OCP_SRAM_DATA, 0x0567);
		ocp_reg_write(tp, OCP_SRAM_DATA, 0xcb94);
		ocp_reg_write(tp, OCP_SRAM_DATA, 0x8190);
		ocp_reg_write(tp, OCP_SRAM_DATA, 0x82a0);
		ocp_reg_write(tp, OCP_SRAM_DATA, 0x800a);
		ocp_reg_write(tp, OCP_SRAM_DATA, 0x8406);
		ocp_reg_write(tp, OCP_SRAM_DATA, 0x8010);
		ocp_reg_write(tp, OCP_SRAM_DATA, 0xa740);
		ocp_reg_write(tp, OCP_SRAM_DATA, 0x8dff);
		ocp_reg_write(tp, OCP_SRAM_DATA, 0x1000);
		ocp_reg_write(tp, OCP_SRAM_DATA, 0x07e4);
		ocp_reg_write(tp, OCP_SRAM_DATA, 0xa840);
		ocp_reg_write(tp, OCP_SRAM_DATA, 0x0000);
		ocp_reg_write(tp, OCP_SRAM_DATA, 0x1800);
		ocp_reg_write(tp, OCP_SRAM_DATA, 0x0773);
		ocp_reg_write(tp, OCP_SRAM_DATA, 0xcb91);
		ocp_reg_write(tp, OCP_SRAM_DATA, 0x0000);
		ocp_reg_write(tp, OCP_SRAM_DATA, 0xd700);
		ocp_reg_write(tp, OCP_SRAM_DATA, 0x4063);
		ocp_reg_write(tp, OCP_SRAM_DATA, 0xd139);
		ocp_reg_write(tp, OCP_SRAM_DATA, 0xf002);
		ocp_reg_write(tp, OCP_SRAM_DATA, 0xd140);
		ocp_reg_write(tp, OCP_SRAM_DATA, 0xd040);
		ocp_reg_write(tp, OCP_SRAM_DATA, 0xb404);
		ocp_reg_write(tp, OCP_SRAM_DATA, 0x0c0f);
		ocp_reg_write(tp, OCP_SRAM_DATA, 0x0d00);
		ocp_reg_write(tp, OCP_SRAM_DATA, 0x1000);
		ocp_reg_write(tp, OCP_SRAM_DATA, 0x07dc);
		ocp_reg_write(tp, OCP_SRAM_DATA, 0xa610);
		ocp_reg_write(tp, OCP_SRAM_DATA, 0xa110);
		ocp_reg_write(tp, OCP_SRAM_DATA, 0xa2a0);
		ocp_reg_write(tp, OCP_SRAM_DATA, 0xa404);
		ocp_reg_write(tp, OCP_SRAM_DATA, 0xd704);
		ocp_reg_write(tp, OCP_SRAM_DATA, 0x4045);
		ocp_reg_write(tp, OCP_SRAM_DATA, 0xa180);
		ocp_reg_write(tp, OCP_SRAM_DATA, 0xd704);
		ocp_reg_write(tp, OCP_SRAM_DATA, 0x405d);
		ocp_reg_write(tp, OCP_SRAM_DATA, 0xa720);
		ocp_reg_write(tp, OCP_SRAM_DATA, 0x1000);
		ocp_reg_write(tp, OCP_SRAM_DATA, 0x0742);
		ocp_reg_write(tp, OCP_SRAM_DATA, 0x1000);
		ocp_reg_write(tp, OCP_SRAM_DATA, 0x07ec);
		ocp_reg_write(tp, OCP_SRAM_DATA, 0xd700);
		ocp_reg_write(tp, OCP_SRAM_DATA, 0x5f74);
		ocp_reg_write(tp, OCP_SRAM_DATA, 0x1000);
		ocp_reg_write(tp, OCP_SRAM_DATA, 0x0742);
		ocp_reg_write(tp, OCP_SRAM_DATA, 0xd702);
		ocp_reg_write(tp, OCP_SRAM_DATA, 0x7fb6);
		ocp_reg_write(tp, OCP_SRAM_DATA, 0x8190);
		ocp_reg_write(tp, OCP_SRAM_DATA, 0x82a0);
		ocp_reg_write(tp, OCP_SRAM_DATA, 0x8404);
		ocp_reg_write(tp, OCP_SRAM_DATA, 0x8610);
		ocp_reg_write(tp, OCP_SRAM_DATA, 0x0c0f);
		ocp_reg_write(tp, OCP_SRAM_DATA, 0x0d01);
		ocp_reg_write(tp, OCP_SRAM_DATA, 0x1000);
		ocp_reg_write(tp, OCP_SRAM_DATA, 0x07dc);
		ocp_reg_write(tp, OCP_SRAM_DATA, 0x1800);
		ocp_reg_write(tp, OCP_SRAM_DATA, 0x064b);
		ocp_reg_write(tp, OCP_SRAM_DATA, 0x1000);
		ocp_reg_write(tp, OCP_SRAM_DATA, 0x07c0);
		ocp_reg_write(tp, OCP_SRAM_DATA, 0xd700);
		ocp_reg_write(tp, OCP_SRAM_DATA, 0x5fa7);
		ocp_reg_write(tp, OCP_SRAM_DATA, 0x1800);
		ocp_reg_write(tp, OCP_SRAM_DATA, 0x0481);
		ocp_reg_write(tp, OCP_SRAM_DATA, 0x0000);
		ocp_reg_write(tp, OCP_SRAM_DATA, 0x94bc);
		ocp_reg_write(tp, OCP_SRAM_DATA, 0x870c);
		ocp_reg_write(tp, OCP_SRAM_DATA, 0xa190);
		ocp_reg_write(tp, OCP_SRAM_DATA, 0xa00a);
		ocp_reg_write(tp, OCP_SRAM_DATA, 0xa280);
		ocp_reg_write(tp, OCP_SRAM_DATA, 0xa404);
		ocp_reg_write(tp, OCP_SRAM_DATA, 0x8220);
		ocp_reg_write(tp, OCP_SRAM_DATA, 0x1800);
		ocp_reg_write(tp, OCP_SRAM_DATA, 0x078e);
		ocp_reg_write(tp, OCP_SRAM_DATA, 0xcb92);
		ocp_reg_write(tp, OCP_SRAM_DATA, 0xa840);
		ocp_reg_write(tp, OCP_SRAM_DATA, 0xd700);
		ocp_reg_write(tp, OCP_SRAM_DATA, 0x4063);
		ocp_reg_write(tp, OCP_SRAM_DATA, 0xd140);
		ocp_reg_write(tp, OCP_SRAM_DATA, 0xf002);
		ocp_reg_write(tp, OCP_SRAM_DATA, 0xd150);
		ocp_reg_write(tp, OCP_SRAM_DATA, 0xd040);
		ocp_reg_write(tp, OCP_SRAM_DATA, 0xd703);
		ocp_reg_write(tp, OCP_SRAM_DATA, 0x60a0);
		ocp_reg_write(tp, OCP_SRAM_DATA, 0x6121);
		ocp_reg_write(tp, OCP_SRAM_DATA, 0x61a2);
		ocp_reg_write(tp, OCP_SRAM_DATA, 0x6223);
		ocp_reg_write(tp, OCP_SRAM_DATA, 0xf02f);
		ocp_reg_write(tp, OCP_SRAM_DATA, 0x0cf0);
		ocp_reg_write(tp, OCP_SRAM_DATA, 0x0d10);
		ocp_reg_write(tp, OCP_SRAM_DATA, 0x8010);
		ocp_reg_write(tp, OCP_SRAM_DATA, 0xa740);
		ocp_reg_write(tp, OCP_SRAM_DATA, 0xf00f);
		ocp_reg_write(tp, OCP_SRAM_DATA, 0x0cf0);
		ocp_reg_write(tp, OCP_SRAM_DATA, 0x0d20);
		ocp_reg_write(tp, OCP_SRAM_DATA, 0x8010);
		ocp_reg_write(tp, OCP_SRAM_DATA, 0xa740);
		ocp_reg_write(tp, OCP_SRAM_DATA, 0xf00a);
		ocp_reg_write(tp, OCP_SRAM_DATA, 0x0cf0);
		ocp_reg_write(tp, OCP_SRAM_DATA, 0x0d30);
		ocp_reg_write(tp, OCP_SRAM_DATA, 0x8010);
		ocp_reg_write(tp, OCP_SRAM_DATA, 0xa740);
		ocp_reg_write(tp, OCP_SRAM_DATA, 0xf005);
		ocp_reg_write(tp, OCP_SRAM_DATA, 0x0cf0);
		ocp_reg_write(tp, OCP_SRAM_DATA, 0x0d40);
		ocp_reg_write(tp, OCP_SRAM_DATA, 0x8010);
		ocp_reg_write(tp, OCP_SRAM_DATA, 0xa740);
		ocp_reg_write(tp, OCP_SRAM_DATA, 0x1000);
		ocp_reg_write(tp, OCP_SRAM_DATA, 0x07e4);
		ocp_reg_write(tp, OCP_SRAM_DATA, 0xa610);
		ocp_reg_write(tp, OCP_SRAM_DATA, 0xa008);
		ocp_reg_write(tp, OCP_SRAM_DATA, 0xd704);
		ocp_reg_write(tp, OCP_SRAM_DATA, 0x4046);
		ocp_reg_write(tp, OCP_SRAM_DATA, 0xa002);
		ocp_reg_write(tp, OCP_SRAM_DATA, 0xd704);
		ocp_reg_write(tp, OCP_SRAM_DATA, 0x405d);
		ocp_reg_write(tp, OCP_SRAM_DATA, 0xa720);
		ocp_reg_write(tp, OCP_SRAM_DATA, 0x1000);
		ocp_reg_write(tp, OCP_SRAM_DATA, 0x0742);
		ocp_reg_write(tp, OCP_SRAM_DATA, 0x1000);
		ocp_reg_write(tp, OCP_SRAM_DATA, 0x07f7);
		ocp_reg_write(tp, OCP_SRAM_DATA, 0xd700);
		ocp_reg_write(tp, OCP_SRAM_DATA, 0x5f74);
		ocp_reg_write(tp, OCP_SRAM_DATA, 0x1000);
		ocp_reg_write(tp, OCP_SRAM_DATA, 0x0742);
		ocp_reg_write(tp, OCP_SRAM_DATA, 0xd702);
		ocp_reg_write(tp, OCP_SRAM_DATA, 0x7fb5);
		ocp_reg_write(tp, OCP_SRAM_DATA, 0x800a);
		ocp_reg_write(tp, OCP_SRAM_DATA, 0x0cf0);
		ocp_reg_write(tp, OCP_SRAM_DATA, 0x0d00);
		ocp_reg_write(tp, OCP_SRAM_DATA, 0x1000);
		ocp_reg_write(tp, OCP_SRAM_DATA, 0x07e4);
		ocp_reg_write(tp, OCP_SRAM_DATA, 0x8010);
		ocp_reg_write(tp, OCP_SRAM_DATA, 0xa740);
		ocp_reg_write(tp, OCP_SRAM_DATA, 0xd701);
		ocp_reg_write(tp, OCP_SRAM_DATA, 0x3ad4);
		ocp_reg_write(tp, OCP_SRAM_DATA, 0x0537);
		ocp_reg_write(tp, OCP_SRAM_DATA, 0x8610);
		ocp_reg_write(tp, OCP_SRAM_DATA, 0x8840);
		ocp_reg_write(tp, OCP_SRAM_DATA, 0x1800);
		ocp_reg_write(tp, OCP_SRAM_DATA, 0x064b);
		ocp_reg_write(tp, OCP_SRAM_DATA, 0x8301);
		ocp_reg_write(tp, OCP_SRAM_DATA, 0x800a);
		ocp_reg_write(tp, OCP_SRAM_DATA, 0x8190);
		ocp_reg_write(tp, OCP_SRAM_DATA, 0x82a0);
		ocp_reg_write(tp, OCP_SRAM_DATA, 0x8404);
		ocp_reg_write(tp, OCP_SRAM_DATA, 0xa70c);
		ocp_reg_write(tp, OCP_SRAM_DATA, 0x9402);
		ocp_reg_write(tp, OCP_SRAM_DATA, 0x890c);
		ocp_reg_write(tp, OCP_SRAM_DATA, 0x8840);
		ocp_reg_write(tp, OCP_SRAM_DATA, 0x1800);
		ocp_reg_write(tp, OCP_SRAM_DATA, 0x064b);
		sram_write(tp, 0xA10E, 0x0642);
		sram_write(tp, 0xA10C, 0x0686);
		sram_write(tp, 0xA10A, 0x0788);
		sram_write(tp, 0xA108, 0x047b);
		sram_write(tp, 0xA106, 0x065c);
		sram_write(tp, 0xA104, 0x0769);
		sram_write(tp, 0xA102, 0x0565);
		sram_write(tp, 0xA100, 0x06f9);
		sram_write(tp, 0xA110, 0x00ff);

		/* uc2_patch_180507_usb */
		sram_write(tp, 0xb87c, 0x8530);
		ocp_reg_write(tp, OCP_SRAM_ADDR, 0xb87e);
		ocp_reg_write(tp, OCP_SRAM_DATA, 0xaf85);
		ocp_reg_write(tp, OCP_SRAM_DATA, 0x3caf);
		ocp_reg_write(tp, OCP_SRAM_DATA, 0x8593);
		ocp_reg_write(tp, OCP_SRAM_DATA, 0xaf85);
		ocp_reg_write(tp, OCP_SRAM_DATA, 0x9caf);
		ocp_reg_write(tp, OCP_SRAM_DATA, 0x85a5);
		ocp_reg_write(tp, OCP_SRAM_DATA, 0xbf86);
		ocp_reg_write(tp, OCP_SRAM_DATA, 0xd702);
		ocp_reg_write(tp, OCP_SRAM_DATA, 0x5afb);
		ocp_reg_write(tp, OCP_SRAM_DATA, 0xe083);
		ocp_reg_write(tp, OCP_SRAM_DATA, 0xfb0c);
		ocp_reg_write(tp, OCP_SRAM_DATA, 0x020d);
		ocp_reg_write(tp, OCP_SRAM_DATA, 0x021b);
		ocp_reg_write(tp, OCP_SRAM_DATA, 0x10bf);
		ocp_reg_write(tp, OCP_SRAM_DATA, 0x86d7);
		ocp_reg_write(tp, OCP_SRAM_DATA, 0x025a);
		ocp_reg_write(tp, OCP_SRAM_DATA, 0xb7bf);
		ocp_reg_write(tp, OCP_SRAM_DATA, 0x86da);
		ocp_reg_write(tp, OCP_SRAM_DATA, 0x025a);
		ocp_reg_write(tp, OCP_SRAM_DATA, 0xfbe0);
		ocp_reg_write(tp, OCP_SRAM_DATA, 0x83fc);
		ocp_reg_write(tp, OCP_SRAM_DATA, 0x0c02);
		ocp_reg_write(tp, OCP_SRAM_DATA, 0x0d02);
		ocp_reg_write(tp, OCP_SRAM_DATA, 0x1b10);
		ocp_reg_write(tp, OCP_SRAM_DATA, 0xbf86);
		ocp_reg_write(tp, OCP_SRAM_DATA, 0xda02);
		ocp_reg_write(tp, OCP_SRAM_DATA, 0x5ab7);
		ocp_reg_write(tp, OCP_SRAM_DATA, 0xbf86);
		ocp_reg_write(tp, OCP_SRAM_DATA, 0xdd02);
		ocp_reg_write(tp, OCP_SRAM_DATA, 0x5afb);
		ocp_reg_write(tp, OCP_SRAM_DATA, 0xe083);
		ocp_reg_write(tp, OCP_SRAM_DATA, 0xfd0c);
		ocp_reg_write(tp, OCP_SRAM_DATA, 0x020d);
		ocp_reg_write(tp, OCP_SRAM_DATA, 0x021b);
		ocp_reg_write(tp, OCP_SRAM_DATA, 0x10bf);
		ocp_reg_write(tp, OCP_SRAM_DATA, 0x86dd);
		ocp_reg_write(tp, OCP_SRAM_DATA, 0x025a);
		ocp_reg_write(tp, OCP_SRAM_DATA, 0xb7bf);
		ocp_reg_write(tp, OCP_SRAM_DATA, 0x86e0);
		ocp_reg_write(tp, OCP_SRAM_DATA, 0x025a);
		ocp_reg_write(tp, OCP_SRAM_DATA, 0xfbe0);
		ocp_reg_write(tp, OCP_SRAM_DATA, 0x83fe);
		ocp_reg_write(tp, OCP_SRAM_DATA, 0x0c02);
		ocp_reg_write(tp, OCP_SRAM_DATA, 0x0d02);
		ocp_reg_write(tp, OCP_SRAM_DATA, 0x1b10);
		ocp_reg_write(tp, OCP_SRAM_DATA, 0xbf86);
		ocp_reg_write(tp, OCP_SRAM_DATA, 0xe002);
		ocp_reg_write(tp, OCP_SRAM_DATA, 0x5ab7);
		ocp_reg_write(tp, OCP_SRAM_DATA, 0xaf2f);
		ocp_reg_write(tp, OCP_SRAM_DATA, 0xbd02);
		ocp_reg_write(tp, OCP_SRAM_DATA, 0x2cac);
		ocp_reg_write(tp, OCP_SRAM_DATA, 0x0286);
		ocp_reg_write(tp, OCP_SRAM_DATA, 0x65af);
		ocp_reg_write(tp, OCP_SRAM_DATA, 0x212b);
		ocp_reg_write(tp, OCP_SRAM_DATA, 0x022c);
		ocp_reg_write(tp, OCP_SRAM_DATA, 0x6002);
		ocp_reg_write(tp, OCP_SRAM_DATA, 0x86b6);
		ocp_reg_write(tp, OCP_SRAM_DATA, 0xaf21);
		ocp_reg_write(tp, OCP_SRAM_DATA, 0x0cd1);
		ocp_reg_write(tp, OCP_SRAM_DATA, 0x03bf);
		ocp_reg_write(tp, OCP_SRAM_DATA, 0x8710);
		ocp_reg_write(tp, OCP_SRAM_DATA, 0x025a);
		ocp_reg_write(tp, OCP_SRAM_DATA, 0xb7bf);
		ocp_reg_write(tp, OCP_SRAM_DATA, 0x870d);
		ocp_reg_write(tp, OCP_SRAM_DATA, 0x025a);
		ocp_reg_write(tp, OCP_SRAM_DATA, 0xb7bf);
		ocp_reg_write(tp, OCP_SRAM_DATA, 0x8719);
		ocp_reg_write(tp, OCP_SRAM_DATA, 0x025a);
		ocp_reg_write(tp, OCP_SRAM_DATA, 0xb7bf);
		ocp_reg_write(tp, OCP_SRAM_DATA, 0x8716);
		ocp_reg_write(tp, OCP_SRAM_DATA, 0x025a);
		ocp_reg_write(tp, OCP_SRAM_DATA, 0xb7bf);
		ocp_reg_write(tp, OCP_SRAM_DATA, 0x871f);
		ocp_reg_write(tp, OCP_SRAM_DATA, 0x025a);
		ocp_reg_write(tp, OCP_SRAM_DATA, 0xb7bf);
		ocp_reg_write(tp, OCP_SRAM_DATA, 0x871c);
		ocp_reg_write(tp, OCP_SRAM_DATA, 0x025a);
		ocp_reg_write(tp, OCP_SRAM_DATA, 0xb7bf);
		ocp_reg_write(tp, OCP_SRAM_DATA, 0x8728);
		ocp_reg_write(tp, OCP_SRAM_DATA, 0x025a);
		ocp_reg_write(tp, OCP_SRAM_DATA, 0xb7bf);
		ocp_reg_write(tp, OCP_SRAM_DATA, 0x8725);
		ocp_reg_write(tp, OCP_SRAM_DATA, 0x025a);
		ocp_reg_write(tp, OCP_SRAM_DATA, 0xb7bf);
		ocp_reg_write(tp, OCP_SRAM_DATA, 0x8707);
		ocp_reg_write(tp, OCP_SRAM_DATA, 0x025a);
		ocp_reg_write(tp, OCP_SRAM_DATA, 0xfbad);
		ocp_reg_write(tp, OCP_SRAM_DATA, 0x281c);
		ocp_reg_write(tp, OCP_SRAM_DATA, 0xd100);
		ocp_reg_write(tp, OCP_SRAM_DATA, 0xbf87);
		ocp_reg_write(tp, OCP_SRAM_DATA, 0x0a02);
		ocp_reg_write(tp, OCP_SRAM_DATA, 0x5ab7);
		ocp_reg_write(tp, OCP_SRAM_DATA, 0xbf87);
		ocp_reg_write(tp, OCP_SRAM_DATA, 0x1302);
		ocp_reg_write(tp, OCP_SRAM_DATA, 0x5ab7);
		ocp_reg_write(tp, OCP_SRAM_DATA, 0xbf87);
		ocp_reg_write(tp, OCP_SRAM_DATA, 0x2202);
		ocp_reg_write(tp, OCP_SRAM_DATA, 0x5ab7);
		ocp_reg_write(tp, OCP_SRAM_DATA, 0xbf87);
		ocp_reg_write(tp, OCP_SRAM_DATA, 0x2b02);
		ocp_reg_write(tp, OCP_SRAM_DATA, 0x5ab7);
		ocp_reg_write(tp, OCP_SRAM_DATA, 0xae1a);
		ocp_reg_write(tp, OCP_SRAM_DATA, 0xd101);
		ocp_reg_write(tp, OCP_SRAM_DATA, 0xbf87);
		ocp_reg_write(tp, OCP_SRAM_DATA, 0x0a02);
		ocp_reg_write(tp, OCP_SRAM_DATA, 0x5ab7);
		ocp_reg_write(tp, OCP_SRAM_DATA, 0xbf87);
		ocp_reg_write(tp, OCP_SRAM_DATA, 0x1302);
		ocp_reg_write(tp, OCP_SRAM_DATA, 0x5ab7);
		ocp_reg_write(tp, OCP_SRAM_DATA, 0xbf87);
		ocp_reg_write(tp, OCP_SRAM_DATA, 0x2202);
		ocp_reg_write(tp, OCP_SRAM_DATA, 0x5ab7);
		ocp_reg_write(tp, OCP_SRAM_DATA, 0xbf87);
		ocp_reg_write(tp, OCP_SRAM_DATA, 0x2b02);
		ocp_reg_write(tp, OCP_SRAM_DATA, 0x5ab7);
		ocp_reg_write(tp, OCP_SRAM_DATA, 0xd101);
		ocp_reg_write(tp, OCP_SRAM_DATA, 0xbf87);
		ocp_reg_write(tp, OCP_SRAM_DATA, 0x3402);
		ocp_reg_write(tp, OCP_SRAM_DATA, 0x5ab7);
		ocp_reg_write(tp, OCP_SRAM_DATA, 0xbf87);
		ocp_reg_write(tp, OCP_SRAM_DATA, 0x3102);
		ocp_reg_write(tp, OCP_SRAM_DATA, 0x5ab7);
		ocp_reg_write(tp, OCP_SRAM_DATA, 0xbf87);
		ocp_reg_write(tp, OCP_SRAM_DATA, 0x3d02);
		ocp_reg_write(tp, OCP_SRAM_DATA, 0x5ab7);
		ocp_reg_write(tp, OCP_SRAM_DATA, 0xbf87);
		ocp_reg_write(tp, OCP_SRAM_DATA, 0x3a02);
		ocp_reg_write(tp, OCP_SRAM_DATA, 0x5ab7);
		ocp_reg_write(tp, OCP_SRAM_DATA, 0xbf87);
		ocp_reg_write(tp, OCP_SRAM_DATA, 0x4302);
		ocp_reg_write(tp, OCP_SRAM_DATA, 0x5ab7);
		ocp_reg_write(tp, OCP_SRAM_DATA, 0xbf87);
		ocp_reg_write(tp, OCP_SRAM_DATA, 0x4002);
		ocp_reg_write(tp, OCP_SRAM_DATA, 0x5ab7);
		ocp_reg_write(tp, OCP_SRAM_DATA, 0xbf87);
		ocp_reg_write(tp, OCP_SRAM_DATA, 0x4c02);
		ocp_reg_write(tp, OCP_SRAM_DATA, 0x5ab7);
		ocp_reg_write(tp, OCP_SRAM_DATA, 0xbf87);
		ocp_reg_write(tp, OCP_SRAM_DATA, 0x4902);
		ocp_reg_write(tp, OCP_SRAM_DATA, 0x5ab7);
		ocp_reg_write(tp, OCP_SRAM_DATA, 0xd100);
		ocp_reg_write(tp, OCP_SRAM_DATA, 0xbf87);
		ocp_reg_write(tp, OCP_SRAM_DATA, 0x2e02);
		ocp_reg_write(tp, OCP_SRAM_DATA, 0x5ab7);
		ocp_reg_write(tp, OCP_SRAM_DATA, 0xbf87);
		ocp_reg_write(tp, OCP_SRAM_DATA, 0x3702);
		ocp_reg_write(tp, OCP_SRAM_DATA, 0x5ab7);
		ocp_reg_write(tp, OCP_SRAM_DATA, 0xbf87);
		ocp_reg_write(tp, OCP_SRAM_DATA, 0x4602);
		ocp_reg_write(tp, OCP_SRAM_DATA, 0x5ab7);
		ocp_reg_write(tp, OCP_SRAM_DATA, 0xbf87);
		ocp_reg_write(tp, OCP_SRAM_DATA, 0x4f02);
		ocp_reg_write(tp, OCP_SRAM_DATA, 0x5ab7);
		ocp_reg_write(tp, OCP_SRAM_DATA, 0xaf35);
		ocp_reg_write(tp, OCP_SRAM_DATA, 0x7ff8);
		ocp_reg_write(tp, OCP_SRAM_DATA, 0xfaef);
		ocp_reg_write(tp, OCP_SRAM_DATA, 0x69bf);
		ocp_reg_write(tp, OCP_SRAM_DATA, 0x86e3);
		ocp_reg_write(tp, OCP_SRAM_DATA, 0x025a);
		ocp_reg_write(tp, OCP_SRAM_DATA, 0xfbbf);
		ocp_reg_write(tp, OCP_SRAM_DATA, 0x86fb);
		ocp_reg_write(tp, OCP_SRAM_DATA, 0x025a);
		ocp_reg_write(tp, OCP_SRAM_DATA, 0xb7bf);
		ocp_reg_write(tp, OCP_SRAM_DATA, 0x86e6);
		ocp_reg_write(tp, OCP_SRAM_DATA, 0x025a);
		ocp_reg_write(tp, OCP_SRAM_DATA, 0xfbbf);
		ocp_reg_write(tp, OCP_SRAM_DATA, 0x86fe);
		ocp_reg_write(tp, OCP_SRAM_DATA, 0x025a);
		ocp_reg_write(tp, OCP_SRAM_DATA, 0xb7bf);
		ocp_reg_write(tp, OCP_SRAM_DATA, 0x86e9);
		ocp_reg_write(tp, OCP_SRAM_DATA, 0x025a);
		ocp_reg_write(tp, OCP_SRAM_DATA, 0xfbbf);
		ocp_reg_write(tp, OCP_SRAM_DATA, 0x8701);
		ocp_reg_write(tp, OCP_SRAM_DATA, 0x025a);
		ocp_reg_write(tp, OCP_SRAM_DATA, 0xb7bf);
		ocp_reg_write(tp, OCP_SRAM_DATA, 0x86ec);
		ocp_reg_write(tp, OCP_SRAM_DATA, 0x025a);
		ocp_reg_write(tp, OCP_SRAM_DATA, 0xfbbf);
		ocp_reg_write(tp, OCP_SRAM_DATA, 0x8704);
		ocp_reg_write(tp, OCP_SRAM_DATA, 0x025a);
		ocp_reg_write(tp, OCP_SRAM_DATA, 0xb7bf);
		ocp_reg_write(tp, OCP_SRAM_DATA, 0x86ef);
		ocp_reg_write(tp, OCP_SRAM_DATA, 0x0262);
		ocp_reg_write(tp, OCP_SRAM_DATA, 0x7cbf);
		ocp_reg_write(tp, OCP_SRAM_DATA, 0x86f2);
		ocp_reg_write(tp, OCP_SRAM_DATA, 0x0262);
		ocp_reg_write(tp, OCP_SRAM_DATA, 0x7cbf);
		ocp_reg_write(tp, OCP_SRAM_DATA, 0x86f5);
		ocp_reg_write(tp, OCP_SRAM_DATA, 0x0262);
		ocp_reg_write(tp, OCP_SRAM_DATA, 0x7cbf);
		ocp_reg_write(tp, OCP_SRAM_DATA, 0x86f8);
		ocp_reg_write(tp, OCP_SRAM_DATA, 0x0262);
		ocp_reg_write(tp, OCP_SRAM_DATA, 0x7cef);
		ocp_reg_write(tp, OCP_SRAM_DATA, 0x96fe);
		ocp_reg_write(tp, OCP_SRAM_DATA, 0xfc04);
		ocp_reg_write(tp, OCP_SRAM_DATA, 0xf8fa);
		ocp_reg_write(tp, OCP_SRAM_DATA, 0xef69);
		ocp_reg_write(tp, OCP_SRAM_DATA, 0xbf86);
		ocp_reg_write(tp, OCP_SRAM_DATA, 0xef02);
		ocp_reg_write(tp, OCP_SRAM_DATA, 0x6273);
		ocp_reg_write(tp, OCP_SRAM_DATA, 0xbf86);
		ocp_reg_write(tp, OCP_SRAM_DATA, 0xf202);
		ocp_reg_write(tp, OCP_SRAM_DATA, 0x6273);
		ocp_reg_write(tp, OCP_SRAM_DATA, 0xbf86);
		ocp_reg_write(tp, OCP_SRAM_DATA, 0xf502);
		ocp_reg_write(tp, OCP_SRAM_DATA, 0x6273);
		ocp_reg_write(tp, OCP_SRAM_DATA, 0xbf86);
		ocp_reg_write(tp, OCP_SRAM_DATA, 0xf802);
		ocp_reg_write(tp, OCP_SRAM_DATA, 0x6273);
		ocp_reg_write(tp, OCP_SRAM_DATA, 0xef96);
		ocp_reg_write(tp, OCP_SRAM_DATA, 0xfefc);
		ocp_reg_write(tp, OCP_SRAM_DATA, 0x0420);
		ocp_reg_write(tp, OCP_SRAM_DATA, 0xb540);
		ocp_reg_write(tp, OCP_SRAM_DATA, 0x53b5);
		ocp_reg_write(tp, OCP_SRAM_DATA, 0x4086);
		ocp_reg_write(tp, OCP_SRAM_DATA, 0xb540);
		ocp_reg_write(tp, OCP_SRAM_DATA, 0xb9b5);
		ocp_reg_write(tp, OCP_SRAM_DATA, 0x40c8);
		ocp_reg_write(tp, OCP_SRAM_DATA, 0xb03a);
		ocp_reg_write(tp, OCP_SRAM_DATA, 0xc8b0);
		ocp_reg_write(tp, OCP_SRAM_DATA, 0xbac8);
		ocp_reg_write(tp, OCP_SRAM_DATA, 0xb13a);
		ocp_reg_write(tp, OCP_SRAM_DATA, 0xc8b1);
		ocp_reg_write(tp, OCP_SRAM_DATA, 0xba77);
		ocp_reg_write(tp, OCP_SRAM_DATA, 0xbd26);
		ocp_reg_write(tp, OCP_SRAM_DATA, 0xffbd);
		ocp_reg_write(tp, OCP_SRAM_DATA, 0x2677);
		ocp_reg_write(tp, OCP_SRAM_DATA, 0xbd28);
		ocp_reg_write(tp, OCP_SRAM_DATA, 0xffbd);
		ocp_reg_write(tp, OCP_SRAM_DATA, 0x2840);
		ocp_reg_write(tp, OCP_SRAM_DATA, 0xbd26);
		ocp_reg_write(tp, OCP_SRAM_DATA, 0xc8bd);
		ocp_reg_write(tp, OCP_SRAM_DATA, 0x2640);
		ocp_reg_write(tp, OCP_SRAM_DATA, 0xbd28);
		ocp_reg_write(tp, OCP_SRAM_DATA, 0xc8bd);
		ocp_reg_write(tp, OCP_SRAM_DATA, 0x28bb);
		ocp_reg_write(tp, OCP_SRAM_DATA, 0xa430);
		ocp_reg_write(tp, OCP_SRAM_DATA, 0x98b0);
		ocp_reg_write(tp, OCP_SRAM_DATA, 0x1eba);
		ocp_reg_write(tp, OCP_SRAM_DATA, 0xb01e);
		ocp_reg_write(tp, OCP_SRAM_DATA, 0xdcb0);
		ocp_reg_write(tp, OCP_SRAM_DATA, 0x1e98);
		ocp_reg_write(tp, OCP_SRAM_DATA, 0xb09e);
		ocp_reg_write(tp, OCP_SRAM_DATA, 0xbab0);
		ocp_reg_write(tp, OCP_SRAM_DATA, 0x9edc);
		ocp_reg_write(tp, OCP_SRAM_DATA, 0xb09e);
		ocp_reg_write(tp, OCP_SRAM_DATA, 0x98b1);
		ocp_reg_write(tp, OCP_SRAM_DATA, 0x1eba);
		ocp_reg_write(tp, OCP_SRAM_DATA, 0xb11e);
		ocp_reg_write(tp, OCP_SRAM_DATA, 0xdcb1);
		ocp_reg_write(tp, OCP_SRAM_DATA, 0x1e98);
		ocp_reg_write(tp, OCP_SRAM_DATA, 0xb19e);
		ocp_reg_write(tp, OCP_SRAM_DATA, 0xbab1);
		ocp_reg_write(tp, OCP_SRAM_DATA, 0x9edc);
		ocp_reg_write(tp, OCP_SRAM_DATA, 0xb19e);
		ocp_reg_write(tp, OCP_SRAM_DATA, 0x11b0);
		ocp_reg_write(tp, OCP_SRAM_DATA, 0x1e22);
		ocp_reg_write(tp, OCP_SRAM_DATA, 0xb01e);
		ocp_reg_write(tp, OCP_SRAM_DATA, 0x33b0);
		ocp_reg_write(tp, OCP_SRAM_DATA, 0x1e11);
		ocp_reg_write(tp, OCP_SRAM_DATA, 0xb09e);
		ocp_reg_write(tp, OCP_SRAM_DATA, 0x22b0);
		ocp_reg_write(tp, OCP_SRAM_DATA, 0x9e33);
		ocp_reg_write(tp, OCP_SRAM_DATA, 0xb09e);
		ocp_reg_write(tp, OCP_SRAM_DATA, 0x11b1);
		ocp_reg_write(tp, OCP_SRAM_DATA, 0x1e22);
		ocp_reg_write(tp, OCP_SRAM_DATA, 0xb11e);
		ocp_reg_write(tp, OCP_SRAM_DATA, 0x33b1);
		ocp_reg_write(tp, OCP_SRAM_DATA, 0x1e11);
		ocp_reg_write(tp, OCP_SRAM_DATA, 0xb19e);
		ocp_reg_write(tp, OCP_SRAM_DATA, 0x22b1);
		ocp_reg_write(tp, OCP_SRAM_DATA, 0x9e33);
		ocp_reg_write(tp, OCP_SRAM_DATA, 0xb19e);
		sram_write(tp, 0xb85e, 0x2f71);
		sram_write(tp, 0xb860, 0x20d9);
		sram_write(tp, 0xb862, 0x2109);
		sram_write(tp, 0xb864, 0x34e7);
		sram_write(tp, 0xb878, 0x000f);

		ocp_reg_clr_bits(tp, OCP_PHY_PATCH_CMD, BIT(7));

		rtl_post_ram_code(tp, 0x8024, !power_cut);
	} else if (tp->version == RTL_VER_11) {
		rtl_pre_ram_code(tp, 0x8024, 0x8601, !power_cut);

		ocp_reg_set_bits(tp, OCP_PHY_PATCH_CMD, BIT(7));

		/* nc_patch */
		sram_write(tp, 0xA016, 0x0000);
		sram_write(tp, 0xA012, 0x0000);
		ocp_reg_write(tp, OCP_SRAM_ADDR, 0xA014);
		ocp_reg_write(tp, OCP_SRAM_DATA, 0x1800);
		ocp_reg_write(tp, OCP_SRAM_DATA, 0x8010);
		ocp_reg_write(tp, OCP_SRAM_DATA, 0x1800);
		ocp_reg_write(tp, OCP_SRAM_DATA, 0x808b);
		ocp_reg_write(tp, OCP_SRAM_DATA, 0x1800);
		ocp_reg_write(tp, OCP_SRAM_DATA, 0x808f);
		ocp_reg_write(tp, OCP_SRAM_DATA, 0x1800);
		ocp_reg_write(tp, OCP_SRAM_DATA, 0x8093);
		ocp_reg_write(tp, OCP_SRAM_DATA, 0x1800);
		ocp_reg_write(tp, OCP_SRAM_DATA, 0x8097);
		ocp_reg_write(tp, OCP_SRAM_DATA, 0x1800);
		ocp_reg_write(tp, OCP_SRAM_DATA, 0x809d);
		ocp_reg_write(tp, OCP_SRAM_DATA, 0x1800);
		ocp_reg_write(tp, OCP_SRAM_DATA, 0x80a1);
		ocp_reg_write(tp, OCP_SRAM_DATA, 0x1800);
		ocp_reg_write(tp, OCP_SRAM_DATA, 0x80aa);
		ocp_reg_write(tp, OCP_SRAM_DATA, 0xd718);
		ocp_reg_write(tp, OCP_SRAM_DATA, 0x607b);
		ocp_reg_write(tp, OCP_SRAM_DATA, 0x40da);
		ocp_reg_write(tp, OCP_SRAM_DATA, 0xf00e);
		ocp_reg_write(tp, OCP_SRAM_DATA, 0x42da);
		ocp_reg_write(tp, OCP_SRAM_DATA, 0xf01e);
		ocp_reg_write(tp, OCP_SRAM_DATA, 0xd718);
		ocp_reg_write(tp, OCP_SRAM_DATA, 0x615b);
		ocp_reg_write(tp, OCP_SRAM_DATA, 0x1000);
		ocp_reg_write(tp, OCP_SRAM_DATA, 0x1456);
		ocp_reg_write(tp, OCP_SRAM_DATA, 0x1000);
		ocp_reg_write(tp, OCP_SRAM_DATA, 0x14a4);
		ocp_reg_write(tp, OCP_SRAM_DATA, 0x1000);
		ocp_reg_write(tp, OCP_SRAM_DATA, 0x14bc);
		ocp_reg_write(tp, OCP_SRAM_DATA, 0xd718);
		ocp_reg_write(tp, OCP_SRAM_DATA, 0x5f2e);
		ocp_reg_write(tp, OCP_SRAM_DATA, 0xf01c);
		ocp_reg_write(tp, OCP_SRAM_DATA, 0x1000);
		ocp_reg_write(tp, OCP_SRAM_DATA, 0x1456);
		ocp_reg_write(tp, OCP_SRAM_DATA, 0x1000);
		ocp_reg_write(tp, OCP_SRAM_DATA, 0x14a4);
		ocp_reg_write(tp, OCP_SRAM_DATA, 0x1000);
		ocp_reg_write(tp, OCP_SRAM_DATA, 0x14bc);
		ocp_reg_write(tp, OCP_SRAM_DATA, 0xd718);
		ocp_reg_write(tp, OCP_SRAM_DATA, 0x5f2e);
		ocp_reg_write(tp, OCP_SRAM_DATA, 0xf024);
		ocp_reg_write(tp, OCP_SRAM_DATA, 0x1000);
		ocp_reg_write(tp, OCP_SRAM_DATA, 0x1456);
		ocp_reg_write(tp, OCP_SRAM_DATA, 0x1000);
		ocp_reg_write(tp, OCP_SRAM_DATA, 0x14a4);
		ocp_reg_write(tp, OCP_SRAM_DATA, 0x1000);
		ocp_reg_write(tp, OCP_SRAM_DATA, 0x14bc);
		ocp_reg_write(tp, OCP_SRAM_DATA, 0xd718);
		ocp_reg_write(tp, OCP_SRAM_DATA, 0x5f2e);
		ocp_reg_write(tp, OCP_SRAM_DATA, 0xf02c);
		ocp_reg_write(tp, OCP_SRAM_DATA, 0x1000);
		ocp_reg_write(tp, OCP_SRAM_DATA, 0x1456);
		ocp_reg_write(tp, OCP_SRAM_DATA, 0x1000);
		ocp_reg_write(tp, OCP_SRAM_DATA, 0x14a4);
		ocp_reg_write(tp, OCP_SRAM_DATA, 0x1000);
		ocp_reg_write(tp, OCP_SRAM_DATA, 0x14bc);
		ocp_reg_write(tp, OCP_SRAM_DATA, 0xd718);
		ocp_reg_write(tp, OCP_SRAM_DATA, 0x5f2e);
		ocp_reg_write(tp, OCP_SRAM_DATA, 0xf034);
		ocp_reg_write(tp, OCP_SRAM_DATA, 0xd719);
		ocp_reg_write(tp, OCP_SRAM_DATA, 0x4118);
		ocp_reg_write(tp, OCP_SRAM_DATA, 0xd504);
		ocp_reg_write(tp, OCP_SRAM_DATA, 0xac11);
		ocp_reg_write(tp, OCP_SRAM_DATA, 0xd501);
		ocp_reg_write(tp, OCP_SRAM_DATA, 0xce01);
		ocp_reg_write(tp, OCP_SRAM_DATA, 0xa410);
		ocp_reg_write(tp, OCP_SRAM_DATA, 0xce00);
		ocp_reg_write(tp, OCP_SRAM_DATA, 0xd500);
		ocp_reg_write(tp, OCP_SRAM_DATA, 0x4779);
		ocp_reg_write(tp, OCP_SRAM_DATA, 0xd504);
		ocp_reg_write(tp, OCP_SRAM_DATA, 0xac0f);
		ocp_reg_write(tp, OCP_SRAM_DATA, 0xae01);
		ocp_reg_write(tp, OCP_SRAM_DATA, 0xd500);
		ocp_reg_write(tp, OCP_SRAM_DATA, 0x1000);
		ocp_reg_write(tp, OCP_SRAM_DATA, 0x1444);
		ocp_reg_write(tp, OCP_SRAM_DATA, 0xf034);
		ocp_reg_write(tp, OCP_SRAM_DATA, 0xd719);
		ocp_reg_write(tp, OCP_SRAM_DATA, 0x4118);
		ocp_reg_write(tp, OCP_SRAM_DATA, 0xd504);
		ocp_reg_write(tp, OCP_SRAM_DATA, 0xac22);
		ocp_reg_write(tp, OCP_SRAM_DATA, 0xd501);
		ocp_reg_write(tp, OCP_SRAM_DATA, 0xce01);
		ocp_reg_write(tp, OCP_SRAM_DATA, 0xa420);
		ocp_reg_write(tp, OCP_SRAM_DATA, 0xce00);
		ocp_reg_write(tp, OCP_SRAM_DATA, 0xd500);
		ocp_reg_write(tp, OCP_SRAM_DATA, 0x4559);
		ocp_reg_write(tp, OCP_SRAM_DATA, 0xd504);
		ocp_reg_write(tp, OCP_SRAM_DATA, 0xac0f);
		ocp_reg_write(tp, OCP_SRAM_DATA, 0xae01);
		ocp_reg_write(tp, OCP_SRAM_DATA, 0xd500);
		ocp_reg_write(tp, OCP_SRAM_DATA, 0x1000);
		ocp_reg_write(tp, OCP_SRAM_DATA, 0x1444);
		ocp_reg_write(tp, OCP_SRAM_DATA, 0xf023);
		ocp_reg_write(tp, OCP_SRAM_DATA, 0xd719);
		ocp_reg_write(tp, OCP_SRAM_DATA, 0x4118);
		ocp_reg_write(tp, OCP_SRAM_DATA, 0xd504);
		ocp_reg_write(tp, OCP_SRAM_DATA, 0xac44);
		ocp_reg_write(tp, OCP_SRAM_DATA, 0xd501);
		ocp_reg_write(tp, OCP_SRAM_DATA, 0xce01);
		ocp_reg_write(tp, OCP_SRAM_DATA, 0xa440);
		ocp_reg_write(tp, OCP_SRAM_DATA, 0xce00);
		ocp_reg_write(tp, OCP_SRAM_DATA, 0xd500);
		ocp_reg_write(tp, OCP_SRAM_DATA, 0x4339);
		ocp_reg_write(tp, OCP_SRAM_DATA, 0xd504);
		ocp_reg_write(tp, OCP_SRAM_DATA, 0xac0f);
		ocp_reg_write(tp, OCP_SRAM_DATA, 0xae01);
		ocp_reg_write(tp, OCP_SRAM_DATA, 0xd500);
		ocp_reg_write(tp, OCP_SRAM_DATA, 0x1000);
		ocp_reg_write(tp, OCP_SRAM_DATA, 0x1444);
		ocp_reg_write(tp, OCP_SRAM_DATA, 0xf012);
		ocp_reg_write(tp, OCP_SRAM_DATA, 0xd719);
		ocp_reg_write(tp, OCP_SRAM_DATA, 0x4118);
		ocp_reg_write(tp, OCP_SRAM_DATA, 0xd504);
		ocp_reg_write(tp, OCP_SRAM_DATA, 0xac88);
		ocp_reg_write(tp, OCP_SRAM_DATA, 0xd501);
		ocp_reg_write(tp, OCP_SRAM_DATA, 0xce01);
		ocp_reg_write(tp, OCP_SRAM_DATA, 0xa480);
		ocp_reg_write(tp, OCP_SRAM_DATA, 0xce00);
		ocp_reg_write(tp, OCP_SRAM_DATA, 0xd500);
		ocp_reg_write(tp, OCP_SRAM_DATA, 0x4119);
		ocp_reg_write(tp, OCP_SRAM_DATA, 0xd504);
		ocp_reg_write(tp, OCP_SRAM_DATA, 0xac0f);
		ocp_reg_write(tp, OCP_SRAM_DATA, 0xae01);
		ocp_reg_write(tp, OCP_SRAM_DATA, 0xd500);
		ocp_reg_write(tp, OCP_SRAM_DATA, 0x1000);
		ocp_reg_write(tp, OCP_SRAM_DATA, 0x1444);
		ocp_reg_write(tp, OCP_SRAM_DATA, 0xf001);
		ocp_reg_write(tp, OCP_SRAM_DATA, 0x1000);
		ocp_reg_write(tp, OCP_SRAM_DATA, 0x1456);
		ocp_reg_write(tp, OCP_SRAM_DATA, 0xd718);
		ocp_reg_write(tp, OCP_SRAM_DATA, 0x5fac);
		ocp_reg_write(tp, OCP_SRAM_DATA, 0xc48f);
		ocp_reg_write(tp, OCP_SRAM_DATA, 0x1000);
		ocp_reg_write(tp, OCP_SRAM_DATA, 0x141b);
		ocp_reg_write(tp, OCP_SRAM_DATA, 0xd504);
		ocp_reg_write(tp, OCP_SRAM_DATA, 0x8010);
		ocp_reg_write(tp, OCP_SRAM_DATA, 0x1800);
		ocp_reg_write(tp, OCP_SRAM_DATA, 0x121a);
		ocp_reg_write(tp, OCP_SRAM_DATA, 0xd0b4);
		ocp_reg_write(tp, OCP_SRAM_DATA, 0xd1bb);
		ocp_reg_write(tp, OCP_SRAM_DATA, 0x1800);
		ocp_reg_write(tp, OCP_SRAM_DATA, 0x0898);
		ocp_reg_write(tp, OCP_SRAM_DATA, 0xd0b4);
		ocp_reg_write(tp, OCP_SRAM_DATA, 0xd1bb);
		ocp_reg_write(tp, OCP_SRAM_DATA, 0x1800);
		ocp_reg_write(tp, OCP_SRAM_DATA, 0x0a0e);
		ocp_reg_write(tp, OCP_SRAM_DATA, 0xd064);
		ocp_reg_write(tp, OCP_SRAM_DATA, 0xd18a);
		ocp_reg_write(tp, OCP_SRAM_DATA, 0x1800);
		ocp_reg_write(tp, OCP_SRAM_DATA, 0x0b7e);
		ocp_reg_write(tp, OCP_SRAM_DATA, 0x401c);
		ocp_reg_write(tp, OCP_SRAM_DATA, 0xd501);
		ocp_reg_write(tp, OCP_SRAM_DATA, 0xa804);
		ocp_reg_write(tp, OCP_SRAM_DATA, 0x8804);
		ocp_reg_write(tp, OCP_SRAM_DATA, 0x1800);
		ocp_reg_write(tp, OCP_SRAM_DATA, 0x053b);
		ocp_reg_write(tp, OCP_SRAM_DATA, 0xd500);
		ocp_reg_write(tp, OCP_SRAM_DATA, 0xa301);
		ocp_reg_write(tp, OCP_SRAM_DATA, 0x1800);
		ocp_reg_write(tp, OCP_SRAM_DATA, 0x0648);
		ocp_reg_write(tp, OCP_SRAM_DATA, 0xc520);
		ocp_reg_write(tp, OCP_SRAM_DATA, 0xa201);
		ocp_reg_write(tp, OCP_SRAM_DATA, 0xd701);
		ocp_reg_write(tp, OCP_SRAM_DATA, 0x252d);
		ocp_reg_write(tp, OCP_SRAM_DATA, 0x1646);
		ocp_reg_write(tp, OCP_SRAM_DATA, 0xd708);
		ocp_reg_write(tp, OCP_SRAM_DATA, 0x4006);
		ocp_reg_write(tp, OCP_SRAM_DATA, 0x1800);
		ocp_reg_write(tp, OCP_SRAM_DATA, 0x1646);
		ocp_reg_write(tp, OCP_SRAM_DATA, 0x1800);
		ocp_reg_write(tp, OCP_SRAM_DATA, 0x0308);
		sram_write(tp, 0xA026, 0x0307);
		sram_write(tp, 0xA024, 0x1645);
		sram_write(tp, 0xA022, 0x0647);
		sram_write(tp, 0xA020, 0x053a);
		sram_write(tp, 0xA006, 0x0b7c);
		sram_write(tp, 0xA004, 0x0a0c);
		sram_write(tp, 0xA002, 0x0896);
		sram_write(tp, 0xA000, 0x11a1);
		sram_write(tp, 0xA008, 0xff00);

		/* nc1_patch */
		sram_write(tp, 0xA016, 0x0010);
		sram_write(tp, 0xA012, 0x0000);
		ocp_reg_write(tp, OCP_SRAM_ADDR, 0xA014);
		ocp_reg_write(tp, OCP_SRAM_DATA, 0x1800);
		ocp_reg_write(tp, OCP_SRAM_DATA, 0x8010);
		ocp_reg_write(tp, OCP_SRAM_DATA, 0x1800);
		ocp_reg_write(tp, OCP_SRAM_DATA, 0x8015);
		ocp_reg_write(tp, OCP_SRAM_DATA, 0x1800);
		ocp_reg_write(tp, OCP_SRAM_DATA, 0x801a);
		ocp_reg_write(tp, OCP_SRAM_DATA, 0x1800);
		ocp_reg_write(tp, OCP_SRAM_DATA, 0x801a);
		ocp_reg_write(tp, OCP_SRAM_DATA, 0x1800);
		ocp_reg_write(tp, OCP_SRAM_DATA, 0x801a);
		ocp_reg_write(tp, OCP_SRAM_DATA, 0x1800);
		ocp_reg_write(tp, OCP_SRAM_DATA, 0x801a);
		ocp_reg_write(tp, OCP_SRAM_DATA, 0x1800);
		ocp_reg_write(tp, OCP_SRAM_DATA, 0x801a);
		ocp_reg_write(tp, OCP_SRAM_DATA, 0x1800);
		ocp_reg_write(tp, OCP_SRAM_DATA, 0x801a);
		ocp_reg_write(tp, OCP_SRAM_DATA, 0xad02);
		ocp_reg_write(tp, OCP_SRAM_DATA, 0x1000);
		ocp_reg_write(tp, OCP_SRAM_DATA, 0x02d7);
		ocp_reg_write(tp, OCP_SRAM_DATA, 0x1800);
		ocp_reg_write(tp, OCP_SRAM_DATA, 0x00ed);
		ocp_reg_write(tp, OCP_SRAM_DATA, 0x0c0f);
		ocp_reg_write(tp, OCP_SRAM_DATA, 0x0509);
		ocp_reg_write(tp, OCP_SRAM_DATA, 0xc100);
		ocp_reg_write(tp, OCP_SRAM_DATA, 0x1800);
		ocp_reg_write(tp, OCP_SRAM_DATA, 0x008f);
		sram_write(tp, 0xA08E, 0xffff);
		sram_write(tp, 0xA08C, 0xffff);
		sram_write(tp, 0xA08A, 0xffff);
		sram_write(tp, 0xA088, 0xffff);
		sram_write(tp, 0xA086, 0xffff);
		sram_write(tp, 0xA084, 0xffff);
		sram_write(tp, 0xA082, 0x008d);
		sram_write(tp, 0xA080, 0x00eb);
		sram_write(tp, 0xA090, 0x0103);

		/* nc2_patch */
		sram_write(tp, 0xA016, 0x0020);
		sram_write(tp, 0xA012, 0x0000);
		ocp_reg_write(tp, OCP_SRAM_ADDR, 0xA014);
		ocp_reg_write(tp, OCP_SRAM_DATA, 0x1800);
		ocp_reg_write(tp, OCP_SRAM_DATA, 0x8010);
		ocp_reg_write(tp, OCP_SRAM_DATA, 0x1800);
		ocp_reg_write(tp, OCP_SRAM_DATA, 0x8014);
		ocp_reg_write(tp, OCP_SRAM_DATA, 0x1800);
		ocp_reg_write(tp, OCP_SRAM_DATA, 0x8018);
		ocp_reg_write(tp, OCP_SRAM_DATA, 0x1800);
		ocp_reg_write(tp, OCP_SRAM_DATA, 0x8024);
		ocp_reg_write(tp, OCP_SRAM_DATA, 0x1800);
		ocp_reg_write(tp, OCP_SRAM_DATA, 0x8051);
		ocp_reg_write(tp, OCP_SRAM_DATA, 0x1800);
		ocp_reg_write(tp, OCP_SRAM_DATA, 0x8055);
		ocp_reg_write(tp, OCP_SRAM_DATA, 0x1800);
		ocp_reg_write(tp, OCP_SRAM_DATA, 0x8072);
		ocp_reg_write(tp, OCP_SRAM_DATA, 0x1800);
		ocp_reg_write(tp, OCP_SRAM_DATA, 0x80dc);
		ocp_reg_write(tp, OCP_SRAM_DATA, 0x0000);
		ocp_reg_write(tp, OCP_SRAM_DATA, 0x0000);
		ocp_reg_write(tp, OCP_SRAM_DATA, 0x0000);
		ocp_reg_write(tp, OCP_SRAM_DATA, 0xfffd);
		ocp_reg_write(tp, OCP_SRAM_DATA, 0x0000);
		ocp_reg_write(tp, OCP_SRAM_DATA, 0x0000);
		ocp_reg_write(tp, OCP_SRAM_DATA, 0x0000);
		ocp_reg_write(tp, OCP_SRAM_DATA, 0xfffd);
		ocp_reg_write(tp, OCP_SRAM_DATA, 0x8301);
		ocp_reg_write(tp, OCP_SRAM_DATA, 0x800a);
		ocp_reg_write(tp, OCP_SRAM_DATA, 0x8190);
		ocp_reg_write(tp, OCP_SRAM_DATA, 0x82a0);
		ocp_reg_write(tp, OCP_SRAM_DATA, 0x8404);
		ocp_reg_write(tp, OCP_SRAM_DATA, 0xa70c);
		ocp_reg_write(tp, OCP_SRAM_DATA, 0x9402);
		ocp_reg_write(tp, OCP_SRAM_DATA, 0x890c);
		ocp_reg_write(tp, OCP_SRAM_DATA, 0x8840);
		ocp_reg_write(tp, OCP_SRAM_DATA, 0xa380);
		ocp_reg_write(tp, OCP_SRAM_DATA, 0x1800);
		ocp_reg_write(tp, OCP_SRAM_DATA, 0x066e);
		ocp_reg_write(tp, OCP_SRAM_DATA, 0xcb91);
		ocp_reg_write(tp, OCP_SRAM_DATA, 0xd700);
		ocp_reg_write(tp, OCP_SRAM_DATA, 0x4063);
		ocp_reg_write(tp, OCP_SRAM_DATA, 0xd139);
		ocp_reg_write(tp, OCP_SRAM_DATA, 0xf002);
		ocp_reg_write(tp, OCP_SRAM_DATA, 0xd140);
		ocp_reg_write(tp, OCP_SRAM_DATA, 0xd040);
		ocp_reg_write(tp, OCP_SRAM_DATA, 0xb404);
		ocp_reg_write(tp, OCP_SRAM_DATA, 0x0c0f);
		ocp_reg_write(tp, OCP_SRAM_DATA, 0x0d00);
		ocp_reg_write(tp, OCP_SRAM_DATA, 0x1000);
		ocp_reg_write(tp, OCP_SRAM_DATA, 0x07e0);
		ocp_reg_write(tp, OCP_SRAM_DATA, 0xa610);
		ocp_reg_write(tp, OCP_SRAM_DATA, 0xa110);
		ocp_reg_write(tp, OCP_SRAM_DATA, 0xa2a0);
		ocp_reg_write(tp, OCP_SRAM_DATA, 0xa404);
		ocp_reg_write(tp, OCP_SRAM_DATA, 0xd704);
		ocp_reg_write(tp, OCP_SRAM_DATA, 0x4085);
		ocp_reg_write(tp, OCP_SRAM_DATA, 0xa180);
		ocp_reg_write(tp, OCP_SRAM_DATA, 0xa404);
		ocp_reg_write(tp, OCP_SRAM_DATA, 0x8280);
		ocp_reg_write(tp, OCP_SRAM_DATA, 0xd704);
		ocp_reg_write(tp, OCP_SRAM_DATA, 0x405d);
		ocp_reg_write(tp, OCP_SRAM_DATA, 0xa720);
		ocp_reg_write(tp, OCP_SRAM_DATA, 0x1000);
		ocp_reg_write(tp, OCP_SRAM_DATA, 0x0743);
		ocp_reg_write(tp, OCP_SRAM_DATA, 0x1000);
		ocp_reg_write(tp, OCP_SRAM_DATA, 0x07f0);
		ocp_reg_write(tp, OCP_SRAM_DATA, 0xd700);
		ocp_reg_write(tp, OCP_SRAM_DATA, 0x5f74);
		ocp_reg_write(tp, OCP_SRAM_DATA, 0x1000);
		ocp_reg_write(tp, OCP_SRAM_DATA, 0x0743);
		ocp_reg_write(tp, OCP_SRAM_DATA, 0xd702);
		ocp_reg_write(tp, OCP_SRAM_DATA, 0x7fb6);
		ocp_reg_write(tp, OCP_SRAM_DATA, 0x8190);
		ocp_reg_write(tp, OCP_SRAM_DATA, 0x82a0);
		ocp_reg_write(tp, OCP_SRAM_DATA, 0x8404);
		ocp_reg_write(tp, OCP_SRAM_DATA, 0x8610);
		ocp_reg_write(tp, OCP_SRAM_DATA, 0x0000);
		ocp_reg_write(tp, OCP_SRAM_DATA, 0x0c0f);
		ocp_reg_write(tp, OCP_SRAM_DATA, 0x0d01);
		ocp_reg_write(tp, OCP_SRAM_DATA, 0x1000);
		ocp_reg_write(tp, OCP_SRAM_DATA, 0x07e0);
		ocp_reg_write(tp, OCP_SRAM_DATA, 0x1800);
		ocp_reg_write(tp, OCP_SRAM_DATA, 0x066e);
		ocp_reg_write(tp, OCP_SRAM_DATA, 0xd158);
		ocp_reg_write(tp, OCP_SRAM_DATA, 0xd04d);
		ocp_reg_write(tp, OCP_SRAM_DATA, 0x1800);
		ocp_reg_write(tp, OCP_SRAM_DATA, 0x03d4);
		ocp_reg_write(tp, OCP_SRAM_DATA, 0x94bc);
		ocp_reg_write(tp, OCP_SRAM_DATA, 0x870c);
		ocp_reg_write(tp, OCP_SRAM_DATA, 0x8380);
		ocp_reg_write(tp, OCP_SRAM_DATA, 0xd10d);
		ocp_reg_write(tp, OCP_SRAM_DATA, 0xd040);
		ocp_reg_write(tp, OCP_SRAM_DATA, 0x1000);
		ocp_reg_write(tp, OCP_SRAM_DATA, 0x07c4);
		ocp_reg_write(tp, OCP_SRAM_DATA, 0xd700);
		ocp_reg_write(tp, OCP_SRAM_DATA, 0x5fb4);
		ocp_reg_write(tp, OCP_SRAM_DATA, 0xa190);
		ocp_reg_write(tp, OCP_SRAM_DATA, 0xa00a);
		ocp_reg_write(tp, OCP_SRAM_DATA, 0xa280);
		ocp_reg_write(tp, OCP_SRAM_DATA, 0xa404);
		ocp_reg_write(tp, OCP_SRAM_DATA, 0xa220);
		ocp_reg_write(tp, OCP_SRAM_DATA, 0xd130);
		ocp_reg_write(tp, OCP_SRAM_DATA, 0xd040);
		ocp_reg_write(tp, OCP_SRAM_DATA, 0x1000);
		ocp_reg_write(tp, OCP_SRAM_DATA, 0x07c4);
		ocp_reg_write(tp, OCP_SRAM_DATA, 0xd700);
		ocp_reg_write(tp, OCP_SRAM_DATA, 0x5fb4);
		ocp_reg_write(tp, OCP_SRAM_DATA, 0xbb80);
		ocp_reg_write(tp, OCP_SRAM_DATA, 0xd1c4);
		ocp_reg_write(tp, OCP_SRAM_DATA, 0xd074);
		ocp_reg_write(tp, OCP_SRAM_DATA, 0xa301);
		ocp_reg_write(tp, OCP_SRAM_DATA, 0xd704);
		ocp_reg_write(tp, OCP_SRAM_DATA, 0x604b);
		ocp_reg_write(tp, OCP_SRAM_DATA, 0xa90c);
		ocp_reg_write(tp, OCP_SRAM_DATA, 0x1800);
		ocp_reg_write(tp, OCP_SRAM_DATA, 0x0556);
		ocp_reg_write(tp, OCP_SRAM_DATA, 0xcb92);
		ocp_reg_write(tp, OCP_SRAM_DATA, 0xd700);
		ocp_reg_write(tp, OCP_SRAM_DATA, 0x4063);
		ocp_reg_write(tp, OCP_SRAM_DATA, 0xd116);
		ocp_reg_write(tp, OCP_SRAM_DATA, 0xf002);
		ocp_reg_write(tp, OCP_SRAM_DATA, 0xd119);
		ocp_reg_write(tp, OCP_SRAM_DATA, 0xd040);
		ocp_reg_write(tp, OCP_SRAM_DATA, 0xd703);
		ocp_reg_write(tp, OCP_SRAM_DATA, 0x60a0);
		ocp_reg_write(tp, OCP_SRAM_DATA, 0x6241);
		ocp_reg_write(tp, OCP_SRAM_DATA, 0x63e2);
		ocp_reg_write(tp, OCP_SRAM_DATA, 0x6583);
		ocp_reg_write(tp, OCP_SRAM_DATA, 0xf054);
		ocp_reg_write(tp, OCP_SRAM_DATA, 0xd701);
		ocp_reg_write(tp, OCP_SRAM_DATA, 0x611e);
		ocp_reg_write(tp, OCP_SRAM_DATA, 0xd701);
		ocp_reg_write(tp, OCP_SRAM_DATA, 0x40da);
		ocp_reg_write(tp, OCP_SRAM_DATA, 0x0cf0);
		ocp_reg_write(tp, OCP_SRAM_DATA, 0x0d10);
		ocp_reg_write(tp, OCP_SRAM_DATA, 0xa010);
		ocp_reg_write(tp, OCP_SRAM_DATA, 0x8740);
		ocp_reg_write(tp, OCP_SRAM_DATA, 0xf02f);
		ocp_reg_write(tp, OCP_SRAM_DATA, 0x0cf0);
		ocp_reg_write(tp, OCP_SRAM_DATA, 0x0d50);
		ocp_reg_write(tp, OCP_SRAM_DATA, 0x8010);
		ocp_reg_write(tp, OCP_SRAM_DATA, 0xa740);
		ocp_reg_write(tp, OCP_SRAM_DATA, 0xf02a);
		ocp_reg_write(tp, OCP_SRAM_DATA, 0xd701);
		ocp_reg_write(tp, OCP_SRAM_DATA, 0x611e);
		ocp_reg_write(tp, OCP_SRAM_DATA, 0xd701);
		ocp_reg_write(tp, OCP_SRAM_DATA, 0x40da);
		ocp_reg_write(tp, OCP_SRAM_DATA, 0x0cf0);
		ocp_reg_write(tp, OCP_SRAM_DATA, 0x0d20);
		ocp_reg_write(tp, OCP_SRAM_DATA, 0xa010);
		ocp_reg_write(tp, OCP_SRAM_DATA, 0x8740);
		ocp_reg_write(tp, OCP_SRAM_DATA, 0xf021);
		ocp_reg_write(tp, OCP_SRAM_DATA, 0x0cf0);
		ocp_reg_write(tp, OCP_SRAM_DATA, 0x0d60);
		ocp_reg_write(tp, OCP_SRAM_DATA, 0x8010);
		ocp_reg_write(tp, OCP_SRAM_DATA, 0xa740);
		ocp_reg_write(tp, OCP_SRAM_DATA, 0xf01c);
		ocp_reg_write(tp, OCP_SRAM_DATA, 0xd701);
		ocp_reg_write(tp, OCP_SRAM_DATA, 0x611e);
		ocp_reg_write(tp, OCP_SRAM_DATA, 0xd701);
		ocp_reg_write(tp, OCP_SRAM_DATA, 0x40da);
		ocp_reg_write(tp, OCP_SRAM_DATA, 0x0cf0);
		ocp_reg_write(tp, OCP_SRAM_DATA, 0x0d30);
		ocp_reg_write(tp, OCP_SRAM_DATA, 0xa010);
		ocp_reg_write(tp, OCP_SRAM_DATA, 0x8740);
		ocp_reg_write(tp, OCP_SRAM_DATA, 0xf013);
		ocp_reg_write(tp, OCP_SRAM_DATA, 0x0cf0);
		ocp_reg_write(tp, OCP_SRAM_DATA, 0x0d70);
		ocp_reg_write(tp, OCP_SRAM_DATA, 0x8010);
		ocp_reg_write(tp, OCP_SRAM_DATA, 0xa740);
		ocp_reg_write(tp, OCP_SRAM_DATA, 0xf00e);
		ocp_reg_write(tp, OCP_SRAM_DATA, 0xd701);
		ocp_reg_write(tp, OCP_SRAM_DATA, 0x611e);
		ocp_reg_write(tp, OCP_SRAM_DATA, 0xd701);
		ocp_reg_write(tp, OCP_SRAM_DATA, 0x40da);
		ocp_reg_write(tp, OCP_SRAM_DATA, 0x0cf0);
		ocp_reg_write(tp, OCP_SRAM_DATA, 0x0d40);
		ocp_reg_write(tp, OCP_SRAM_DATA, 0xa010);
		ocp_reg_write(tp, OCP_SRAM_DATA, 0x8740);
		ocp_reg_write(tp, OCP_SRAM_DATA, 0xf005);
		ocp_reg_write(tp, OCP_SRAM_DATA, 0x0cf0);
		ocp_reg_write(tp, OCP_SRAM_DATA, 0x0d80);
		ocp_reg_write(tp, OCP_SRAM_DATA, 0x8010);
		ocp_reg_write(tp, OCP_SRAM_DATA, 0xa740);
		ocp_reg_write(tp, OCP_SRAM_DATA, 0x1000);
		ocp_reg_write(tp, OCP_SRAM_DATA, 0x07e8);
		ocp_reg_write(tp, OCP_SRAM_DATA, 0xa610);
		ocp_reg_write(tp, OCP_SRAM_DATA, 0xd704);
		ocp_reg_write(tp, OCP_SRAM_DATA, 0x405d);
		ocp_reg_write(tp, OCP_SRAM_DATA, 0xa720);
		ocp_reg_write(tp, OCP_SRAM_DATA, 0xd700);
		ocp_reg_write(tp, OCP_SRAM_DATA, 0x5ff4);
		ocp_reg_write(tp, OCP_SRAM_DATA, 0xa008);
		ocp_reg_write(tp, OCP_SRAM_DATA, 0xd704);
		ocp_reg_write(tp, OCP_SRAM_DATA, 0x4046);
		ocp_reg_write(tp, OCP_SRAM_DATA, 0xa002);
		ocp_reg_write(tp, OCP_SRAM_DATA, 0x1000);
		ocp_reg_write(tp, OCP_SRAM_DATA, 0x0743);
		ocp_reg_write(tp, OCP_SRAM_DATA, 0x1000);
		ocp_reg_write(tp, OCP_SRAM_DATA, 0x07fb);
		ocp_reg_write(tp, OCP_SRAM_DATA, 0xd703);
		ocp_reg_write(tp, OCP_SRAM_DATA, 0x7f6f);
		ocp_reg_write(tp, OCP_SRAM_DATA, 0x7f4e);
		ocp_reg_write(tp, OCP_SRAM_DATA, 0x7f2d);
		ocp_reg_write(tp, OCP_SRAM_DATA, 0x7f0c);
		ocp_reg_write(tp, OCP_SRAM_DATA, 0x800a);
		ocp_reg_write(tp, OCP_SRAM_DATA, 0x0cf0);
		ocp_reg_write(tp, OCP_SRAM_DATA, 0x0d00);
		ocp_reg_write(tp, OCP_SRAM_DATA, 0x1000);
		ocp_reg_write(tp, OCP_SRAM_DATA, 0x07e8);
		ocp_reg_write(tp, OCP_SRAM_DATA, 0x8010);
		ocp_reg_write(tp, OCP_SRAM_DATA, 0xa740);
		ocp_reg_write(tp, OCP_SRAM_DATA, 0x1000);
		ocp_reg_write(tp, OCP_SRAM_DATA, 0x0743);
		ocp_reg_write(tp, OCP_SRAM_DATA, 0xd702);
		ocp_reg_write(tp, OCP_SRAM_DATA, 0x7fb5);
		ocp_reg_write(tp, OCP_SRAM_DATA, 0xd701);
		ocp_reg_write(tp, OCP_SRAM_DATA, 0x3ad4);
		ocp_reg_write(tp, OCP_SRAM_DATA, 0x0556);
		ocp_reg_write(tp, OCP_SRAM_DATA, 0x8610);
		ocp_reg_write(tp, OCP_SRAM_DATA, 0x1800);
		ocp_reg_write(tp, OCP_SRAM_DATA, 0x066e);
		ocp_reg_write(tp, OCP_SRAM_DATA, 0xd1f5);
		ocp_reg_write(tp, OCP_SRAM_DATA, 0xd049);
		ocp_reg_write(tp, OCP_SRAM_DATA, 0x1800);
		ocp_reg_write(tp, OCP_SRAM_DATA, 0x01ec);
		sram_write(tp, 0xA10E, 0x01ea);
		sram_write(tp, 0xA10C, 0x06a9);
		sram_write(tp, 0xA10A, 0x078a);
		sram_write(tp, 0xA108, 0x03d2);
		sram_write(tp, 0xA106, 0x067f);
		sram_write(tp, 0xA104, 0x0665);
		sram_write(tp, 0xA102, 0x0000);
		sram_write(tp, 0xA100, 0x0000);
		sram_write(tp, 0xA110, 0x00fc);

		/* uc2 */
		sram_write(tp, 0xb87c, 0x8530);
		ocp_reg_write(tp, OCP_SRAM_ADDR, 0xb87e);
		ocp_reg_write(tp, OCP_SRAM_DATA, 0xaf85);
		ocp_reg_write(tp, OCP_SRAM_DATA, 0x3caf);
		ocp_reg_write(tp, OCP_SRAM_DATA, 0x8545);
		ocp_reg_write(tp, OCP_SRAM_DATA, 0xaf85);
		ocp_reg_write(tp, OCP_SRAM_DATA, 0x45af);
		ocp_reg_write(tp, OCP_SRAM_DATA, 0x8545);
		ocp_reg_write(tp, OCP_SRAM_DATA, 0xee82);
		ocp_reg_write(tp, OCP_SRAM_DATA, 0xf900);
		ocp_reg_write(tp, OCP_SRAM_DATA, 0x0103);
		ocp_reg_write(tp, OCP_SRAM_DATA, 0xaf03);
		ocp_reg_write(tp, OCP_SRAM_DATA, 0xb7f8);
		ocp_reg_write(tp, OCP_SRAM_DATA, 0xe0a6);
		ocp_reg_write(tp, OCP_SRAM_DATA, 0x00e1);
		ocp_reg_write(tp, OCP_SRAM_DATA, 0xa601);
		ocp_reg_write(tp, OCP_SRAM_DATA, 0xef01);
		ocp_reg_write(tp, OCP_SRAM_DATA, 0x58f0);
		ocp_reg_write(tp, OCP_SRAM_DATA, 0xa080);
		ocp_reg_write(tp, OCP_SRAM_DATA, 0x37a1);
		ocp_reg_write(tp, OCP_SRAM_DATA, 0x8402);
		ocp_reg_write(tp, OCP_SRAM_DATA, 0xae16);
		ocp_reg_write(tp, OCP_SRAM_DATA, 0xa185);
		ocp_reg_write(tp, OCP_SRAM_DATA, 0x02ae);
		ocp_reg_write(tp, OCP_SRAM_DATA, 0x11a1);
		ocp_reg_write(tp, OCP_SRAM_DATA, 0x8702);
		ocp_reg_write(tp, OCP_SRAM_DATA, 0xae0c);
		ocp_reg_write(tp, OCP_SRAM_DATA, 0xa188);
		ocp_reg_write(tp, OCP_SRAM_DATA, 0x02ae);
		ocp_reg_write(tp, OCP_SRAM_DATA, 0x07a1);
		ocp_reg_write(tp, OCP_SRAM_DATA, 0x8902);
		ocp_reg_write(tp, OCP_SRAM_DATA, 0xae02);
		ocp_reg_write(tp, OCP_SRAM_DATA, 0xae1c);
		ocp_reg_write(tp, OCP_SRAM_DATA, 0xe0b4);
		ocp_reg_write(tp, OCP_SRAM_DATA, 0x62e1);
		ocp_reg_write(tp, OCP_SRAM_DATA, 0xb463);
		ocp_reg_write(tp, OCP_SRAM_DATA, 0x6901);
		ocp_reg_write(tp, OCP_SRAM_DATA, 0xe4b4);
		ocp_reg_write(tp, OCP_SRAM_DATA, 0x62e5);
		ocp_reg_write(tp, OCP_SRAM_DATA, 0xb463);
		ocp_reg_write(tp, OCP_SRAM_DATA, 0xe0b4);
		ocp_reg_write(tp, OCP_SRAM_DATA, 0x62e1);
		ocp_reg_write(tp, OCP_SRAM_DATA, 0xb463);
		ocp_reg_write(tp, OCP_SRAM_DATA, 0x6901);
		ocp_reg_write(tp, OCP_SRAM_DATA, 0xe4b4);
		ocp_reg_write(tp, OCP_SRAM_DATA, 0x62e5);
		ocp_reg_write(tp, OCP_SRAM_DATA, 0xb463);
		ocp_reg_write(tp, OCP_SRAM_DATA, 0xfc04);
		sram_write(tp, 0xb85e, 0x03b3);
		sram_write(tp, 0xb860, 0xffff);
		sram_write(tp, 0xb862, 0xffff);
		sram_write(tp, 0xb864, 0xffff);
		sram_write(tp, 0xb878, 0x0001);

		/* data_ram_patch_v02_usb */
		sram_write(tp, 0xb892, 0x0000);
		sram_write(tp, 0xb88e, 0xc089);
		ocp_reg_write(tp, OCP_SRAM_ADDR, 0xb890);
		ocp_reg_write(tp, OCP_SRAM_DATA, 0x6050);
		ocp_reg_write(tp, OCP_SRAM_DATA, 0x5f6e);
		ocp_reg_write(tp, OCP_SRAM_DATA, 0x6e6e);
		ocp_reg_write(tp, OCP_SRAM_DATA, 0x6e6e);
		ocp_reg_write(tp, OCP_SRAM_DATA, 0x6e12);
		ocp_reg_write(tp, OCP_SRAM_DATA, 0x1214);
		ocp_reg_write(tp, OCP_SRAM_DATA, 0x1516);
		ocp_reg_write(tp, OCP_SRAM_DATA, 0x171b);
		ocp_reg_write(tp, OCP_SRAM_DATA, 0x1b1c);
		ocp_reg_write(tp, OCP_SRAM_DATA, 0x1f1f);
		ocp_reg_write(tp, OCP_SRAM_DATA, 0x2021);
		ocp_reg_write(tp, OCP_SRAM_DATA, 0x2224);
		ocp_reg_write(tp, OCP_SRAM_DATA, 0x2424);
		ocp_reg_write(tp, OCP_SRAM_DATA, 0x2424);
		ocp_reg_write(tp, OCP_SRAM_DATA, 0x2424);
		sram_write(tp, 0xb88e, 0xc018);
		ocp_reg_write(tp, OCP_SRAM_ADDR, 0xb890);
		ocp_reg_write(tp, OCP_SRAM_DATA, 0x0af2);
		ocp_reg_write(tp, OCP_SRAM_DATA, 0x0d4a);
		ocp_reg_write(tp, OCP_SRAM_DATA, 0x0f26);
		ocp_reg_write(tp, OCP_SRAM_DATA, 0x118d);
		ocp_reg_write(tp, OCP_SRAM_DATA, 0x14f3);
		ocp_reg_write(tp, OCP_SRAM_DATA, 0x175a);
		ocp_reg_write(tp, OCP_SRAM_DATA, 0x19c0);
		ocp_reg_write(tp, OCP_SRAM_DATA, 0x1c26);

		ocp_reg_clr_bits(tp, OCP_PHY_PATCH_CMD, BIT(7));

		rtl_post_ram_code(tp, 0x8024, !power_cut);

		/* 100M MLT-3 Tx interpolator coefficient */
		ocp_reg_write(tp, OCP_SRAM_ADDR, 0x81b3);
		ocp_reg_write(tp, OCP_SRAM_DATA, 0x0043);
		ocp_reg_write(tp, OCP_SRAM_DATA, 0x00a7);
		ocp_reg_write(tp, OCP_SRAM_DATA, 0x00d6);
		ocp_reg_write(tp, OCP_SRAM_DATA, 0x00ec);
		ocp_reg_write(tp, OCP_SRAM_DATA, 0x00f6);
		ocp_reg_write(tp, OCP_SRAM_DATA, 0x00fb);
		ocp_reg_write(tp, OCP_SRAM_DATA, 0x00fd);
		ocp_reg_write(tp, OCP_SRAM_DATA, 0x00ff);
		ocp_reg_write(tp, OCP_SRAM_DATA, 0x00bb);
		ocp_reg_write(tp, OCP_SRAM_DATA, 0x0058);
		ocp_reg_write(tp, OCP_SRAM_DATA, 0x0029);
		ocp_reg_write(tp, OCP_SRAM_DATA, 0x0013);
		ocp_reg_write(tp, OCP_SRAM_DATA, 0x0009);
		ocp_reg_write(tp, OCP_SRAM_DATA, 0x0004);
		ocp_reg_write(tp, OCP_SRAM_DATA, 0x0002);
		ocp_reg_write(tp, OCP_SRAM_DATA, 0x0000);
		ocp_reg_write(tp, OCP_SRAM_DATA, 0x0000);
		ocp_reg_write(tp, OCP_SRAM_DATA, 0x0000);
		ocp_reg_write(tp, OCP_SRAM_DATA, 0x0000);
		ocp_reg_write(tp, OCP_SRAM_DATA, 0x0000);
		ocp_reg_write(tp, OCP_SRAM_DATA, 0x0000);
		ocp_reg_write(tp, OCP_SRAM_DATA, 0x0000);
		ocp_reg_write(tp, OCP_SRAM_DATA, 0x0000);
		ocp_reg_write(tp, OCP_SRAM_DATA, 0x0000);
		ocp_reg_write(tp, OCP_SRAM_DATA, 0x0000);
		ocp_reg_write(tp, OCP_SRAM_DATA, 0x0000);
		ocp_reg_write(tp, OCP_SRAM_DATA, 0x0000);
		ocp_reg_write(tp, OCP_SRAM_DATA, 0x0000);
		ocp_reg_write(tp, OCP_SRAM_DATA, 0x0000);
		ocp_reg_write(tp, OCP_SRAM_DATA, 0x0000);
		ocp_reg_write(tp, OCP_SRAM_DATA, 0x0000);
		ocp_reg_write(tp, OCP_SRAM_DATA, 0x0000);
		ocp_reg_write(tp, OCP_SRAM_DATA, 0x0000);
		ocp_reg_write(tp, OCP_SRAM_DATA, 0x0000);
		ocp_reg_write(tp, OCP_SRAM_DATA, 0x0000);
		ocp_reg_write(tp, OCP_SRAM_DATA, 0x0000);
		ocp_reg_write(tp, OCP_SRAM_DATA, 0x0000);
		ocp_reg_write(tp, OCP_SRAM_DATA, 0x0000);
		ocp_reg_write(tp, OCP_SRAM_DATA, 0x0000);
		ocp_reg_write(tp, OCP_SRAM_DATA, 0x0000);
	} else if (tp->version == RTL_VER_12) {
		rtl_pre_ram_code(tp, 0x8024, 0x3700, !power_cut);

		ocp_reg_set_bits(tp, OCP_PHY_PATCH_CMD, BIT(7));

		/* nc_patch */
		sram_write(tp, 0xA016, 0x0000);
		sram_write(tp, 0xA012, 0x0000);
		ocp_reg_write(tp, OCP_SRAM_ADDR, 0xA014);
		ocp_reg_write(tp, OCP_SRAM_DATA, 0x1800);
		ocp_reg_write(tp, OCP_SRAM_DATA, 0x8010);
		ocp_reg_write(tp, OCP_SRAM_DATA, 0x1800);
		ocp_reg_write(tp, OCP_SRAM_DATA, 0x8025);
		ocp_reg_write(tp, OCP_SRAM_DATA, 0x1800);
		ocp_reg_write(tp, OCP_SRAM_DATA, 0x803a);
		ocp_reg_write(tp, OCP_SRAM_DATA, 0x1800);
		ocp_reg_write(tp, OCP_SRAM_DATA, 0x8044);
		ocp_reg_write(tp, OCP_SRAM_DATA, 0x1800);
		ocp_reg_write(tp, OCP_SRAM_DATA, 0x8083);
		ocp_reg_write(tp, OCP_SRAM_DATA, 0x1800);
		ocp_reg_write(tp, OCP_SRAM_DATA, 0x808d);
		ocp_reg_write(tp, OCP_SRAM_DATA, 0x1800);
		ocp_reg_write(tp, OCP_SRAM_DATA, 0x808d);
		ocp_reg_write(tp, OCP_SRAM_DATA, 0x1800);
		ocp_reg_write(tp, OCP_SRAM_DATA, 0x808d);
		ocp_reg_write(tp, OCP_SRAM_DATA, 0xd712);
		ocp_reg_write(tp, OCP_SRAM_DATA, 0x4077);
		ocp_reg_write(tp, OCP_SRAM_DATA, 0xd71e);
		ocp_reg_write(tp, OCP_SRAM_DATA, 0x4159);
		ocp_reg_write(tp, OCP_SRAM_DATA, 0xd71e);
		ocp_reg_write(tp, OCP_SRAM_DATA, 0x6099);
		ocp_reg_write(tp, OCP_SRAM_DATA, 0x7f44);
		ocp_reg_write(tp, OCP_SRAM_DATA, 0x1800);
		ocp_reg_write(tp, OCP_SRAM_DATA, 0x1a14);
		ocp_reg_write(tp, OCP_SRAM_DATA, 0x9040);
		ocp_reg_write(tp, OCP_SRAM_DATA, 0x9201);
		ocp_reg_write(tp, OCP_SRAM_DATA, 0x1800);
		ocp_reg_write(tp, OCP_SRAM_DATA, 0x1b1a);
		ocp_reg_write(tp, OCP_SRAM_DATA, 0xd71e);
		ocp_reg_write(tp, OCP_SRAM_DATA, 0x2425);
		ocp_reg_write(tp, OCP_SRAM_DATA, 0x1a14);
		ocp_reg_write(tp, OCP_SRAM_DATA, 0xd71f);
		ocp_reg_write(tp, OCP_SRAM_DATA, 0x3ce5);
		ocp_reg_write(tp, OCP_SRAM_DATA, 0x1afb);
		ocp_reg_write(tp, OCP_SRAM_DATA, 0x1800);
		ocp_reg_write(tp, OCP_SRAM_DATA, 0x1b00);
		ocp_reg_write(tp, OCP_SRAM_DATA, 0xd712);
		ocp_reg_write(tp, OCP_SRAM_DATA, 0x4077);
		ocp_reg_write(tp, OCP_SRAM_DATA, 0xd71e);
		ocp_reg_write(tp, OCP_SRAM_DATA, 0x4159);
		ocp_reg_write(tp, OCP_SRAM_DATA, 0xd71e);
		ocp_reg_write(tp, OCP_SRAM_DATA, 0x60b9);
		ocp_reg_write(tp, OCP_SRAM_DATA, 0x2421);
		ocp_reg_write(tp, OCP_SRAM_DATA, 0x1c17);
		ocp_reg_write(tp, OCP_SRAM_DATA, 0x1800);
		ocp_reg_write(tp, OCP_SRAM_DATA, 0x1a14);
		ocp_reg_write(tp, OCP_SRAM_DATA, 0x9040);
		ocp_reg_write(tp, OCP_SRAM_DATA, 0x1800);
		ocp_reg_write(tp, OCP_SRAM_DATA, 0x1c2c);
		ocp_reg_write(tp, OCP_SRAM_DATA, 0xd71e);
		ocp_reg_write(tp, OCP_SRAM_DATA, 0x2425);
		ocp_reg_write(tp, OCP_SRAM_DATA, 0x1a14);
		ocp_reg_write(tp, OCP_SRAM_DATA, 0xd71f);
		ocp_reg_write(tp, OCP_SRAM_DATA, 0x3ce5);
		ocp_reg_write(tp, OCP_SRAM_DATA, 0x1c0f);
		ocp_reg_write(tp, OCP_SRAM_DATA, 0x1800);
		ocp_reg_write(tp, OCP_SRAM_DATA, 0x1c13);
		ocp_reg_write(tp, OCP_SRAM_DATA, 0xd702);
		ocp_reg_write(tp, OCP_SRAM_DATA, 0xd501);
		ocp_reg_write(tp, OCP_SRAM_DATA, 0x6072);
		ocp_reg_write(tp, OCP_SRAM_DATA, 0x8401);
		ocp_reg_write(tp, OCP_SRAM_DATA, 0xf002);
		ocp_reg_write(tp, OCP_SRAM_DATA, 0xa401);
		ocp_reg_write(tp, OCP_SRAM_DATA, 0x1000);
		ocp_reg_write(tp, OCP_SRAM_DATA, 0x146e);
		ocp_reg_write(tp, OCP_SRAM_DATA, 0x1800);
		ocp_reg_write(tp, OCP_SRAM_DATA, 0x0b77);
		ocp_reg_write(tp, OCP_SRAM_DATA, 0xd703);
		ocp_reg_write(tp, OCP_SRAM_DATA, 0x665d);
		ocp_reg_write(tp, OCP_SRAM_DATA, 0x653e);
		ocp_reg_write(tp, OCP_SRAM_DATA, 0x641f);
		ocp_reg_write(tp, OCP_SRAM_DATA, 0xd700);
		ocp_reg_write(tp, OCP_SRAM_DATA, 0x62c4);
		ocp_reg_write(tp, OCP_SRAM_DATA, 0x6185);
		ocp_reg_write(tp, OCP_SRAM_DATA, 0x6066);
		ocp_reg_write(tp, OCP_SRAM_DATA, 0x1800);
		ocp_reg_write(tp, OCP_SRAM_DATA, 0x165a);
		ocp_reg_write(tp, OCP_SRAM_DATA, 0xc101);
		ocp_reg_write(tp, OCP_SRAM_DATA, 0xcb00);
		ocp_reg_write(tp, OCP_SRAM_DATA, 0x1000);
		ocp_reg_write(tp, OCP_SRAM_DATA, 0x1945);
		ocp_reg_write(tp, OCP_SRAM_DATA, 0xd700);
		ocp_reg_write(tp, OCP_SRAM_DATA, 0x7fa6);
		ocp_reg_write(tp, OCP_SRAM_DATA, 0x1800);
		ocp_reg_write(tp, OCP_SRAM_DATA, 0x807d);
		ocp_reg_write(tp, OCP_SRAM_DATA, 0xc102);
		ocp_reg_write(tp, OCP_SRAM_DATA, 0xcb00);
		ocp_reg_write(tp, OCP_SRAM_DATA, 0x1000);
		ocp_reg_write(tp, OCP_SRAM_DATA, 0x1945);
		ocp_reg_write(tp, OCP_SRAM_DATA, 0xd700);
		ocp_reg_write(tp, OCP_SRAM_DATA, 0x2569);
		ocp_reg_write(tp, OCP_SRAM_DATA, 0x8058);
		ocp_reg_write(tp, OCP_SRAM_DATA, 0x1800);
		ocp_reg_write(tp, OCP_SRAM_DATA, 0x807d);
		ocp_reg_write(tp, OCP_SRAM_DATA, 0xc104);
		ocp_reg_write(tp, OCP_SRAM_DATA, 0xcb00);
		ocp_reg_write(tp, OCP_SRAM_DATA, 0x1000);
		ocp_reg_write(tp, OCP_SRAM_DATA, 0x1945);
		ocp_reg_write(tp, OCP_SRAM_DATA, 0xd700);
		ocp_reg_write(tp, OCP_SRAM_DATA, 0x7fa4);
		ocp_reg_write(tp, OCP_SRAM_DATA, 0x1800);
		ocp_reg_write(tp, OCP_SRAM_DATA, 0x807d);
		ocp_reg_write(tp, OCP_SRAM_DATA, 0xc120);
		ocp_reg_write(tp, OCP_SRAM_DATA, 0xcb00);
		ocp_reg_write(tp, OCP_SRAM_DATA, 0x1000);
		ocp_reg_write(tp, OCP_SRAM_DATA, 0x1945);
		ocp_reg_write(tp, OCP_SRAM_DATA, 0xd703);
		ocp_reg_write(tp, OCP_SRAM_DATA, 0x7fbf);
		ocp_reg_write(tp, OCP_SRAM_DATA, 0x1800);
		ocp_reg_write(tp, OCP_SRAM_DATA, 0x807d);
		ocp_reg_write(tp, OCP_SRAM_DATA, 0xc140);
		ocp_reg_write(tp, OCP_SRAM_DATA, 0xcb00);
		ocp_reg_write(tp, OCP_SRAM_DATA, 0x1000);
		ocp_reg_write(tp, OCP_SRAM_DATA, 0x1945);
		ocp_reg_write(tp, OCP_SRAM_DATA, 0xd703);
		ocp_reg_write(tp, OCP_SRAM_DATA, 0x7fbe);
		ocp_reg_write(tp, OCP_SRAM_DATA, 0x1800);
		ocp_reg_write(tp, OCP_SRAM_DATA, 0x807d);
		ocp_reg_write(tp, OCP_SRAM_DATA, 0xc180);
		ocp_reg_write(tp, OCP_SRAM_DATA, 0xcb00);
		ocp_reg_write(tp, OCP_SRAM_DATA, 0x1000);
		ocp_reg_write(tp, OCP_SRAM_DATA, 0x1945);
		ocp_reg_write(tp, OCP_SRAM_DATA, 0xd703);
		ocp_reg_write(tp, OCP_SRAM_DATA, 0x7fbd);
		ocp_reg_write(tp, OCP_SRAM_DATA, 0xc100);
		ocp_reg_write(tp, OCP_SRAM_DATA, 0xcb00);
		ocp_reg_write(tp, OCP_SRAM_DATA, 0xd708);
		ocp_reg_write(tp, OCP_SRAM_DATA, 0x6018);
		ocp_reg_write(tp, OCP_SRAM_DATA, 0x1800);
		ocp_reg_write(tp, OCP_SRAM_DATA, 0x165a);
		ocp_reg_write(tp, OCP_SRAM_DATA, 0x1000);
		ocp_reg_write(tp, OCP_SRAM_DATA, 0x14f6);
		ocp_reg_write(tp, OCP_SRAM_DATA, 0xd014);
		ocp_reg_write(tp, OCP_SRAM_DATA, 0xd1e3);
		ocp_reg_write(tp, OCP_SRAM_DATA, 0x1000);
		ocp_reg_write(tp, OCP_SRAM_DATA, 0x1356);
		ocp_reg_write(tp, OCP_SRAM_DATA, 0xd705);
		ocp_reg_write(tp, OCP_SRAM_DATA, 0x5fbe);
		ocp_reg_write(tp, OCP_SRAM_DATA, 0x1800);
		ocp_reg_write(tp, OCP_SRAM_DATA, 0x1559);
		sram_write(tp, 0xA026, 0xffff);
		sram_write(tp, 0xA024, 0xffff);
		sram_write(tp, 0xA022, 0xffff);
		sram_write(tp, 0xA020, 0x1557);
		sram_write(tp, 0xA006, 0x1677);
		sram_write(tp, 0xA004, 0x0b75);
		sram_write(tp, 0xA002, 0x1c17);
		sram_write(tp, 0xA000, 0x1b04);
		sram_write(tp, 0xA008, 0x1f00);

		/* nc1_patch */

		/* nc2_patch */
		sram_write(tp, 0xA016, 0x0020);
		sram_write(tp, 0xA012, 0x0000);
		ocp_reg_write(tp, OCP_SRAM_ADDR, 0xA014);
		ocp_reg_write(tp, OCP_SRAM_DATA, 0x1800);
		ocp_reg_write(tp, OCP_SRAM_DATA, 0x8010);
		ocp_reg_write(tp, OCP_SRAM_DATA, 0x1800);
		ocp_reg_write(tp, OCP_SRAM_DATA, 0x817f);
		ocp_reg_write(tp, OCP_SRAM_DATA, 0x1800);
		ocp_reg_write(tp, OCP_SRAM_DATA, 0x82ab);
		ocp_reg_write(tp, OCP_SRAM_DATA, 0x1800);
		ocp_reg_write(tp, OCP_SRAM_DATA, 0x83f8);
		ocp_reg_write(tp, OCP_SRAM_DATA, 0x1800);
		ocp_reg_write(tp, OCP_SRAM_DATA, 0x8444);
		ocp_reg_write(tp, OCP_SRAM_DATA, 0x1800);
		ocp_reg_write(tp, OCP_SRAM_DATA, 0x8454);
		ocp_reg_write(tp, OCP_SRAM_DATA, 0x1800);
		ocp_reg_write(tp, OCP_SRAM_DATA, 0x8459);
		ocp_reg_write(tp, OCP_SRAM_DATA, 0x1800);
		ocp_reg_write(tp, OCP_SRAM_DATA, 0x8465);
		ocp_reg_write(tp, OCP_SRAM_DATA, 0xcb11);
		ocp_reg_write(tp, OCP_SRAM_DATA, 0xa50c);
		ocp_reg_write(tp, OCP_SRAM_DATA, 0x8310);
		ocp_reg_write(tp, OCP_SRAM_DATA, 0xd701);
		ocp_reg_write(tp, OCP_SRAM_DATA, 0x4076);
		ocp_reg_write(tp, OCP_SRAM_DATA, 0x0c03);
		ocp_reg_write(tp, OCP_SRAM_DATA, 0x0903);
		ocp_reg_write(tp, OCP_SRAM_DATA, 0xd700);
		ocp_reg_write(tp, OCP_SRAM_DATA, 0x6083);
		ocp_reg_write(tp, OCP_SRAM_DATA, 0x0c1f);
		ocp_reg_write(tp, OCP_SRAM_DATA, 0x0d00);
		ocp_reg_write(tp, OCP_SRAM_DATA, 0xf003);
		ocp_reg_write(tp, OCP_SRAM_DATA, 0x0c1f);
		ocp_reg_write(tp, OCP_SRAM_DATA, 0x0d00);
		ocp_reg_write(tp, OCP_SRAM_DATA, 0x1000);
		ocp_reg_write(tp, OCP_SRAM_DATA, 0x0a7d);
		ocp_reg_write(tp, OCP_SRAM_DATA, 0x1000);
		ocp_reg_write(tp, OCP_SRAM_DATA, 0x0a4d);
		ocp_reg_write(tp, OCP_SRAM_DATA, 0xcb12);
		ocp_reg_write(tp, OCP_SRAM_DATA, 0x1000);
		ocp_reg_write(tp, OCP_SRAM_DATA, 0x0a5e);
		ocp_reg_write(tp, OCP_SRAM_DATA, 0xd71f);
		ocp_reg_write(tp, OCP_SRAM_DATA, 0x5f84);
		ocp_reg_write(tp, OCP_SRAM_DATA, 0xd102);
		ocp_reg_write(tp, OCP_SRAM_DATA, 0xd040);
		ocp_reg_write(tp, OCP_SRAM_DATA, 0x1000);
		ocp_reg_write(tp, OCP_SRAM_DATA, 0x0a5e);
		ocp_reg_write(tp, OCP_SRAM_DATA, 0xd700);
		ocp_reg_write(tp, OCP_SRAM_DATA, 0x5fb4);
		ocp_reg_write(tp, OCP_SRAM_DATA, 0xd701);
		ocp_reg_write(tp, OCP_SRAM_DATA, 0x60f3);
		ocp_reg_write(tp, OCP_SRAM_DATA, 0xd413);
		ocp_reg_write(tp, OCP_SRAM_DATA, 0x1000);
		ocp_reg_write(tp, OCP_SRAM_DATA, 0x0a37);
		ocp_reg_write(tp, OCP_SRAM_DATA, 0xd410);
		ocp_reg_write(tp, OCP_SRAM_DATA, 0x1000);
		ocp_reg_write(tp, OCP_SRAM_DATA, 0x0a37);
		ocp_reg_write(tp, OCP_SRAM_DATA, 0xcb13);
		ocp_reg_write(tp, OCP_SRAM_DATA, 0xa108);
		ocp_reg_write(tp, OCP_SRAM_DATA, 0x1000);
		ocp_reg_write(tp, OCP_SRAM_DATA, 0x0a42);
		ocp_reg_write(tp, OCP_SRAM_DATA, 0x8108);
		ocp_reg_write(tp, OCP_SRAM_DATA, 0xa00a);
		ocp_reg_write(tp, OCP_SRAM_DATA, 0xa910);
		ocp_reg_write(tp, OCP_SRAM_DATA, 0xa780);
		ocp_reg_write(tp, OCP_SRAM_DATA, 0xd14a);
		ocp_reg_write(tp, OCP_SRAM_DATA, 0xd048);
		ocp_reg_write(tp, OCP_SRAM_DATA, 0x1000);
		ocp_reg_write(tp, OCP_SRAM_DATA, 0x0a5e);
		ocp_reg_write(tp, OCP_SRAM_DATA, 0xd701);
		ocp_reg_write(tp, OCP_SRAM_DATA, 0x6255);
		ocp_reg_write(tp, OCP_SRAM_DATA, 0xd700);
		ocp_reg_write(tp, OCP_SRAM_DATA, 0x5f74);
		ocp_reg_write(tp, OCP_SRAM_DATA, 0x6326);
		ocp_reg_write(tp, OCP_SRAM_DATA, 0xd702);
		ocp_reg_write(tp, OCP_SRAM_DATA, 0x5f07);
		ocp_reg_write(tp, OCP_SRAM_DATA, 0x800a);
		ocp_reg_write(tp, OCP_SRAM_DATA, 0xa004);
		ocp_reg_write(tp, OCP_SRAM_DATA, 0x1000);
		ocp_reg_write(tp, OCP_SRAM_DATA, 0x0a42);
		ocp_reg_write(tp, OCP_SRAM_DATA, 0x8004);
		ocp_reg_write(tp, OCP_SRAM_DATA, 0xa001);
		ocp_reg_write(tp, OCP_SRAM_DATA, 0x1000);
		ocp_reg_write(tp, OCP_SRAM_DATA, 0x0a42);
		ocp_reg_write(tp, OCP_SRAM_DATA, 0x8001);
		ocp_reg_write(tp, OCP_SRAM_DATA, 0x0c03);
		ocp_reg_write(tp, OCP_SRAM_DATA, 0x0902);
		ocp_reg_write(tp, OCP_SRAM_DATA, 0xffe2);
		ocp_reg_write(tp, OCP_SRAM_DATA, 0x1000);
		ocp_reg_write(tp, OCP_SRAM_DATA, 0x0a5e);
		ocp_reg_write(tp, OCP_SRAM_DATA, 0xd71f);
		ocp_reg_write(tp, OCP_SRAM_DATA, 0x5fab);
		ocp_reg_write(tp, OCP_SRAM_DATA, 0xba08);
		ocp_reg_write(tp, OCP_SRAM_DATA, 0x1000);
		ocp_reg_write(tp, OCP_SRAM_DATA, 0x0a5e);
		ocp_reg_write(tp, OCP_SRAM_DATA, 0xd71f);
		ocp_reg_write(tp, OCP_SRAM_DATA, 0x7f8b);
		ocp_reg_write(tp, OCP_SRAM_DATA, 0x9a08);
		ocp_reg_write(tp, OCP_SRAM_DATA, 0x800a);
		ocp_reg_write(tp, OCP_SRAM_DATA, 0xd702);
		ocp_reg_write(tp, OCP_SRAM_DATA, 0x6535);
		ocp_reg_write(tp, OCP_SRAM_DATA, 0xd40d);
		ocp_reg_write(tp, OCP_SRAM_DATA, 0x1000);
		ocp_reg_write(tp, OCP_SRAM_DATA, 0x0a37);
		ocp_reg_write(tp, OCP_SRAM_DATA, 0xcb14);
		ocp_reg_write(tp, OCP_SRAM_DATA, 0xa004);
		ocp_reg_write(tp, OCP_SRAM_DATA, 0x1000);
		ocp_reg_write(tp, OCP_SRAM_DATA, 0x0a42);
		ocp_reg_write(tp, OCP_SRAM_DATA, 0x8004);
		ocp_reg_write(tp, OCP_SRAM_DATA, 0xa001);
		ocp_reg_write(tp, OCP_SRAM_DATA, 0x1000);
		ocp_reg_write(tp, OCP_SRAM_DATA, 0x0a42);
		ocp_reg_write(tp, OCP_SRAM_DATA, 0x8001);
		ocp_reg_write(tp, OCP_SRAM_DATA, 0xa00a);
		ocp_reg_write(tp, OCP_SRAM_DATA, 0xa780);
		ocp_reg_write(tp, OCP_SRAM_DATA, 0xd14a);
		ocp_reg_write(tp, OCP_SRAM_DATA, 0xd048);
		ocp_reg_write(tp, OCP_SRAM_DATA, 0x1000);
		ocp_reg_write(tp, OCP_SRAM_DATA, 0x0a5e);
		ocp_reg_write(tp, OCP_SRAM_DATA, 0xd700);
		ocp_reg_write(tp, OCP_SRAM_DATA, 0x5fb4);
		ocp_reg_write(tp, OCP_SRAM_DATA, 0x6206);
		ocp_reg_write(tp, OCP_SRAM_DATA, 0xd702);
		ocp_reg_write(tp, OCP_SRAM_DATA, 0x5f47);
		ocp_reg_write(tp, OCP_SRAM_DATA, 0x800a);
		ocp_reg_write(tp, OCP_SRAM_DATA, 0xa004);
		ocp_reg_write(tp, OCP_SRAM_DATA, 0x1000);
		ocp_reg_write(tp, OCP_SRAM_DATA, 0x0a42);
		ocp_reg_write(tp, OCP_SRAM_DATA, 0x8004);
		ocp_reg_write(tp, OCP_SRAM_DATA, 0xa001);
		ocp_reg_write(tp, OCP_SRAM_DATA, 0x1000);
		ocp_reg_write(tp, OCP_SRAM_DATA, 0x0a42);
		ocp_reg_write(tp, OCP_SRAM_DATA, 0x8001);
		ocp_reg_write(tp, OCP_SRAM_DATA, 0x0c03);
		ocp_reg_write(tp, OCP_SRAM_DATA, 0x0902);
		ocp_reg_write(tp, OCP_SRAM_DATA, 0x1800);
		ocp_reg_write(tp, OCP_SRAM_DATA, 0x8064);
		ocp_reg_write(tp, OCP_SRAM_DATA, 0x800a);
		ocp_reg_write(tp, OCP_SRAM_DATA, 0xd40e);
		ocp_reg_write(tp, OCP_SRAM_DATA, 0x1000);
		ocp_reg_write(tp, OCP_SRAM_DATA, 0x0a37);
		ocp_reg_write(tp, OCP_SRAM_DATA, 0xb920);
		ocp_reg_write(tp, OCP_SRAM_DATA, 0x1000);
		ocp_reg_write(tp, OCP_SRAM_DATA, 0x0a5e);
		ocp_reg_write(tp, OCP_SRAM_DATA, 0xd71f);
		ocp_reg_write(tp, OCP_SRAM_DATA, 0x5fac);
		ocp_reg_write(tp, OCP_SRAM_DATA, 0x9920);
		ocp_reg_write(tp, OCP_SRAM_DATA, 0x1000);
		ocp_reg_write(tp, OCP_SRAM_DATA, 0x0a5e);
		ocp_reg_write(tp, OCP_SRAM_DATA, 0xd71f);
		ocp_reg_write(tp, OCP_SRAM_DATA, 0x7f8c);
		ocp_reg_write(tp, OCP_SRAM_DATA, 0xd701);
		ocp_reg_write(tp, OCP_SRAM_DATA, 0x6073);
		ocp_reg_write(tp, OCP_SRAM_DATA, 0xd701);
		ocp_reg_write(tp, OCP_SRAM_DATA, 0x4216);
		ocp_reg_write(tp, OCP_SRAM_DATA, 0xa004);
		ocp_reg_write(tp, OCP_SRAM_DATA, 0x1000);
		ocp_reg_write(tp, OCP_SRAM_DATA, 0x0a42);
		ocp_reg_write(tp, OCP_SRAM_DATA, 0x8004);
		ocp_reg_write(tp, OCP_SRAM_DATA, 0xa001);
		ocp_reg_write(tp, OCP_SRAM_DATA, 0x1000);
		ocp_reg_write(tp, OCP_SRAM_DATA, 0x0a42);
		ocp_reg_write(tp, OCP_SRAM_DATA, 0x8001);
		ocp_reg_write(tp, OCP_SRAM_DATA, 0xd120);
		ocp_reg_write(tp, OCP_SRAM_DATA, 0xd040);
		ocp_reg_write(tp, OCP_SRAM_DATA, 0x1000);
		ocp_reg_write(tp, OCP_SRAM_DATA, 0x0a5e);
		ocp_reg_write(tp, OCP_SRAM_DATA, 0xd700);
		ocp_reg_write(tp, OCP_SRAM_DATA, 0x5fb4);
		ocp_reg_write(tp, OCP_SRAM_DATA, 0x8504);
		ocp_reg_write(tp, OCP_SRAM_DATA, 0xcb21);
		ocp_reg_write(tp, OCP_SRAM_DATA, 0xa301);
		ocp_reg_write(tp, OCP_SRAM_DATA, 0x1000);
		ocp_reg_write(tp, OCP_SRAM_DATA, 0x0a5e);
		ocp_reg_write(tp, OCP_SRAM_DATA, 0xd700);
		ocp_reg_write(tp, OCP_SRAM_DATA, 0x5f9f);
		ocp_reg_write(tp, OCP_SRAM_DATA, 0x8301);
		ocp_reg_write(tp, OCP_SRAM_DATA, 0xd704);
		ocp_reg_write(tp, OCP_SRAM_DATA, 0x40e0);
		ocp_reg_write(tp, OCP_SRAM_DATA, 0xd196);
		ocp_reg_write(tp, OCP_SRAM_DATA, 0xd04d);
		ocp_reg_write(tp, OCP_SRAM_DATA, 0x1000);
		ocp_reg_write(tp, OCP_SRAM_DATA, 0x0a5e);
		ocp_reg_write(tp, OCP_SRAM_DATA, 0xd700);
		ocp_reg_write(tp, OCP_SRAM_DATA, 0x5fb4);
		ocp_reg_write(tp, OCP_SRAM_DATA, 0xcb22);
		ocp_reg_write(tp, OCP_SRAM_DATA, 0x1000);
		ocp_reg_write(tp, OCP_SRAM_DATA, 0x0a6d);
		ocp_reg_write(tp, OCP_SRAM_DATA, 0x0c03);
		ocp_reg_write(tp, OCP_SRAM_DATA, 0x1502);
		ocp_reg_write(tp, OCP_SRAM_DATA, 0xa640);
		ocp_reg_write(tp, OCP_SRAM_DATA, 0x9503);
		ocp_reg_write(tp, OCP_SRAM_DATA, 0x8910);
		ocp_reg_write(tp, OCP_SRAM_DATA, 0x8720);
		ocp_reg_write(tp, OCP_SRAM_DATA, 0xd700);
		ocp_reg_write(tp, OCP_SRAM_DATA, 0x6083);
		ocp_reg_write(tp, OCP_SRAM_DATA, 0x0c1f);
		ocp_reg_write(tp, OCP_SRAM_DATA, 0x0d01);
		ocp_reg_write(tp, OCP_SRAM_DATA, 0xf003);
		ocp_reg_write(tp, OCP_SRAM_DATA, 0x0c1f);
		ocp_reg_write(tp, OCP_SRAM_DATA, 0x0d01);
		ocp_reg_write(tp, OCP_SRAM_DATA, 0x1000);
		ocp_reg_write(tp, OCP_SRAM_DATA, 0x0a7d);
		ocp_reg_write(tp, OCP_SRAM_DATA, 0x0c1f);
		ocp_reg_write(tp, OCP_SRAM_DATA, 0x0f14);
		ocp_reg_write(tp, OCP_SRAM_DATA, 0xcb23);
		ocp_reg_write(tp, OCP_SRAM_DATA, 0x8fc0);
		ocp_reg_write(tp, OCP_SRAM_DATA, 0x1000);
		ocp_reg_write(tp, OCP_SRAM_DATA, 0x0a25);
		ocp_reg_write(tp, OCP_SRAM_DATA, 0xaf40);
		ocp_reg_write(tp, OCP_SRAM_DATA, 0x1000);
		ocp_reg_write(tp, OCP_SRAM_DATA, 0x0a25);
		ocp_reg_write(tp, OCP_SRAM_DATA, 0x0cc0);
		ocp_reg_write(tp, OCP_SRAM_DATA, 0x0f80);
		ocp_reg_write(tp, OCP_SRAM_DATA, 0x1000);
		ocp_reg_write(tp, OCP_SRAM_DATA, 0x0a25);
		ocp_reg_write(tp, OCP_SRAM_DATA, 0xafc0);
		ocp_reg_write(tp, OCP_SRAM_DATA, 0x1000);
		ocp_reg_write(tp, OCP_SRAM_DATA, 0x0a25);
		ocp_reg_write(tp, OCP_SRAM_DATA, 0x1000);
		ocp_reg_write(tp, OCP_SRAM_DATA, 0x0a5e);
		ocp_reg_write(tp, OCP_SRAM_DATA, 0xd701);
		ocp_reg_write(tp, OCP_SRAM_DATA, 0x5dee);
		ocp_reg_write(tp, OCP_SRAM_DATA, 0xcb24);
		ocp_reg_write(tp, OCP_SRAM_DATA, 0x8f1f);
		ocp_reg_write(tp, OCP_SRAM_DATA, 0x1000);
		ocp_reg_write(tp, OCP_SRAM_DATA, 0x0a5e);
		ocp_reg_write(tp, OCP_SRAM_DATA, 0xd701);
		ocp_reg_write(tp, OCP_SRAM_DATA, 0x7f6e);
		ocp_reg_write(tp, OCP_SRAM_DATA, 0xa111);
		ocp_reg_write(tp, OCP_SRAM_DATA, 0xa215);
		ocp_reg_write(tp, OCP_SRAM_DATA, 0xa401);
		ocp_reg_write(tp, OCP_SRAM_DATA, 0x8404);
		ocp_reg_write(tp, OCP_SRAM_DATA, 0xa720);
		ocp_reg_write(tp, OCP_SRAM_DATA, 0xcb25);
		ocp_reg_write(tp, OCP_SRAM_DATA, 0x0c03);
		ocp_reg_write(tp, OCP_SRAM_DATA, 0x1502);
		ocp_reg_write(tp, OCP_SRAM_DATA, 0x8640);
		ocp_reg_write(tp, OCP_SRAM_DATA, 0x9503);
		ocp_reg_write(tp, OCP_SRAM_DATA, 0x1000);
		ocp_reg_write(tp, OCP_SRAM_DATA, 0x0b43);
		ocp_reg_write(tp, OCP_SRAM_DATA, 0x1000);
		ocp_reg_write(tp, OCP_SRAM_DATA, 0x0b86);
		ocp_reg_write(tp, OCP_SRAM_DATA, 0x1000);
		ocp_reg_write(tp, OCP_SRAM_DATA, 0x0a5e);
		ocp_reg_write(tp, OCP_SRAM_DATA, 0xb920);
		ocp_reg_write(tp, OCP_SRAM_DATA, 0x1000);
		ocp_reg_write(tp, OCP_SRAM_DATA, 0x0a5e);
		ocp_reg_write(tp, OCP_SRAM_DATA, 0xd71f);
		ocp_reg_write(tp, OCP_SRAM_DATA, 0x5fac);
		ocp_reg_write(tp, OCP_SRAM_DATA, 0x9920);
		ocp_reg_write(tp, OCP_SRAM_DATA, 0x1000);
		ocp_reg_write(tp, OCP_SRAM_DATA, 0x0a5e);
		ocp_reg_write(tp, OCP_SRAM_DATA, 0xd71f);
		ocp_reg_write(tp, OCP_SRAM_DATA, 0x7f8c);
		ocp_reg_write(tp, OCP_SRAM_DATA, 0xcb26);
		ocp_reg_write(tp, OCP_SRAM_DATA, 0x1000);
		ocp_reg_write(tp, OCP_SRAM_DATA, 0x0a5e);
		ocp_reg_write(tp, OCP_SRAM_DATA, 0xd71f);
		ocp_reg_write(tp, OCP_SRAM_DATA, 0x5f82);
		ocp_reg_write(tp, OCP_SRAM_DATA, 0x8111);
		ocp_reg_write(tp, OCP_SRAM_DATA, 0x8205);
		ocp_reg_write(tp, OCP_SRAM_DATA, 0x8404);
		ocp_reg_write(tp, OCP_SRAM_DATA, 0xcb27);
		ocp_reg_write(tp, OCP_SRAM_DATA, 0xd404);
		ocp_reg_write(tp, OCP_SRAM_DATA, 0x1000);
		ocp_reg_write(tp, OCP_SRAM_DATA, 0x0a37);
		ocp_reg_write(tp, OCP_SRAM_DATA, 0xd700);
		ocp_reg_write(tp, OCP_SRAM_DATA, 0x6083);
		ocp_reg_write(tp, OCP_SRAM_DATA, 0x0c1f);
		ocp_reg_write(tp, OCP_SRAM_DATA, 0x0d02);
		ocp_reg_write(tp, OCP_SRAM_DATA, 0xf003);
		ocp_reg_write(tp, OCP_SRAM_DATA, 0x0c1f);
		ocp_reg_write(tp, OCP_SRAM_DATA, 0x0d02);
		ocp_reg_write(tp, OCP_SRAM_DATA, 0x1000);
		ocp_reg_write(tp, OCP_SRAM_DATA, 0x0a7d);
		ocp_reg_write(tp, OCP_SRAM_DATA, 0xa710);
		ocp_reg_write(tp, OCP_SRAM_DATA, 0xa104);
		ocp_reg_write(tp, OCP_SRAM_DATA, 0x1000);
		ocp_reg_write(tp, OCP_SRAM_DATA, 0x0a42);
		ocp_reg_write(tp, OCP_SRAM_DATA, 0x8104);
		ocp_reg_write(tp, OCP_SRAM_DATA, 0xa001);
		ocp_reg_write(tp, OCP_SRAM_DATA, 0x1000);
		ocp_reg_write(tp, OCP_SRAM_DATA, 0x0a42);
		ocp_reg_write(tp, OCP_SRAM_DATA, 0x8001);
		ocp_reg_write(tp, OCP_SRAM_DATA, 0xa120);
		ocp_reg_write(tp, OCP_SRAM_DATA, 0xaa0f);
		ocp_reg_write(tp, OCP_SRAM_DATA, 0x8110);
		ocp_reg_write(tp, OCP_SRAM_DATA, 0xa284);
		ocp_reg_write(tp, OCP_SRAM_DATA, 0xa404);
		ocp_reg_write(tp, OCP_SRAM_DATA, 0xa00a);
		ocp_reg_write(tp, OCP_SRAM_DATA, 0xd193);
		ocp_reg_write(tp, OCP_SRAM_DATA, 0xd046);
		ocp_reg_write(tp, OCP_SRAM_DATA, 0x1000);
		ocp_reg_write(tp, OCP_SRAM_DATA, 0x0a5e);
		ocp_reg_write(tp, OCP_SRAM_DATA, 0xd700);
		ocp_reg_write(tp, OCP_SRAM_DATA, 0x5fb4);
		ocp_reg_write(tp, OCP_SRAM_DATA, 0xcb28);
		ocp_reg_write(tp, OCP_SRAM_DATA, 0xa110);
		ocp_reg_write(tp, OCP_SRAM_DATA, 0x1000);
		ocp_reg_write(tp, OCP_SRAM_DATA, 0x0a5e);
		ocp_reg_write(tp, OCP_SRAM_DATA, 0xd700);
		ocp_reg_write(tp, OCP_SRAM_DATA, 0x5fa8);
		ocp_reg_write(tp, OCP_SRAM_DATA, 0x8110);
		ocp_reg_write(tp, OCP_SRAM_DATA, 0x8284);
		ocp_reg_write(tp, OCP_SRAM_DATA, 0xa404);
		ocp_reg_write(tp, OCP_SRAM_DATA, 0x800a);
		ocp_reg_write(tp, OCP_SRAM_DATA, 0x8710);
		ocp_reg_write(tp, OCP_SRAM_DATA, 0xb804);
		ocp_reg_write(tp, OCP_SRAM_DATA, 0x1000);
		ocp_reg_write(tp, OCP_SRAM_DATA, 0x0a5e);
		ocp_reg_write(tp, OCP_SRAM_DATA, 0xd71f);
		ocp_reg_write(tp, OCP_SRAM_DATA, 0x7f82);
		ocp_reg_write(tp, OCP_SRAM_DATA, 0x9804);
		ocp_reg_write(tp, OCP_SRAM_DATA, 0xcb29);
		ocp_reg_write(tp, OCP_SRAM_DATA, 0x1000);
		ocp_reg_write(tp, OCP_SRAM_DATA, 0x0a5e);
		ocp_reg_write(tp, OCP_SRAM_DATA, 0xd71f);
		ocp_reg_write(tp, OCP_SRAM_DATA, 0x5f85);
		ocp_reg_write(tp, OCP_SRAM_DATA, 0xa710);
		ocp_reg_write(tp, OCP_SRAM_DATA, 0xb820);
		ocp_reg_write(tp, OCP_SRAM_DATA, 0x1000);
		ocp_reg_write(tp, OCP_SRAM_DATA, 0x0a5e);
		ocp_reg_write(tp, OCP_SRAM_DATA, 0xd71f);
		ocp_reg_write(tp, OCP_SRAM_DATA, 0x7f65);
		ocp_reg_write(tp, OCP_SRAM_DATA, 0x9820);
		ocp_reg_write(tp, OCP_SRAM_DATA, 0xcb2a);
		ocp_reg_write(tp, OCP_SRAM_DATA, 0xa190);
		ocp_reg_write(tp, OCP_SRAM_DATA, 0xa284);
		ocp_reg_write(tp, OCP_SRAM_DATA, 0xa404);
		ocp_reg_write(tp, OCP_SRAM_DATA, 0xa00a);
		ocp_reg_write(tp, OCP_SRAM_DATA, 0xd13d);
		ocp_reg_write(tp, OCP_SRAM_DATA, 0xd04a);
		ocp_reg_write(tp, OCP_SRAM_DATA, 0x1000);
		ocp_reg_write(tp, OCP_SRAM_DATA, 0x0a5e);
		ocp_reg_write(tp, OCP_SRAM_DATA, 0xd700);
		ocp_reg_write(tp, OCP_SRAM_DATA, 0x3444);
		ocp_reg_write(tp, OCP_SRAM_DATA, 0x8149);
		ocp_reg_write(tp, OCP_SRAM_DATA, 0xa220);
		ocp_reg_write(tp, OCP_SRAM_DATA, 0xd1a0);
		ocp_reg_write(tp, OCP_SRAM_DATA, 0xd040);
		ocp_reg_write(tp, OCP_SRAM_DATA, 0x1000);
		ocp_reg_write(tp, OCP_SRAM_DATA, 0x0a5e);
		ocp_reg_write(tp, OCP_SRAM_DATA, 0xd700);
		ocp_reg_write(tp, OCP_SRAM_DATA, 0x3444);
		ocp_reg_write(tp, OCP_SRAM_DATA, 0x8151);
		ocp_reg_write(tp, OCP_SRAM_DATA, 0xd702);
		ocp_reg_write(tp, OCP_SRAM_DATA, 0x5f51);
		ocp_reg_write(tp, OCP_SRAM_DATA, 0xcb2f);
		ocp_reg_write(tp, OCP_SRAM_DATA, 0xa302);
		ocp_reg_write(tp, OCP_SRAM_DATA, 0x1000);
		ocp_reg_write(tp, OCP_SRAM_DATA, 0x0a5e);
		ocp_reg_write(tp, OCP_SRAM_DATA, 0xd708);
		ocp_reg_write(tp, OCP_SRAM_DATA, 0x5f63);
		ocp_reg_write(tp, OCP_SRAM_DATA, 0xd411);
		ocp_reg_write(tp, OCP_SRAM_DATA, 0x1000);
		ocp_reg_write(tp, OCP_SRAM_DATA, 0x0a37);
		ocp_reg_write(tp, OCP_SRAM_DATA, 0x8302);
		ocp_reg_write(tp, OCP_SRAM_DATA, 0xd409);
		ocp_reg_write(tp, OCP_SRAM_DATA, 0x1000);
		ocp_reg_write(tp, OCP_SRAM_DATA, 0x0a37);
		ocp_reg_write(tp, OCP_SRAM_DATA, 0xb920);
		ocp_reg_write(tp, OCP_SRAM_DATA, 0x1000);
		ocp_reg_write(tp, OCP_SRAM_DATA, 0x0a5e);
		ocp_reg_write(tp, OCP_SRAM_DATA, 0xd71f);
		ocp_reg_write(tp, OCP_SRAM_DATA, 0x5fac);
		ocp_reg_write(tp, OCP_SRAM_DATA, 0x9920);
		ocp_reg_write(tp, OCP_SRAM_DATA, 0x1000);
		ocp_reg_write(tp, OCP_SRAM_DATA, 0x0a5e);
		ocp_reg_write(tp, OCP_SRAM_DATA, 0xd71f);
		ocp_reg_write(tp, OCP_SRAM_DATA, 0x7f8c);
		ocp_reg_write(tp, OCP_SRAM_DATA, 0x1000);
		ocp_reg_write(tp, OCP_SRAM_DATA, 0x0a5e);
		ocp_reg_write(tp, OCP_SRAM_DATA, 0xd71f);
		ocp_reg_write(tp, OCP_SRAM_DATA, 0x5fa3);
		ocp_reg_write(tp, OCP_SRAM_DATA, 0x8190);
		ocp_reg_write(tp, OCP_SRAM_DATA, 0x82a4);
		ocp_reg_write(tp, OCP_SRAM_DATA, 0x8404);
		ocp_reg_write(tp, OCP_SRAM_DATA, 0x800a);
		ocp_reg_write(tp, OCP_SRAM_DATA, 0xb808);
		ocp_reg_write(tp, OCP_SRAM_DATA, 0x1000);
		ocp_reg_write(tp, OCP_SRAM_DATA, 0x0a5e);
		ocp_reg_write(tp, OCP_SRAM_DATA, 0xd71f);
		ocp_reg_write(tp, OCP_SRAM_DATA, 0x7fa3);
		ocp_reg_write(tp, OCP_SRAM_DATA, 0x9808);
		ocp_reg_write(tp, OCP_SRAM_DATA, 0x1800);
		ocp_reg_write(tp, OCP_SRAM_DATA, 0x0433);
		ocp_reg_write(tp, OCP_SRAM_DATA, 0xcb15);
		ocp_reg_write(tp, OCP_SRAM_DATA, 0xa508);
		ocp_reg_write(tp, OCP_SRAM_DATA, 0xd700);
		ocp_reg_write(tp, OCP_SRAM_DATA, 0x6083);
		ocp_reg_write(tp, OCP_SRAM_DATA, 0x0c1f);
		ocp_reg_write(tp, OCP_SRAM_DATA, 0x0d01);
		ocp_reg_write(tp, OCP_SRAM_DATA, 0xf003);
		ocp_reg_write(tp, OCP_SRAM_DATA, 0x0c1f);
		ocp_reg_write(tp, OCP_SRAM_DATA, 0x0d01);
		ocp_reg_write(tp, OCP_SRAM_DATA, 0x1000);
		ocp_reg_write(tp, OCP_SRAM_DATA, 0x0a7d);
		ocp_reg_write(tp, OCP_SRAM_DATA, 0x1000);
		ocp_reg_write(tp, OCP_SRAM_DATA, 0x0a4d);
		ocp_reg_write(tp, OCP_SRAM_DATA, 0xa301);
		ocp_reg_write(tp, OCP_SRAM_DATA, 0x1000);
		ocp_reg_write(tp, OCP_SRAM_DATA, 0x0a5e);
		ocp_reg_write(tp, OCP_SRAM_DATA, 0xd700);
		ocp_reg_write(tp, OCP_SRAM_DATA, 0x5f9f);
		ocp_reg_write(tp, OCP_SRAM_DATA, 0x8301);
		ocp_reg_write(tp, OCP_SRAM_DATA, 0xd704);
		ocp_reg_write(tp, OCP_SRAM_DATA, 0x40e0);
		ocp_reg_write(tp, OCP_SRAM_DATA, 0xd115);
		ocp_reg_write(tp, OCP_SRAM_DATA, 0xd04f);
		ocp_reg_write(tp, OCP_SRAM_DATA, 0x1000);
		ocp_reg_write(tp, OCP_SRAM_DATA, 0x0a5e);
		ocp_reg_write(tp, OCP_SRAM_DATA, 0xd700);
		ocp_reg_write(tp, OCP_SRAM_DATA, 0x5fb4);
		ocp_reg_write(tp, OCP_SRAM_DATA, 0xd413);
		ocp_reg_write(tp, OCP_SRAM_DATA, 0x1000);
		ocp_reg_write(tp, OCP_SRAM_DATA, 0x0a37);
		ocp_reg_write(tp, OCP_SRAM_DATA, 0xcb16);
		ocp_reg_write(tp, OCP_SRAM_DATA, 0x1000);
		ocp_reg_write(tp, OCP_SRAM_DATA, 0x0a6d);
		ocp_reg_write(tp, OCP_SRAM_DATA, 0x0c03);
		ocp_reg_write(tp, OCP_SRAM_DATA, 0x1502);
		ocp_reg_write(tp, OCP_SRAM_DATA, 0xa640);
		ocp_reg_write(tp, OCP_SRAM_DATA, 0x9503);
		ocp_reg_write(tp, OCP_SRAM_DATA, 0x8720);
		ocp_reg_write(tp, OCP_SRAM_DATA, 0xd17a);
		ocp_reg_write(tp, OCP_SRAM_DATA, 0xd04c);
		ocp_reg_write(tp, OCP_SRAM_DATA, 0x0c1f);
		ocp_reg_write(tp, OCP_SRAM_DATA, 0x0f14);
		ocp_reg_write(tp, OCP_SRAM_DATA, 0xcb17);
		ocp_reg_write(tp, OCP_SRAM_DATA, 0x8fc0);
		ocp_reg_write(tp, OCP_SRAM_DATA, 0x1000);
		ocp_reg_write(tp, OCP_SRAM_DATA, 0x0a25);
		ocp_reg_write(tp, OCP_SRAM_DATA, 0xaf40);
		ocp_reg_write(tp, OCP_SRAM_DATA, 0x1000);
		ocp_reg_write(tp, OCP_SRAM_DATA, 0x0a25);
		ocp_reg_write(tp, OCP_SRAM_DATA, 0x0cc0);
		ocp_reg_write(tp, OCP_SRAM_DATA, 0x0f80);
		ocp_reg_write(tp, OCP_SRAM_DATA, 0x1000);
		ocp_reg_write(tp, OCP_SRAM_DATA, 0x0a25);
		ocp_reg_write(tp, OCP_SRAM_DATA, 0xafc0);
		ocp_reg_write(tp, OCP_SRAM_DATA, 0x1000);
		ocp_reg_write(tp, OCP_SRAM_DATA, 0x0a25);
		ocp_reg_write(tp, OCP_SRAM_DATA, 0x1000);
		ocp_reg_write(tp, OCP_SRAM_DATA, 0x0a5e);
		ocp_reg_write(tp, OCP_SRAM_DATA, 0xd701);
		ocp_reg_write(tp, OCP_SRAM_DATA, 0x61ce);
		ocp_reg_write(tp, OCP_SRAM_DATA, 0xd700);
		ocp_reg_write(tp, OCP_SRAM_DATA, 0x5db4);
		ocp_reg_write(tp, OCP_SRAM_DATA, 0xcb18);
		ocp_reg_write(tp, OCP_SRAM_DATA, 0x0c03);
		ocp_reg_write(tp, OCP_SRAM_DATA, 0x1502);
		ocp_reg_write(tp, OCP_SRAM_DATA, 0x8640);
		ocp_reg_write(tp, OCP_SRAM_DATA, 0x9503);
		ocp_reg_write(tp, OCP_SRAM_DATA, 0xa720);
		ocp_reg_write(tp, OCP_SRAM_DATA, 0x1000);
		ocp_reg_write(tp, OCP_SRAM_DATA, 0x0b43);
		ocp_reg_write(tp, OCP_SRAM_DATA, 0x1000);
		ocp_reg_write(tp, OCP_SRAM_DATA, 0x0a5e);
		ocp_reg_write(tp, OCP_SRAM_DATA, 0xffd6);
		ocp_reg_write(tp, OCP_SRAM_DATA, 0x8f1f);
		ocp_reg_write(tp, OCP_SRAM_DATA, 0x1000);
		ocp_reg_write(tp, OCP_SRAM_DATA, 0x0a5e);
		ocp_reg_write(tp, OCP_SRAM_DATA, 0xd701);
		ocp_reg_write(tp, OCP_SRAM_DATA, 0x7f8e);
		ocp_reg_write(tp, OCP_SRAM_DATA, 0xa131);
		ocp_reg_write(tp, OCP_SRAM_DATA, 0xaa0f);
		ocp_reg_write(tp, OCP_SRAM_DATA, 0xa2d5);
		ocp_reg_write(tp, OCP_SRAM_DATA, 0xa407);
		ocp_reg_write(tp, OCP_SRAM_DATA, 0xa720);
		ocp_reg_write(tp, OCP_SRAM_DATA, 0x8310);
		ocp_reg_write(tp, OCP_SRAM_DATA, 0xa308);
		ocp_reg_write(tp, OCP_SRAM_DATA, 0x8308);
		ocp_reg_write(tp, OCP_SRAM_DATA, 0xcb19);
		ocp_reg_write(tp, OCP_SRAM_DATA, 0x0c03);
		ocp_reg_write(tp, OCP_SRAM_DATA, 0x1502);
		ocp_reg_write(tp, OCP_SRAM_DATA, 0x8640);
		ocp_reg_write(tp, OCP_SRAM_DATA, 0x9503);
		ocp_reg_write(tp, OCP_SRAM_DATA, 0x1000);
		ocp_reg_write(tp, OCP_SRAM_DATA, 0x0b43);
		ocp_reg_write(tp, OCP_SRAM_DATA, 0x1000);
		ocp_reg_write(tp, OCP_SRAM_DATA, 0x0b86);
		ocp_reg_write(tp, OCP_SRAM_DATA, 0x1000);
		ocp_reg_write(tp, OCP_SRAM_DATA, 0x0a5e);
		ocp_reg_write(tp, OCP_SRAM_DATA, 0xb920);
		ocp_reg_write(tp, OCP_SRAM_DATA, 0x1000);
		ocp_reg_write(tp, OCP_SRAM_DATA, 0x0a5e);
		ocp_reg_write(tp, OCP_SRAM_DATA, 0xd71f);
		ocp_reg_write(tp, OCP_SRAM_DATA, 0x5fac);
		ocp_reg_write(tp, OCP_SRAM_DATA, 0x9920);
		ocp_reg_write(tp, OCP_SRAM_DATA, 0x1000);
		ocp_reg_write(tp, OCP_SRAM_DATA, 0x0a5e);
		ocp_reg_write(tp, OCP_SRAM_DATA, 0xd71f);
		ocp_reg_write(tp, OCP_SRAM_DATA, 0x7f8c);
		ocp_reg_write(tp, OCP_SRAM_DATA, 0xcb1a);
		ocp_reg_write(tp, OCP_SRAM_DATA, 0x1000);
		ocp_reg_write(tp, OCP_SRAM_DATA, 0x0a5e);
		ocp_reg_write(tp, OCP_SRAM_DATA, 0xd71f);
		ocp_reg_write(tp, OCP_SRAM_DATA, 0x5f82);
		ocp_reg_write(tp, OCP_SRAM_DATA, 0x8111);
		ocp_reg_write(tp, OCP_SRAM_DATA, 0x82c5);
		ocp_reg_write(tp, OCP_SRAM_DATA, 0xa404);
		ocp_reg_write(tp, OCP_SRAM_DATA, 0x8402);
		ocp_reg_write(tp, OCP_SRAM_DATA, 0xb804);
		ocp_reg_write(tp, OCP_SRAM_DATA, 0x1000);
		ocp_reg_write(tp, OCP_SRAM_DATA, 0x0a5e);
		ocp_reg_write(tp, OCP_SRAM_DATA, 0xd71f);
		ocp_reg_write(tp, OCP_SRAM_DATA, 0x7f82);
		ocp_reg_write(tp, OCP_SRAM_DATA, 0x9804);
		ocp_reg_write(tp, OCP_SRAM_DATA, 0xcb1b);
		ocp_reg_write(tp, OCP_SRAM_DATA, 0x1000);
		ocp_reg_write(tp, OCP_SRAM_DATA, 0x0a5e);
		ocp_reg_write(tp, OCP_SRAM_DATA, 0xd71f);
		ocp_reg_write(tp, OCP_SRAM_DATA, 0x5f85);
		ocp_reg_write(tp, OCP_SRAM_DATA, 0xa710);
		ocp_reg_write(tp, OCP_SRAM_DATA, 0xb820);
		ocp_reg_write(tp, OCP_SRAM_DATA, 0x1000);
		ocp_reg_write(tp, OCP_SRAM_DATA, 0x0a5e);
		ocp_reg_write(tp, OCP_SRAM_DATA, 0xd71f);
		ocp_reg_write(tp, OCP_SRAM_DATA, 0x7f65);
		ocp_reg_write(tp, OCP_SRAM_DATA, 0x9820);
		ocp_reg_write(tp, OCP_SRAM_DATA, 0xcb1c);
		ocp_reg_write(tp, OCP_SRAM_DATA, 0xd700);
		ocp_reg_write(tp, OCP_SRAM_DATA, 0x6083);
		ocp_reg_write(tp, OCP_SRAM_DATA, 0x0c1f);
		ocp_reg_write(tp, OCP_SRAM_DATA, 0x0d02);
		ocp_reg_write(tp, OCP_SRAM_DATA, 0xf003);
		ocp_reg_write(tp, OCP_SRAM_DATA, 0x0c1f);
		ocp_reg_write(tp, OCP_SRAM_DATA, 0x0d02);
		ocp_reg_write(tp, OCP_SRAM_DATA, 0x1000);
		ocp_reg_write(tp, OCP_SRAM_DATA, 0x0a7d);
		ocp_reg_write(tp, OCP_SRAM_DATA, 0xa110);
		ocp_reg_write(tp, OCP_SRAM_DATA, 0xa284);
		ocp_reg_write(tp, OCP_SRAM_DATA, 0xa404);
		ocp_reg_write(tp, OCP_SRAM_DATA, 0x8402);
		ocp_reg_write(tp, OCP_SRAM_DATA, 0x1000);
		ocp_reg_write(tp, OCP_SRAM_DATA, 0x0a5e);
		ocp_reg_write(tp, OCP_SRAM_DATA, 0xd700);
		ocp_reg_write(tp, OCP_SRAM_DATA, 0x5fa8);
		ocp_reg_write(tp, OCP_SRAM_DATA, 0xcb1d);
		ocp_reg_write(tp, OCP_SRAM_DATA, 0xa180);
		ocp_reg_write(tp, OCP_SRAM_DATA, 0xa402);
		ocp_reg_write(tp, OCP_SRAM_DATA, 0x1000);
		ocp_reg_write(tp, OCP_SRAM_DATA, 0x0a5e);
		ocp_reg_write(tp, OCP_SRAM_DATA, 0xd700);
		ocp_reg_write(tp, OCP_SRAM_DATA, 0x5fa8);
		ocp_reg_write(tp, OCP_SRAM_DATA, 0xa220);
		ocp_reg_write(tp, OCP_SRAM_DATA, 0xd1f5);
		ocp_reg_write(tp, OCP_SRAM_DATA, 0xd049);
		ocp_reg_write(tp, OCP_SRAM_DATA, 0x1000);
		ocp_reg_write(tp, OCP_SRAM_DATA, 0x0a5e);
		ocp_reg_write(tp, OCP_SRAM_DATA, 0xd700);
		ocp_reg_write(tp, OCP_SRAM_DATA, 0x3444);
		ocp_reg_write(tp, OCP_SRAM_DATA, 0x8221);
		ocp_reg_write(tp, OCP_SRAM_DATA, 0xd702);
		ocp_reg_write(tp, OCP_SRAM_DATA, 0x5f51);
		ocp_reg_write(tp, OCP_SRAM_DATA, 0xb920);
		ocp_reg_write(tp, OCP_SRAM_DATA, 0x1000);
		ocp_reg_write(tp, OCP_SRAM_DATA, 0x0a5e);
		ocp_reg_write(tp, OCP_SRAM_DATA, 0xd71f);
		ocp_reg_write(tp, OCP_SRAM_DATA, 0x5fac);
		ocp_reg_write(tp, OCP_SRAM_DATA, 0x9920);
		ocp_reg_write(tp, OCP_SRAM_DATA, 0x1000);
		ocp_reg_write(tp, OCP_SRAM_DATA, 0x0a5e);
		ocp_reg_write(tp, OCP_SRAM_DATA, 0xd71f);
		ocp_reg_write(tp, OCP_SRAM_DATA, 0x7f8c);
		ocp_reg_write(tp, OCP_SRAM_DATA, 0x1000);
		ocp_reg_write(tp, OCP_SRAM_DATA, 0x0a5e);
		ocp_reg_write(tp, OCP_SRAM_DATA, 0xd71f);
		ocp_reg_write(tp, OCP_SRAM_DATA, 0x5fa3);
		ocp_reg_write(tp, OCP_SRAM_DATA, 0xa504);
		ocp_reg_write(tp, OCP_SRAM_DATA, 0xd700);
		ocp_reg_write(tp, OCP_SRAM_DATA, 0x6083);
		ocp_reg_write(tp, OCP_SRAM_DATA, 0x0c1f);
		ocp_reg_write(tp, OCP_SRAM_DATA, 0x0d00);
		ocp_reg_write(tp, OCP_SRAM_DATA, 0xf003);
		ocp_reg_write(tp, OCP_SRAM_DATA, 0x0c1f);
		ocp_reg_write(tp, OCP_SRAM_DATA, 0x0d00);
		ocp_reg_write(tp, OCP_SRAM_DATA, 0x1000);
		ocp_reg_write(tp, OCP_SRAM_DATA, 0x0a7d);
		ocp_reg_write(tp, OCP_SRAM_DATA, 0xa00a);
		ocp_reg_write(tp, OCP_SRAM_DATA, 0x8190);
		ocp_reg_write(tp, OCP_SRAM_DATA, 0x82a4);
		ocp_reg_write(tp, OCP_SRAM_DATA, 0x8402);
		ocp_reg_write(tp, OCP_SRAM_DATA, 0xa404);
		ocp_reg_write(tp, OCP_SRAM_DATA, 0xb808);
		ocp_reg_write(tp, OCP_SRAM_DATA, 0x1000);
		ocp_reg_write(tp, OCP_SRAM_DATA, 0x0a5e);
		ocp_reg_write(tp, OCP_SRAM_DATA, 0xd71f);
		ocp_reg_write(tp, OCP_SRAM_DATA, 0x7fa3);
		ocp_reg_write(tp, OCP_SRAM_DATA, 0x9808);
		ocp_reg_write(tp, OCP_SRAM_DATA, 0xcb2b);
		ocp_reg_write(tp, OCP_SRAM_DATA, 0xcb2c);
		ocp_reg_write(tp, OCP_SRAM_DATA, 0x1000);
		ocp_reg_write(tp, OCP_SRAM_DATA, 0x0a5e);
		ocp_reg_write(tp, OCP_SRAM_DATA, 0xd71f);
		ocp_reg_write(tp, OCP_SRAM_DATA, 0x5f84);
		ocp_reg_write(tp, OCP_SRAM_DATA, 0xd14a);
		ocp_reg_write(tp, OCP_SRAM_DATA, 0xd048);
		ocp_reg_write(tp, OCP_SRAM_DATA, 0xa780);
		ocp_reg_write(tp, OCP_SRAM_DATA, 0xcb2d);
		ocp_reg_write(tp, OCP_SRAM_DATA, 0x1000);
		ocp_reg_write(tp, OCP_SRAM_DATA, 0x0a5e);
		ocp_reg_write(tp, OCP_SRAM_DATA, 0xd700);
		ocp_reg_write(tp, OCP_SRAM_DATA, 0x5f94);
		ocp_reg_write(tp, OCP_SRAM_DATA, 0x6208);
		ocp_reg_write(tp, OCP_SRAM_DATA, 0xd702);
		ocp_reg_write(tp, OCP_SRAM_DATA, 0x5f27);
		ocp_reg_write(tp, OCP_SRAM_DATA, 0x800a);
		ocp_reg_write(tp, OCP_SRAM_DATA, 0xa004);
		ocp_reg_write(tp, OCP_SRAM_DATA, 0x1000);
		ocp_reg_write(tp, OCP_SRAM_DATA, 0x0a42);
		ocp_reg_write(tp, OCP_SRAM_DATA, 0x8004);
		ocp_reg_write(tp, OCP_SRAM_DATA, 0xa001);
		ocp_reg_write(tp, OCP_SRAM_DATA, 0x1000);
		ocp_reg_write(tp, OCP_SRAM_DATA, 0x0a42);
		ocp_reg_write(tp, OCP_SRAM_DATA, 0x8001);
		ocp_reg_write(tp, OCP_SRAM_DATA, 0x0c03);
		ocp_reg_write(tp, OCP_SRAM_DATA, 0x0902);
		ocp_reg_write(tp, OCP_SRAM_DATA, 0xa00a);
		ocp_reg_write(tp, OCP_SRAM_DATA, 0xffe9);
		ocp_reg_write(tp, OCP_SRAM_DATA, 0xcb2e);
		ocp_reg_write(tp, OCP_SRAM_DATA, 0xd700);
		ocp_reg_write(tp, OCP_SRAM_DATA, 0x6083);
		ocp_reg_write(tp, OCP_SRAM_DATA, 0x0c1f);
		ocp_reg_write(tp, OCP_SRAM_DATA, 0x0d02);
		ocp_reg_write(tp, OCP_SRAM_DATA, 0xf003);
		ocp_reg_write(tp, OCP_SRAM_DATA, 0x0c1f);
		ocp_reg_write(tp, OCP_SRAM_DATA, 0x0d02);
		ocp_reg_write(tp, OCP_SRAM_DATA, 0x1000);
		ocp_reg_write(tp, OCP_SRAM_DATA, 0x0a7d);
		ocp_reg_write(tp, OCP_SRAM_DATA, 0xa190);
		ocp_reg_write(tp, OCP_SRAM_DATA, 0xa284);
		ocp_reg_write(tp, OCP_SRAM_DATA, 0xa406);
		ocp_reg_write(tp, OCP_SRAM_DATA, 0x1000);
		ocp_reg_write(tp, OCP_SRAM_DATA, 0x0a5e);
		ocp_reg_write(tp, OCP_SRAM_DATA, 0xd700);
		ocp_reg_write(tp, OCP_SRAM_DATA, 0x5fa8);
		ocp_reg_write(tp, OCP_SRAM_DATA, 0xa220);
		ocp_reg_write(tp, OCP_SRAM_DATA, 0xd1a0);
		ocp_reg_write(tp, OCP_SRAM_DATA, 0xd040);
		ocp_reg_write(tp, OCP_SRAM_DATA, 0x1000);
		ocp_reg_write(tp, OCP_SRAM_DATA, 0x0a5e);
		ocp_reg_write(tp, OCP_SRAM_DATA, 0xd700);
		ocp_reg_write(tp, OCP_SRAM_DATA, 0x3444);
		ocp_reg_write(tp, OCP_SRAM_DATA, 0x827d);
		ocp_reg_write(tp, OCP_SRAM_DATA, 0xd702);
		ocp_reg_write(tp, OCP_SRAM_DATA, 0x5f51);
		ocp_reg_write(tp, OCP_SRAM_DATA, 0xcb2f);
		ocp_reg_write(tp, OCP_SRAM_DATA, 0xa302);
		ocp_reg_write(tp, OCP_SRAM_DATA, 0x1000);
		ocp_reg_write(tp, OCP_SRAM_DATA, 0x0a5e);
		ocp_reg_write(tp, OCP_SRAM_DATA, 0xd708);
		ocp_reg_write(tp, OCP_SRAM_DATA, 0x5f63);
		ocp_reg_write(tp, OCP_SRAM_DATA, 0xd411);
		ocp_reg_write(tp, OCP_SRAM_DATA, 0x1000);
		ocp_reg_write(tp, OCP_SRAM_DATA, 0x0a37);
		ocp_reg_write(tp, OCP_SRAM_DATA, 0x8302);
		ocp_reg_write(tp, OCP_SRAM_DATA, 0xd409);
		ocp_reg_write(tp, OCP_SRAM_DATA, 0x1000);
		ocp_reg_write(tp, OCP_SRAM_DATA, 0x0a37);
		ocp_reg_write(tp, OCP_SRAM_DATA, 0xb920);
		ocp_reg_write(tp, OCP_SRAM_DATA, 0x1000);
		ocp_reg_write(tp, OCP_SRAM_DATA, 0x0a5e);
		ocp_reg_write(tp, OCP_SRAM_DATA, 0xd71f);
		ocp_reg_write(tp, OCP_SRAM_DATA, 0x5fac);
		ocp_reg_write(tp, OCP_SRAM_DATA, 0x9920);
		ocp_reg_write(tp, OCP_SRAM_DATA, 0x1000);
		ocp_reg_write(tp, OCP_SRAM_DATA, 0x0a5e);
		ocp_reg_write(tp, OCP_SRAM_DATA, 0xd71f);
		ocp_reg_write(tp, OCP_SRAM_DATA, 0x7f8c);
		ocp_reg_write(tp, OCP_SRAM_DATA, 0x1000);
		ocp_reg_write(tp, OCP_SRAM_DATA, 0x0a5e);
		ocp_reg_write(tp, OCP_SRAM_DATA, 0xd71f);
		ocp_reg_write(tp, OCP_SRAM_DATA, 0x5fa3);
		ocp_reg_write(tp, OCP_SRAM_DATA, 0x8190);
		ocp_reg_write(tp, OCP_SRAM_DATA, 0x82a4);
		ocp_reg_write(tp, OCP_SRAM_DATA, 0x8406);
		ocp_reg_write(tp, OCP_SRAM_DATA, 0x800a);
		ocp_reg_write(tp, OCP_SRAM_DATA, 0xb808);
		ocp_reg_write(tp, OCP_SRAM_DATA, 0x1000);
		ocp_reg_write(tp, OCP_SRAM_DATA, 0x0a5e);
		ocp_reg_write(tp, OCP_SRAM_DATA, 0xd71f);
		ocp_reg_write(tp, OCP_SRAM_DATA, 0x7fa3);
		ocp_reg_write(tp, OCP_SRAM_DATA, 0x9808);
		ocp_reg_write(tp, OCP_SRAM_DATA, 0x1800);
		ocp_reg_write(tp, OCP_SRAM_DATA, 0x0433);
		ocp_reg_write(tp, OCP_SRAM_DATA, 0xcb30);
		ocp_reg_write(tp, OCP_SRAM_DATA, 0x8380);
		ocp_reg_write(tp, OCP_SRAM_DATA, 0xcb31);
		ocp_reg_write(tp, OCP_SRAM_DATA, 0x1000);
		ocp_reg_write(tp, OCP_SRAM_DATA, 0x0a5e);
		ocp_reg_write(tp, OCP_SRAM_DATA, 0xd71f);
		ocp_reg_write(tp, OCP_SRAM_DATA, 0x5f86);
		ocp_reg_write(tp, OCP_SRAM_DATA, 0x9308);
		ocp_reg_write(tp, OCP_SRAM_DATA, 0xb204);
		ocp_reg_write(tp, OCP_SRAM_DATA, 0xb301);
		ocp_reg_write(tp, OCP_SRAM_DATA, 0x1000);
		ocp_reg_write(tp, OCP_SRAM_DATA, 0x0a5e);
		ocp_reg_write(tp, OCP_SRAM_DATA, 0xd701);
		ocp_reg_write(tp, OCP_SRAM_DATA, 0x5fa2);
		ocp_reg_write(tp, OCP_SRAM_DATA, 0xb302);
		ocp_reg_write(tp, OCP_SRAM_DATA, 0x9204);
		ocp_reg_write(tp, OCP_SRAM_DATA, 0xcb32);
		ocp_reg_write(tp, OCP_SRAM_DATA, 0xd408);
		ocp_reg_write(tp, OCP_SRAM_DATA, 0x1000);
		ocp_reg_write(tp, OCP_SRAM_DATA, 0x0a37);
		ocp_reg_write(tp, OCP_SRAM_DATA, 0xd141);
		ocp_reg_write(tp, OCP_SRAM_DATA, 0xd043);
		ocp_reg_write(tp, OCP_SRAM_DATA, 0x1000);
		ocp_reg_write(tp, OCP_SRAM_DATA, 0x0a5e);
		ocp_reg_write(tp, OCP_SRAM_DATA, 0xd700);
		ocp_reg_write(tp, OCP_SRAM_DATA, 0x5fb4);
		ocp_reg_write(tp, OCP_SRAM_DATA, 0xd704);
		ocp_reg_write(tp, OCP_SRAM_DATA, 0x4ccc);
		ocp_reg_write(tp, OCP_SRAM_DATA, 0xd700);
		ocp_reg_write(tp, OCP_SRAM_DATA, 0x4c81);
		ocp_reg_write(tp, OCP_SRAM_DATA, 0xd702);
		ocp_reg_write(tp, OCP_SRAM_DATA, 0x609e);
		ocp_reg_write(tp, OCP_SRAM_DATA, 0xd1e5);
		ocp_reg_write(tp, OCP_SRAM_DATA, 0xd04d);
		ocp_reg_write(tp, OCP_SRAM_DATA, 0xf003);
		ocp_reg_write(tp, OCP_SRAM_DATA, 0xd1e5);
		ocp_reg_write(tp, OCP_SRAM_DATA, 0xd04d);
		ocp_reg_write(tp, OCP_SRAM_DATA, 0x1000);
		ocp_reg_write(tp, OCP_SRAM_DATA, 0x0a5e);
		ocp_reg_write(tp, OCP_SRAM_DATA, 0xd700);
		ocp_reg_write(tp, OCP_SRAM_DATA, 0x5fb4);
		ocp_reg_write(tp, OCP_SRAM_DATA, 0xd700);
		ocp_reg_write(tp, OCP_SRAM_DATA, 0x6083);
		ocp_reg_write(tp, OCP_SRAM_DATA, 0x0c1f);
		ocp_reg_write(tp, OCP_SRAM_DATA, 0x0d01);
		ocp_reg_write(tp, OCP_SRAM_DATA, 0xf003);
		ocp_reg_write(tp, OCP_SRAM_DATA, 0x0c1f);
		ocp_reg_write(tp, OCP_SRAM_DATA, 0x0d01);
		ocp_reg_write(tp, OCP_SRAM_DATA, 0x1000);
		ocp_reg_write(tp, OCP_SRAM_DATA, 0x0a7d);
		ocp_reg_write(tp, OCP_SRAM_DATA, 0x8710);
		ocp_reg_write(tp, OCP_SRAM_DATA, 0xa108);
		ocp_reg_write(tp, OCP_SRAM_DATA, 0x1000);
		ocp_reg_write(tp, OCP_SRAM_DATA, 0x0a42);
		ocp_reg_write(tp, OCP_SRAM_DATA, 0x8108);
		ocp_reg_write(tp, OCP_SRAM_DATA, 0xa203);
		ocp_reg_write(tp, OCP_SRAM_DATA, 0x8120);
		ocp_reg_write(tp, OCP_SRAM_DATA, 0x8a0f);
		ocp_reg_write(tp, OCP_SRAM_DATA, 0xa111);
		ocp_reg_write(tp, OCP_SRAM_DATA, 0x8204);
		ocp_reg_write(tp, OCP_SRAM_DATA, 0xa140);
		ocp_reg_write(tp, OCP_SRAM_DATA, 0x1000);
		ocp_reg_write(tp, OCP_SRAM_DATA, 0x0a42);
		ocp_reg_write(tp, OCP_SRAM_DATA, 0x8140);
		ocp_reg_write(tp, OCP_SRAM_DATA, 0xd17a);
		ocp_reg_write(tp, OCP_SRAM_DATA, 0xd04b);
		ocp_reg_write(tp, OCP_SRAM_DATA, 0x1000);
		ocp_reg_write(tp, OCP_SRAM_DATA, 0x0a5e);
		ocp_reg_write(tp, OCP_SRAM_DATA, 0xd700);
		ocp_reg_write(tp, OCP_SRAM_DATA, 0x5fb4);
		ocp_reg_write(tp, OCP_SRAM_DATA, 0xa204);
		ocp_reg_write(tp, OCP_SRAM_DATA, 0x1000);
		ocp_reg_write(tp, OCP_SRAM_DATA, 0x0a5e);
		ocp_reg_write(tp, OCP_SRAM_DATA, 0xd700);
		ocp_reg_write(tp, OCP_SRAM_DATA, 0x5fa7);
		ocp_reg_write(tp, OCP_SRAM_DATA, 0xb920);
		ocp_reg_write(tp, OCP_SRAM_DATA, 0x1000);
		ocp_reg_write(tp, OCP_SRAM_DATA, 0x0a5e);
		ocp_reg_write(tp, OCP_SRAM_DATA, 0xd71f);
		ocp_reg_write(tp, OCP_SRAM_DATA, 0x5fac);
		ocp_reg_write(tp, OCP_SRAM_DATA, 0x9920);
		ocp_reg_write(tp, OCP_SRAM_DATA, 0x1000);
		ocp_reg_write(tp, OCP_SRAM_DATA, 0x0a5e);
		ocp_reg_write(tp, OCP_SRAM_DATA, 0xd71f);
		ocp_reg_write(tp, OCP_SRAM_DATA, 0x7f8c);
		ocp_reg_write(tp, OCP_SRAM_DATA, 0xd404);
		ocp_reg_write(tp, OCP_SRAM_DATA, 0x1000);
		ocp_reg_write(tp, OCP_SRAM_DATA, 0x0a37);
		ocp_reg_write(tp, OCP_SRAM_DATA, 0xd700);
		ocp_reg_write(tp, OCP_SRAM_DATA, 0x6083);
		ocp_reg_write(tp, OCP_SRAM_DATA, 0x0c1f);
		ocp_reg_write(tp, OCP_SRAM_DATA, 0x0d02);
		ocp_reg_write(tp, OCP_SRAM_DATA, 0xf003);
		ocp_reg_write(tp, OCP_SRAM_DATA, 0x0c1f);
		ocp_reg_write(tp, OCP_SRAM_DATA, 0x0d02);
		ocp_reg_write(tp, OCP_SRAM_DATA, 0x1000);
		ocp_reg_write(tp, OCP_SRAM_DATA, 0x0a7d);
		ocp_reg_write(tp, OCP_SRAM_DATA, 0xa710);
		ocp_reg_write(tp, OCP_SRAM_DATA, 0x8101);
		ocp_reg_write(tp, OCP_SRAM_DATA, 0x8201);
		ocp_reg_write(tp, OCP_SRAM_DATA, 0xa104);
		ocp_reg_write(tp, OCP_SRAM_DATA, 0x1000);
		ocp_reg_write(tp, OCP_SRAM_DATA, 0x0a42);
		ocp_reg_write(tp, OCP_SRAM_DATA, 0x8104);
		ocp_reg_write(tp, OCP_SRAM_DATA, 0xa120);
		ocp_reg_write(tp, OCP_SRAM_DATA, 0xaa0f);
		ocp_reg_write(tp, OCP_SRAM_DATA, 0x8110);
		ocp_reg_write(tp, OCP_SRAM_DATA, 0xa284);
		ocp_reg_write(tp, OCP_SRAM_DATA, 0xa404);
		ocp_reg_write(tp, OCP_SRAM_DATA, 0xa00a);
		ocp_reg_write(tp, OCP_SRAM_DATA, 0xd193);
		ocp_reg_write(tp, OCP_SRAM_DATA, 0xd047);
		ocp_reg_write(tp, OCP_SRAM_DATA, 0x1000);
		ocp_reg_write(tp, OCP_SRAM_DATA, 0x0a5e);
		ocp_reg_write(tp, OCP_SRAM_DATA, 0xd700);
		ocp_reg_write(tp, OCP_SRAM_DATA, 0x5fb4);
		ocp_reg_write(tp, OCP_SRAM_DATA, 0xa110);
		ocp_reg_write(tp, OCP_SRAM_DATA, 0x1000);
		ocp_reg_write(tp, OCP_SRAM_DATA, 0x0a5e);
		ocp_reg_write(tp, OCP_SRAM_DATA, 0xd700);
		ocp_reg_write(tp, OCP_SRAM_DATA, 0x5fa8);
		ocp_reg_write(tp, OCP_SRAM_DATA, 0xa180);
		ocp_reg_write(tp, OCP_SRAM_DATA, 0xd13d);
		ocp_reg_write(tp, OCP_SRAM_DATA, 0xd04a);
		ocp_reg_write(tp, OCP_SRAM_DATA, 0x1000);
		ocp_reg_write(tp, OCP_SRAM_DATA, 0x0a5e);
		ocp_reg_write(tp, OCP_SRAM_DATA, 0xd700);
		ocp_reg_write(tp, OCP_SRAM_DATA, 0x5fb4);
		ocp_reg_write(tp, OCP_SRAM_DATA, 0xf024);
		ocp_reg_write(tp, OCP_SRAM_DATA, 0xa710);
		ocp_reg_write(tp, OCP_SRAM_DATA, 0xa00a);
		ocp_reg_write(tp, OCP_SRAM_DATA, 0x8190);
		ocp_reg_write(tp, OCP_SRAM_DATA, 0x8204);
		ocp_reg_write(tp, OCP_SRAM_DATA, 0xa280);
		ocp_reg_write(tp, OCP_SRAM_DATA, 0xa404);
		ocp_reg_write(tp, OCP_SRAM_DATA, 0x1000);
		ocp_reg_write(tp, OCP_SRAM_DATA, 0x0a5e);
		ocp_reg_write(tp, OCP_SRAM_DATA, 0xd700);
		ocp_reg_write(tp, OCP_SRAM_DATA, 0x5fa7);
		ocp_reg_write(tp, OCP_SRAM_DATA, 0x8710);
		ocp_reg_write(tp, OCP_SRAM_DATA, 0xb920);
		ocp_reg_write(tp, OCP_SRAM_DATA, 0x1000);
		ocp_reg_write(tp, OCP_SRAM_DATA, 0x0a5e);
		ocp_reg_write(tp, OCP_SRAM_DATA, 0xd71f);
		ocp_reg_write(tp, OCP_SRAM_DATA, 0x5fac);
		ocp_reg_write(tp, OCP_SRAM_DATA, 0x9920);
		ocp_reg_write(tp, OCP_SRAM_DATA, 0x1000);
		ocp_reg_write(tp, OCP_SRAM_DATA, 0x0a5e);
		ocp_reg_write(tp, OCP_SRAM_DATA, 0xd71f);
		ocp_reg_write(tp, OCP_SRAM_DATA, 0x7f8c);
		ocp_reg_write(tp, OCP_SRAM_DATA, 0x800a);
		ocp_reg_write(tp, OCP_SRAM_DATA, 0x8190);
		ocp_reg_write(tp, OCP_SRAM_DATA, 0x8284);
		ocp_reg_write(tp, OCP_SRAM_DATA, 0x8406);
		ocp_reg_write(tp, OCP_SRAM_DATA, 0xd700);
		ocp_reg_write(tp, OCP_SRAM_DATA, 0x4121);
		ocp_reg_write(tp, OCP_SRAM_DATA, 0xd701);
		ocp_reg_write(tp, OCP_SRAM_DATA, 0x60f3);
		ocp_reg_write(tp, OCP_SRAM_DATA, 0xd1e5);
		ocp_reg_write(tp, OCP_SRAM_DATA, 0xd04d);
		ocp_reg_write(tp, OCP_SRAM_DATA, 0x1000);
		ocp_reg_write(tp, OCP_SRAM_DATA, 0x0a5e);
		ocp_reg_write(tp, OCP_SRAM_DATA, 0xd700);
		ocp_reg_write(tp, OCP_SRAM_DATA, 0x5fb4);
		ocp_reg_write(tp, OCP_SRAM_DATA, 0x8710);
		ocp_reg_write(tp, OCP_SRAM_DATA, 0xa00a);
		ocp_reg_write(tp, OCP_SRAM_DATA, 0x8190);
		ocp_reg_write(tp, OCP_SRAM_DATA, 0x8204);
		ocp_reg_write(tp, OCP_SRAM_DATA, 0xa280);
		ocp_reg_write(tp, OCP_SRAM_DATA, 0xa404);
		ocp_reg_write(tp, OCP_SRAM_DATA, 0xb920);
		ocp_reg_write(tp, OCP_SRAM_DATA, 0x1000);
		ocp_reg_write(tp, OCP_SRAM_DATA, 0x0a5e);
		ocp_reg_write(tp, OCP_SRAM_DATA, 0xd71f);
		ocp_reg_write(tp, OCP_SRAM_DATA, 0x5fac);
		ocp_reg_write(tp, OCP_SRAM_DATA, 0x9920);
		ocp_reg_write(tp, OCP_SRAM_DATA, 0x1000);
		ocp_reg_write(tp, OCP_SRAM_DATA, 0x0a5e);
		ocp_reg_write(tp, OCP_SRAM_DATA, 0xd71f);
		ocp_reg_write(tp, OCP_SRAM_DATA, 0x7f8c);
		ocp_reg_write(tp, OCP_SRAM_DATA, 0xcb33);
		ocp_reg_write(tp, OCP_SRAM_DATA, 0x1000);
		ocp_reg_write(tp, OCP_SRAM_DATA, 0x0a5e);
		ocp_reg_write(tp, OCP_SRAM_DATA, 0xd71f);
		ocp_reg_write(tp, OCP_SRAM_DATA, 0x5f85);
		ocp_reg_write(tp, OCP_SRAM_DATA, 0xa710);
		ocp_reg_write(tp, OCP_SRAM_DATA, 0xb820);
		ocp_reg_write(tp, OCP_SRAM_DATA, 0x1000);
		ocp_reg_write(tp, OCP_SRAM_DATA, 0x0a5e);
		ocp_reg_write(tp, OCP_SRAM_DATA, 0xd71f);
		ocp_reg_write(tp, OCP_SRAM_DATA, 0x7f65);
		ocp_reg_write(tp, OCP_SRAM_DATA, 0x9820);
		ocp_reg_write(tp, OCP_SRAM_DATA, 0xcb34);
		ocp_reg_write(tp, OCP_SRAM_DATA, 0xa00a);
		ocp_reg_write(tp, OCP_SRAM_DATA, 0xa190);
		ocp_reg_write(tp, OCP_SRAM_DATA, 0xa284);
		ocp_reg_write(tp, OCP_SRAM_DATA, 0xa404);
		ocp_reg_write(tp, OCP_SRAM_DATA, 0x1000);
		ocp_reg_write(tp, OCP_SRAM_DATA, 0x0a5e);
		ocp_reg_write(tp, OCP_SRAM_DATA, 0xd700);
		ocp_reg_write(tp, OCP_SRAM_DATA, 0x5fa9);
		ocp_reg_write(tp, OCP_SRAM_DATA, 0xd701);
		ocp_reg_write(tp, OCP_SRAM_DATA, 0x6853);
		ocp_reg_write(tp, OCP_SRAM_DATA, 0xd700);
		ocp_reg_write(tp, OCP_SRAM_DATA, 0x6083);
		ocp_reg_write(tp, OCP_SRAM_DATA, 0x0c1f);
		ocp_reg_write(tp, OCP_SRAM_DATA, 0x0d00);
		ocp_reg_write(tp, OCP_SRAM_DATA, 0xf003);
		ocp_reg_write(tp, OCP_SRAM_DATA, 0x0c1f);
		ocp_reg_write(tp, OCP_SRAM_DATA, 0x0d00);
		ocp_reg_write(tp, OCP_SRAM_DATA, 0x1000);
		ocp_reg_write(tp, OCP_SRAM_DATA, 0x0a7d);
		ocp_reg_write(tp, OCP_SRAM_DATA, 0x8190);
		ocp_reg_write(tp, OCP_SRAM_DATA, 0x8284);
		ocp_reg_write(tp, OCP_SRAM_DATA, 0xcb35);
		ocp_reg_write(tp, OCP_SRAM_DATA, 0xd407);
		ocp_reg_write(tp, OCP_SRAM_DATA, 0x1000);
		ocp_reg_write(tp, OCP_SRAM_DATA, 0x0a37);
		ocp_reg_write(tp, OCP_SRAM_DATA, 0x8110);
		ocp_reg_write(tp, OCP_SRAM_DATA, 0x8204);
		ocp_reg_write(tp, OCP_SRAM_DATA, 0xa280);
		ocp_reg_write(tp, OCP_SRAM_DATA, 0xa00a);
		ocp_reg_write(tp, OCP_SRAM_DATA, 0xd704);
		ocp_reg_write(tp, OCP_SRAM_DATA, 0x4215);
		ocp_reg_write(tp, OCP_SRAM_DATA, 0xa304);
		ocp_reg_write(tp, OCP_SRAM_DATA, 0x1000);
		ocp_reg_write(tp, OCP_SRAM_DATA, 0x0a5e);
		ocp_reg_write(tp, OCP_SRAM_DATA, 0xd700);
		ocp_reg_write(tp, OCP_SRAM_DATA, 0x5fb8);
		ocp_reg_write(tp, OCP_SRAM_DATA, 0xd1c3);
		ocp_reg_write(tp, OCP_SRAM_DATA, 0xd043);
		ocp_reg_write(tp, OCP_SRAM_DATA, 0x1000);
		ocp_reg_write(tp, OCP_SRAM_DATA, 0x0a5e);
		ocp_reg_write(tp, OCP_SRAM_DATA, 0xd700);
		ocp_reg_write(tp, OCP_SRAM_DATA, 0x5fb4);
		ocp_reg_write(tp, OCP_SRAM_DATA, 0x8304);
		ocp_reg_write(tp, OCP_SRAM_DATA, 0xd700);
		ocp_reg_write(tp, OCP_SRAM_DATA, 0x4109);
		ocp_reg_write(tp, OCP_SRAM_DATA, 0xf01e);
		ocp_reg_write(tp, OCP_SRAM_DATA, 0xcb36);
		ocp_reg_write(tp, OCP_SRAM_DATA, 0xd412);
		ocp_reg_write(tp, OCP_SRAM_DATA, 0x1000);
		ocp_reg_write(tp, OCP_SRAM_DATA, 0x0a37);
		ocp_reg_write(tp, OCP_SRAM_DATA, 0xd700);
		ocp_reg_write(tp, OCP_SRAM_DATA, 0x6309);
		ocp_reg_write(tp, OCP_SRAM_DATA, 0xd702);
		ocp_reg_write(tp, OCP_SRAM_DATA, 0x42c7);
		ocp_reg_write(tp, OCP_SRAM_DATA, 0x800a);
		ocp_reg_write(tp, OCP_SRAM_DATA, 0x8180);
		ocp_reg_write(tp, OCP_SRAM_DATA, 0x8280);
		ocp_reg_write(tp, OCP_SRAM_DATA, 0x8404);
		ocp_reg_write(tp, OCP_SRAM_DATA, 0xa004);
		ocp_reg_write(tp, OCP_SRAM_DATA, 0x1000);
		ocp_reg_write(tp, OCP_SRAM_DATA, 0x0a42);
		ocp_reg_write(tp, OCP_SRAM_DATA, 0x8004);
		ocp_reg_write(tp, OCP_SRAM_DATA, 0xa001);
		ocp_reg_write(tp, OCP_SRAM_DATA, 0x1000);
		ocp_reg_write(tp, OCP_SRAM_DATA, 0x0a42);
		ocp_reg_write(tp, OCP_SRAM_DATA, 0x8001);
		ocp_reg_write(tp, OCP_SRAM_DATA, 0x0c03);
		ocp_reg_write(tp, OCP_SRAM_DATA, 0x0902);
		ocp_reg_write(tp, OCP_SRAM_DATA, 0xa00a);
		ocp_reg_write(tp, OCP_SRAM_DATA, 0xd14a);
		ocp_reg_write(tp, OCP_SRAM_DATA, 0xd048);
		ocp_reg_write(tp, OCP_SRAM_DATA, 0x1000);
		ocp_reg_write(tp, OCP_SRAM_DATA, 0x0a5e);
		ocp_reg_write(tp, OCP_SRAM_DATA, 0xd700);
		ocp_reg_write(tp, OCP_SRAM_DATA, 0x5fb4);
		ocp_reg_write(tp, OCP_SRAM_DATA, 0xd700);
		ocp_reg_write(tp, OCP_SRAM_DATA, 0x6083);
		ocp_reg_write(tp, OCP_SRAM_DATA, 0x0c1f);
		ocp_reg_write(tp, OCP_SRAM_DATA, 0x0d02);
		ocp_reg_write(tp, OCP_SRAM_DATA, 0xf003);
		ocp_reg_write(tp, OCP_SRAM_DATA, 0x0c1f);
		ocp_reg_write(tp, OCP_SRAM_DATA, 0x0d02);
		ocp_reg_write(tp, OCP_SRAM_DATA, 0x1000);
		ocp_reg_write(tp, OCP_SRAM_DATA, 0x0a7d);
		ocp_reg_write(tp, OCP_SRAM_DATA, 0xcc55);
		ocp_reg_write(tp, OCP_SRAM_DATA, 0xcb37);
		ocp_reg_write(tp, OCP_SRAM_DATA, 0xa00a);
		ocp_reg_write(tp, OCP_SRAM_DATA, 0xa190);
		ocp_reg_write(tp, OCP_SRAM_DATA, 0xa2a4);
		ocp_reg_write(tp, OCP_SRAM_DATA, 0xa404);
		ocp_reg_write(tp, OCP_SRAM_DATA, 0xd700);
		ocp_reg_write(tp, OCP_SRAM_DATA, 0x6041);
		ocp_reg_write(tp, OCP_SRAM_DATA, 0xa402);
		ocp_reg_write(tp, OCP_SRAM_DATA, 0xd13d);
		ocp_reg_write(tp, OCP_SRAM_DATA, 0xd04a);
		ocp_reg_write(tp, OCP_SRAM_DATA, 0x1000);
		ocp_reg_write(tp, OCP_SRAM_DATA, 0x0a5e);
		ocp_reg_write(tp, OCP_SRAM_DATA, 0xd700);
		ocp_reg_write(tp, OCP_SRAM_DATA, 0x5fb4);
		ocp_reg_write(tp, OCP_SRAM_DATA, 0x1000);
		ocp_reg_write(tp, OCP_SRAM_DATA, 0x0a5e);
		ocp_reg_write(tp, OCP_SRAM_DATA, 0xd700);
		ocp_reg_write(tp, OCP_SRAM_DATA, 0x5fa9);
		ocp_reg_write(tp, OCP_SRAM_DATA, 0xd702);
		ocp_reg_write(tp, OCP_SRAM_DATA, 0x5f71);
		ocp_reg_write(tp, OCP_SRAM_DATA, 0xcb38);
		ocp_reg_write(tp, OCP_SRAM_DATA, 0x8224);
		ocp_reg_write(tp, OCP_SRAM_DATA, 0xa288);
		ocp_reg_write(tp, OCP_SRAM_DATA, 0x8180);
		ocp_reg_write(tp, OCP_SRAM_DATA, 0xa110);
		ocp_reg_write(tp, OCP_SRAM_DATA, 0xa404);
		ocp_reg_write(tp, OCP_SRAM_DATA, 0x800a);
		ocp_reg_write(tp, OCP_SRAM_DATA, 0xd700);
		ocp_reg_write(tp, OCP_SRAM_DATA, 0x6041);
		ocp_reg_write(tp, OCP_SRAM_DATA, 0x8402);
		ocp_reg_write(tp, OCP_SRAM_DATA, 0xd415);
		ocp_reg_write(tp, OCP_SRAM_DATA, 0x1000);
		ocp_reg_write(tp, OCP_SRAM_DATA, 0x0a37);
		ocp_reg_write(tp, OCP_SRAM_DATA, 0xd13d);
		ocp_reg_write(tp, OCP_SRAM_DATA, 0xd04a);
		ocp_reg_write(tp, OCP_SRAM_DATA, 0x1000);
		ocp_reg_write(tp, OCP_SRAM_DATA, 0x0a5e);
		ocp_reg_write(tp, OCP_SRAM_DATA, 0xd700);
		ocp_reg_write(tp, OCP_SRAM_DATA, 0x5fb4);
		ocp_reg_write(tp, OCP_SRAM_DATA, 0xcb39);
		ocp_reg_write(tp, OCP_SRAM_DATA, 0xa00a);
		ocp_reg_write(tp, OCP_SRAM_DATA, 0xa190);
		ocp_reg_write(tp, OCP_SRAM_DATA, 0xa2a0);
		ocp_reg_write(tp, OCP_SRAM_DATA, 0xa404);
		ocp_reg_write(tp, OCP_SRAM_DATA, 0xd700);
		ocp_reg_write(tp, OCP_SRAM_DATA, 0x6041);
		ocp_reg_write(tp, OCP_SRAM_DATA, 0xa402);
		ocp_reg_write(tp, OCP_SRAM_DATA, 0xd17a);
		ocp_reg_write(tp, OCP_SRAM_DATA, 0xd047);
		ocp_reg_write(tp, OCP_SRAM_DATA, 0x1000);
		ocp_reg_write(tp, OCP_SRAM_DATA, 0x0a5e);
		ocp_reg_write(tp, OCP_SRAM_DATA, 0xd700);
		ocp_reg_write(tp, OCP_SRAM_DATA, 0x5fb4);
		ocp_reg_write(tp, OCP_SRAM_DATA, 0x1800);
		ocp_reg_write(tp, OCP_SRAM_DATA, 0x0560);
		ocp_reg_write(tp, OCP_SRAM_DATA, 0xa111);
		ocp_reg_write(tp, OCP_SRAM_DATA, 0x0000);
		ocp_reg_write(tp, OCP_SRAM_DATA, 0x0000);
		ocp_reg_write(tp, OCP_SRAM_DATA, 0x0000);
		ocp_reg_write(tp, OCP_SRAM_DATA, 0x0000);
		ocp_reg_write(tp, OCP_SRAM_DATA, 0xd3f5);
		ocp_reg_write(tp, OCP_SRAM_DATA, 0xd219);
		ocp_reg_write(tp, OCP_SRAM_DATA, 0x1000);
		ocp_reg_write(tp, OCP_SRAM_DATA, 0x0c31);
		ocp_reg_write(tp, OCP_SRAM_DATA, 0xd708);
		ocp_reg_write(tp, OCP_SRAM_DATA, 0x5fa5);
		ocp_reg_write(tp, OCP_SRAM_DATA, 0xa215);
		ocp_reg_write(tp, OCP_SRAM_DATA, 0xd30e);
		ocp_reg_write(tp, OCP_SRAM_DATA, 0xd21a);
		ocp_reg_write(tp, OCP_SRAM_DATA, 0x1000);
		ocp_reg_write(tp, OCP_SRAM_DATA, 0x0c31);
		ocp_reg_write(tp, OCP_SRAM_DATA, 0xd708);
		ocp_reg_write(tp, OCP_SRAM_DATA, 0x63e9);
		ocp_reg_write(tp, OCP_SRAM_DATA, 0xd708);
		ocp_reg_write(tp, OCP_SRAM_DATA, 0x5f65);
		ocp_reg_write(tp, OCP_SRAM_DATA, 0xd708);
		ocp_reg_write(tp, OCP_SRAM_DATA, 0x7f36);
		ocp_reg_write(tp, OCP_SRAM_DATA, 0xa004);
		ocp_reg_write(tp, OCP_SRAM_DATA, 0x1000);
		ocp_reg_write(tp, OCP_SRAM_DATA, 0x0c35);
		ocp_reg_write(tp, OCP_SRAM_DATA, 0x8004);
		ocp_reg_write(tp, OCP_SRAM_DATA, 0xa001);
		ocp_reg_write(tp, OCP_SRAM_DATA, 0x1000);
		ocp_reg_write(tp, OCP_SRAM_DATA, 0x0c35);
		ocp_reg_write(tp, OCP_SRAM_DATA, 0x8001);
		ocp_reg_write(tp, OCP_SRAM_DATA, 0xd708);
		ocp_reg_write(tp, OCP_SRAM_DATA, 0x4098);
		ocp_reg_write(tp, OCP_SRAM_DATA, 0xd102);
		ocp_reg_write(tp, OCP_SRAM_DATA, 0x9401);
		ocp_reg_write(tp, OCP_SRAM_DATA, 0xf003);
		ocp_reg_write(tp, OCP_SRAM_DATA, 0xd103);
		ocp_reg_write(tp, OCP_SRAM_DATA, 0xb401);
		ocp_reg_write(tp, OCP_SRAM_DATA, 0x1000);
		ocp_reg_write(tp, OCP_SRAM_DATA, 0x0c27);
		ocp_reg_write(tp, OCP_SRAM_DATA, 0xa108);
		ocp_reg_write(tp, OCP_SRAM_DATA, 0x1000);
		ocp_reg_write(tp, OCP_SRAM_DATA, 0x0c35);
		ocp_reg_write(tp, OCP_SRAM_DATA, 0x8108);
		ocp_reg_write(tp, OCP_SRAM_DATA, 0x8110);
		ocp_reg_write(tp, OCP_SRAM_DATA, 0x8294);
		ocp_reg_write(tp, OCP_SRAM_DATA, 0xa202);
		ocp_reg_write(tp, OCP_SRAM_DATA, 0x1800);
		ocp_reg_write(tp, OCP_SRAM_DATA, 0x0bdb);
		ocp_reg_write(tp, OCP_SRAM_DATA, 0xd39c);
		ocp_reg_write(tp, OCP_SRAM_DATA, 0xd210);
		ocp_reg_write(tp, OCP_SRAM_DATA, 0x1000);
		ocp_reg_write(tp, OCP_SRAM_DATA, 0x0c31);
		ocp_reg_write(tp, OCP_SRAM_DATA, 0xd708);
		ocp_reg_write(tp, OCP_SRAM_DATA, 0x5fa5);
		ocp_reg_write(tp, OCP_SRAM_DATA, 0xd39c);
		ocp_reg_write(tp, OCP_SRAM_DATA, 0xd210);
		ocp_reg_write(tp, OCP_SRAM_DATA, 0x1000);
		ocp_reg_write(tp, OCP_SRAM_DATA, 0x0c31);
		ocp_reg_write(tp, OCP_SRAM_DATA, 0xd708);
		ocp_reg_write(tp, OCP_SRAM_DATA, 0x5fa5);
		ocp_reg_write(tp, OCP_SRAM_DATA, 0x1000);
		ocp_reg_write(tp, OCP_SRAM_DATA, 0x0c31);
		ocp_reg_write(tp, OCP_SRAM_DATA, 0xd708);
		ocp_reg_write(tp, OCP_SRAM_DATA, 0x29b5);
		ocp_reg_write(tp, OCP_SRAM_DATA, 0x840e);
		ocp_reg_write(tp, OCP_SRAM_DATA, 0xd708);
		ocp_reg_write(tp, OCP_SRAM_DATA, 0x5f4a);
		ocp_reg_write(tp, OCP_SRAM_DATA, 0x0c1f);
		ocp_reg_write(tp, OCP_SRAM_DATA, 0x1014);
		ocp_reg_write(tp, OCP_SRAM_DATA, 0x1000);
		ocp_reg_write(tp, OCP_SRAM_DATA, 0x0c31);
		ocp_reg_write(tp, OCP_SRAM_DATA, 0xd709);
		ocp_reg_write(tp, OCP_SRAM_DATA, 0x7fa4);
		ocp_reg_write(tp, OCP_SRAM_DATA, 0x901f);
		ocp_reg_write(tp, OCP_SRAM_DATA, 0x1800);
		ocp_reg_write(tp, OCP_SRAM_DATA, 0x0c23);
		ocp_reg_write(tp, OCP_SRAM_DATA, 0xcb43);
		ocp_reg_write(tp, OCP_SRAM_DATA, 0xa508);
		ocp_reg_write(tp, OCP_SRAM_DATA, 0xd701);
		ocp_reg_write(tp, OCP_SRAM_DATA, 0x3699);
		ocp_reg_write(tp, OCP_SRAM_DATA, 0x844a);
		ocp_reg_write(tp, OCP_SRAM_DATA, 0xa504);
		ocp_reg_write(tp, OCP_SRAM_DATA, 0xa190);
		ocp_reg_write(tp, OCP_SRAM_DATA, 0xa2a0);
		ocp_reg_write(tp, OCP_SRAM_DATA, 0xa404);
		ocp_reg_write(tp, OCP_SRAM_DATA, 0xa00a);
		ocp_reg_write(tp, OCP_SRAM_DATA, 0xd700);
		ocp_reg_write(tp, OCP_SRAM_DATA, 0x2109);
		ocp_reg_write(tp, OCP_SRAM_DATA, 0x05ea);
		ocp_reg_write(tp, OCP_SRAM_DATA, 0xa402);
		ocp_reg_write(tp, OCP_SRAM_DATA, 0x1800);
		ocp_reg_write(tp, OCP_SRAM_DATA, 0x05ea);
		ocp_reg_write(tp, OCP_SRAM_DATA, 0xcb90);
		ocp_reg_write(tp, OCP_SRAM_DATA, 0x0cf0);
		ocp_reg_write(tp, OCP_SRAM_DATA, 0x0ca0);
		ocp_reg_write(tp, OCP_SRAM_DATA, 0x1800);
		ocp_reg_write(tp, OCP_SRAM_DATA, 0x06db);
		ocp_reg_write(tp, OCP_SRAM_DATA, 0xd1ff);
		ocp_reg_write(tp, OCP_SRAM_DATA, 0xd052);
		ocp_reg_write(tp, OCP_SRAM_DATA, 0xa508);
		ocp_reg_write(tp, OCP_SRAM_DATA, 0x8718);
		ocp_reg_write(tp, OCP_SRAM_DATA, 0xa00a);
		ocp_reg_write(tp, OCP_SRAM_DATA, 0xa190);
		ocp_reg_write(tp, OCP_SRAM_DATA, 0xa2a0);
		ocp_reg_write(tp, OCP_SRAM_DATA, 0xa404);
		ocp_reg_write(tp, OCP_SRAM_DATA, 0x0cf0);
		ocp_reg_write(tp, OCP_SRAM_DATA, 0x0c50);
		ocp_reg_write(tp, OCP_SRAM_DATA, 0x1800);
		ocp_reg_write(tp, OCP_SRAM_DATA, 0x09ef);
		ocp_reg_write(tp, OCP_SRAM_DATA, 0x1000);
		ocp_reg_write(tp, OCP_SRAM_DATA, 0x0a5e);
		ocp_reg_write(tp, OCP_SRAM_DATA, 0xd704);
		ocp_reg_write(tp, OCP_SRAM_DATA, 0x2e70);
		ocp_reg_write(tp, OCP_SRAM_DATA, 0x06da);
		ocp_reg_write(tp, OCP_SRAM_DATA, 0xd700);
		ocp_reg_write(tp, OCP_SRAM_DATA, 0x5f55);
		ocp_reg_write(tp, OCP_SRAM_DATA, 0xa90c);
		ocp_reg_write(tp, OCP_SRAM_DATA, 0x1800);
		ocp_reg_write(tp, OCP_SRAM_DATA, 0x0645);
		sram_write(tp, 0xA10E, 0x0644);
		sram_write(tp, 0xA10C, 0x09e9);
		sram_write(tp, 0xA10A, 0x06da);
		sram_write(tp, 0xA108, 0x05e1);
		sram_write(tp, 0xA106, 0x0be4);
		sram_write(tp, 0xA104, 0x0435);
		sram_write(tp, 0xA102, 0x0141);
		sram_write(tp, 0xA100, 0x026d);
		sram_write(tp, 0xA110, 0x00ff);

		/* uc2 */
		sram_write(tp, 0xb87c, 0x85fe);
		ocp_reg_write(tp, OCP_SRAM_ADDR, 0xb87e);
		ocp_reg_write(tp, OCP_SRAM_DATA, 0xaf86);
		ocp_reg_write(tp, OCP_SRAM_DATA, 0x16af);
		ocp_reg_write(tp, OCP_SRAM_DATA, 0x8699);
		ocp_reg_write(tp, OCP_SRAM_DATA, 0xaf86);
		ocp_reg_write(tp, OCP_SRAM_DATA, 0xe5af);
		ocp_reg_write(tp, OCP_SRAM_DATA, 0x86f9);
		ocp_reg_write(tp, OCP_SRAM_DATA, 0xaf87);
		ocp_reg_write(tp, OCP_SRAM_DATA, 0x7aaf);
		ocp_reg_write(tp, OCP_SRAM_DATA, 0x883a);
		ocp_reg_write(tp, OCP_SRAM_DATA, 0xaf88);
		ocp_reg_write(tp, OCP_SRAM_DATA, 0x58af);
		ocp_reg_write(tp, OCP_SRAM_DATA, 0x8b6c);
		ocp_reg_write(tp, OCP_SRAM_DATA, 0xd48b);
		ocp_reg_write(tp, OCP_SRAM_DATA, 0x7c02);
		ocp_reg_write(tp, OCP_SRAM_DATA, 0x8644);
		ocp_reg_write(tp, OCP_SRAM_DATA, 0x2c00);
		ocp_reg_write(tp, OCP_SRAM_DATA, 0x503c);
		ocp_reg_write(tp, OCP_SRAM_DATA, 0xffd6);
		ocp_reg_write(tp, OCP_SRAM_DATA, 0xac27);
		ocp_reg_write(tp, OCP_SRAM_DATA, 0x18e1);
		ocp_reg_write(tp, OCP_SRAM_DATA, 0x82fe);
		ocp_reg_write(tp, OCP_SRAM_DATA, 0xad28);
		ocp_reg_write(tp, OCP_SRAM_DATA, 0x0cd4);
		ocp_reg_write(tp, OCP_SRAM_DATA, 0x8b84);
		ocp_reg_write(tp, OCP_SRAM_DATA, 0x0286);
		ocp_reg_write(tp, OCP_SRAM_DATA, 0x442c);
		ocp_reg_write(tp, OCP_SRAM_DATA, 0x003c);
		ocp_reg_write(tp, OCP_SRAM_DATA, 0xac27);
		ocp_reg_write(tp, OCP_SRAM_DATA, 0x06ee);
		ocp_reg_write(tp, OCP_SRAM_DATA, 0x8299);
		ocp_reg_write(tp, OCP_SRAM_DATA, 0x01ae);
		ocp_reg_write(tp, OCP_SRAM_DATA, 0x04ee);
		ocp_reg_write(tp, OCP_SRAM_DATA, 0x8299);
		ocp_reg_write(tp, OCP_SRAM_DATA, 0x00af);
		ocp_reg_write(tp, OCP_SRAM_DATA, 0x23dc);
		ocp_reg_write(tp, OCP_SRAM_DATA, 0xf9fa);
		ocp_reg_write(tp, OCP_SRAM_DATA, 0xcefa);
		ocp_reg_write(tp, OCP_SRAM_DATA, 0xfbef);
		ocp_reg_write(tp, OCP_SRAM_DATA, 0x79fb);
		ocp_reg_write(tp, OCP_SRAM_DATA, 0xc4bf);
		ocp_reg_write(tp, OCP_SRAM_DATA, 0x8b76);
		ocp_reg_write(tp, OCP_SRAM_DATA, 0x026c);
		ocp_reg_write(tp, OCP_SRAM_DATA, 0x6dac);
		ocp_reg_write(tp, OCP_SRAM_DATA, 0x2804);
		ocp_reg_write(tp, OCP_SRAM_DATA, 0xd203);
		ocp_reg_write(tp, OCP_SRAM_DATA, 0xae02);
		ocp_reg_write(tp, OCP_SRAM_DATA, 0xd201);
		ocp_reg_write(tp, OCP_SRAM_DATA, 0xbdd8);
		ocp_reg_write(tp, OCP_SRAM_DATA, 0x19d9);
		ocp_reg_write(tp, OCP_SRAM_DATA, 0xef94);
		ocp_reg_write(tp, OCP_SRAM_DATA, 0x026c);
		ocp_reg_write(tp, OCP_SRAM_DATA, 0x6d78);
		ocp_reg_write(tp, OCP_SRAM_DATA, 0x03ef);
		ocp_reg_write(tp, OCP_SRAM_DATA, 0x648a);
		ocp_reg_write(tp, OCP_SRAM_DATA, 0x0002);
		ocp_reg_write(tp, OCP_SRAM_DATA, 0xbdd8);
		ocp_reg_write(tp, OCP_SRAM_DATA, 0x19d9);
		ocp_reg_write(tp, OCP_SRAM_DATA, 0xef94);
		ocp_reg_write(tp, OCP_SRAM_DATA, 0x026c);
		ocp_reg_write(tp, OCP_SRAM_DATA, 0x6d78);
		ocp_reg_write(tp, OCP_SRAM_DATA, 0x03ef);
		ocp_reg_write(tp, OCP_SRAM_DATA, 0x7402);
		ocp_reg_write(tp, OCP_SRAM_DATA, 0x72cd);
		ocp_reg_write(tp, OCP_SRAM_DATA, 0xac50);
		ocp_reg_write(tp, OCP_SRAM_DATA, 0x02ef);
		ocp_reg_write(tp, OCP_SRAM_DATA, 0x643a);
		ocp_reg_write(tp, OCP_SRAM_DATA, 0x019f);
		ocp_reg_write(tp, OCP_SRAM_DATA, 0xe4ef);
		ocp_reg_write(tp, OCP_SRAM_DATA, 0x4678);
		ocp_reg_write(tp, OCP_SRAM_DATA, 0x03ac);
		ocp_reg_write(tp, OCP_SRAM_DATA, 0x2002);
		ocp_reg_write(tp, OCP_SRAM_DATA, 0xae02);
		ocp_reg_write(tp, OCP_SRAM_DATA, 0xd0ff);
		ocp_reg_write(tp, OCP_SRAM_DATA, 0xffef);
		ocp_reg_write(tp, OCP_SRAM_DATA, 0x97ff);
		ocp_reg_write(tp, OCP_SRAM_DATA, 0xfec6);
		ocp_reg_write(tp, OCP_SRAM_DATA, 0xfefd);
		ocp_reg_write(tp, OCP_SRAM_DATA, 0x041f);
		ocp_reg_write(tp, OCP_SRAM_DATA, 0x771f);
		ocp_reg_write(tp, OCP_SRAM_DATA, 0x221c);
		ocp_reg_write(tp, OCP_SRAM_DATA, 0x450d);
		ocp_reg_write(tp, OCP_SRAM_DATA, 0x481f);
		ocp_reg_write(tp, OCP_SRAM_DATA, 0x00ac);
		ocp_reg_write(tp, OCP_SRAM_DATA, 0x7f04);
		ocp_reg_write(tp, OCP_SRAM_DATA, 0x1a94);
		ocp_reg_write(tp, OCP_SRAM_DATA, 0xae08);
		ocp_reg_write(tp, OCP_SRAM_DATA, 0x1a94);
		ocp_reg_write(tp, OCP_SRAM_DATA, 0xac7f);
		ocp_reg_write(tp, OCP_SRAM_DATA, 0x03d7);
		ocp_reg_write(tp, OCP_SRAM_DATA, 0x0100);
		ocp_reg_write(tp, OCP_SRAM_DATA, 0xef46);
		ocp_reg_write(tp, OCP_SRAM_DATA, 0x0d48);
		ocp_reg_write(tp, OCP_SRAM_DATA, 0x1f00);
		ocp_reg_write(tp, OCP_SRAM_DATA, 0x1c45);
		ocp_reg_write(tp, OCP_SRAM_DATA, 0xef69);
		ocp_reg_write(tp, OCP_SRAM_DATA, 0xef57);
		ocp_reg_write(tp, OCP_SRAM_DATA, 0xef74);
		ocp_reg_write(tp, OCP_SRAM_DATA, 0x0272);
		ocp_reg_write(tp, OCP_SRAM_DATA, 0xe8a7);
		ocp_reg_write(tp, OCP_SRAM_DATA, 0xffff);
		ocp_reg_write(tp, OCP_SRAM_DATA, 0x0d1a);
		ocp_reg_write(tp, OCP_SRAM_DATA, 0x941b);
		ocp_reg_write(tp, OCP_SRAM_DATA, 0x979e);
		ocp_reg_write(tp, OCP_SRAM_DATA, 0x072d);
		ocp_reg_write(tp, OCP_SRAM_DATA, 0x0100);
		ocp_reg_write(tp, OCP_SRAM_DATA, 0x1a64);
		ocp_reg_write(tp, OCP_SRAM_DATA, 0xef76);
		ocp_reg_write(tp, OCP_SRAM_DATA, 0xef97);
		ocp_reg_write(tp, OCP_SRAM_DATA, 0x0d98);
		ocp_reg_write(tp, OCP_SRAM_DATA, 0xd400);
		ocp_reg_write(tp, OCP_SRAM_DATA, 0xff1d);
		ocp_reg_write(tp, OCP_SRAM_DATA, 0x941a);
		ocp_reg_write(tp, OCP_SRAM_DATA, 0x89cf);
		ocp_reg_write(tp, OCP_SRAM_DATA, 0x1a75);
		ocp_reg_write(tp, OCP_SRAM_DATA, 0xaf74);
		ocp_reg_write(tp, OCP_SRAM_DATA, 0xf9bf);
		ocp_reg_write(tp, OCP_SRAM_DATA, 0x8b79);
		ocp_reg_write(tp, OCP_SRAM_DATA, 0x026c);
		ocp_reg_write(tp, OCP_SRAM_DATA, 0x6da1);
		ocp_reg_write(tp, OCP_SRAM_DATA, 0x0005);
		ocp_reg_write(tp, OCP_SRAM_DATA, 0xe180);
		ocp_reg_write(tp, OCP_SRAM_DATA, 0xa0ae);
		ocp_reg_write(tp, OCP_SRAM_DATA, 0x03e1);
		ocp_reg_write(tp, OCP_SRAM_DATA, 0x80a1);
		ocp_reg_write(tp, OCP_SRAM_DATA, 0xaf26);
		ocp_reg_write(tp, OCP_SRAM_DATA, 0x9aac);
		ocp_reg_write(tp, OCP_SRAM_DATA, 0x284d);
		ocp_reg_write(tp, OCP_SRAM_DATA, 0xe08f);
		ocp_reg_write(tp, OCP_SRAM_DATA, 0xffef);
		ocp_reg_write(tp, OCP_SRAM_DATA, 0x10c0);
		ocp_reg_write(tp, OCP_SRAM_DATA, 0xe08f);
		ocp_reg_write(tp, OCP_SRAM_DATA, 0xfe10);
		ocp_reg_write(tp, OCP_SRAM_DATA, 0x1b08);
		ocp_reg_write(tp, OCP_SRAM_DATA, 0xa000);
		ocp_reg_write(tp, OCP_SRAM_DATA, 0x04c8);
		ocp_reg_write(tp, OCP_SRAM_DATA, 0xaf40);
		ocp_reg_write(tp, OCP_SRAM_DATA, 0x67c8);
		ocp_reg_write(tp, OCP_SRAM_DATA, 0xbf8b);
		ocp_reg_write(tp, OCP_SRAM_DATA, 0x8c02);
		ocp_reg_write(tp, OCP_SRAM_DATA, 0x6c4e);
		ocp_reg_write(tp, OCP_SRAM_DATA, 0xc4bf);
		ocp_reg_write(tp, OCP_SRAM_DATA, 0x8b8f);
		ocp_reg_write(tp, OCP_SRAM_DATA, 0x026c);
		ocp_reg_write(tp, OCP_SRAM_DATA, 0x6def);
		ocp_reg_write(tp, OCP_SRAM_DATA, 0x74e0);
		ocp_reg_write(tp, OCP_SRAM_DATA, 0x830c);
		ocp_reg_write(tp, OCP_SRAM_DATA, 0xad20);
		ocp_reg_write(tp, OCP_SRAM_DATA, 0x0302);
		ocp_reg_write(tp, OCP_SRAM_DATA, 0x74ac);
		ocp_reg_write(tp, OCP_SRAM_DATA, 0xccef);
		ocp_reg_write(tp, OCP_SRAM_DATA, 0x971b);
		ocp_reg_write(tp, OCP_SRAM_DATA, 0x76ad);
		ocp_reg_write(tp, OCP_SRAM_DATA, 0x5f02);
		ocp_reg_write(tp, OCP_SRAM_DATA, 0xae13);
		ocp_reg_write(tp, OCP_SRAM_DATA, 0xef69);
		ocp_reg_write(tp, OCP_SRAM_DATA, 0xef30);
		ocp_reg_write(tp, OCP_SRAM_DATA, 0x1b32);
		ocp_reg_write(tp, OCP_SRAM_DATA, 0xc4ef);
		ocp_reg_write(tp, OCP_SRAM_DATA, 0x46e4);
		ocp_reg_write(tp, OCP_SRAM_DATA, 0x8ffb);
		ocp_reg_write(tp, OCP_SRAM_DATA, 0xe58f);
		ocp_reg_write(tp, OCP_SRAM_DATA, 0xfce7);
		ocp_reg_write(tp, OCP_SRAM_DATA, 0x8ffd);
		ocp_reg_write(tp, OCP_SRAM_DATA, 0xcc10);
		ocp_reg_write(tp, OCP_SRAM_DATA, 0x11ae);
		ocp_reg_write(tp, OCP_SRAM_DATA, 0xb8d1);
		ocp_reg_write(tp, OCP_SRAM_DATA, 0x00a1);
		ocp_reg_write(tp, OCP_SRAM_DATA, 0x1f03);
		ocp_reg_write(tp, OCP_SRAM_DATA, 0xaf40);
		ocp_reg_write(tp, OCP_SRAM_DATA, 0x4fbf);
		ocp_reg_write(tp, OCP_SRAM_DATA, 0x8b8c);
		ocp_reg_write(tp, OCP_SRAM_DATA, 0x026c);
		ocp_reg_write(tp, OCP_SRAM_DATA, 0x4ec4);
		ocp_reg_write(tp, OCP_SRAM_DATA, 0xbf8b);
		ocp_reg_write(tp, OCP_SRAM_DATA, 0x8f02);
		ocp_reg_write(tp, OCP_SRAM_DATA, 0x6c6d);
		ocp_reg_write(tp, OCP_SRAM_DATA, 0xef74);
		ocp_reg_write(tp, OCP_SRAM_DATA, 0xe083);
		ocp_reg_write(tp, OCP_SRAM_DATA, 0x0cad);
		ocp_reg_write(tp, OCP_SRAM_DATA, 0x2003);
		ocp_reg_write(tp, OCP_SRAM_DATA, 0x0274);
		ocp_reg_write(tp, OCP_SRAM_DATA, 0xaccc);
		ocp_reg_write(tp, OCP_SRAM_DATA, 0xef97);
		ocp_reg_write(tp, OCP_SRAM_DATA, 0x1b76);
		ocp_reg_write(tp, OCP_SRAM_DATA, 0xad5f);
		ocp_reg_write(tp, OCP_SRAM_DATA, 0x02ae);
		ocp_reg_write(tp, OCP_SRAM_DATA, 0x04ef);
		ocp_reg_write(tp, OCP_SRAM_DATA, 0x69ef);
		ocp_reg_write(tp, OCP_SRAM_DATA, 0x3111);
		ocp_reg_write(tp, OCP_SRAM_DATA, 0xaed1);
		ocp_reg_write(tp, OCP_SRAM_DATA, 0x0287);
		ocp_reg_write(tp, OCP_SRAM_DATA, 0x80af);
		ocp_reg_write(tp, OCP_SRAM_DATA, 0x2293);
		ocp_reg_write(tp, OCP_SRAM_DATA, 0xf8f9);
		ocp_reg_write(tp, OCP_SRAM_DATA, 0xfafb);
		ocp_reg_write(tp, OCP_SRAM_DATA, 0xef59);
		ocp_reg_write(tp, OCP_SRAM_DATA, 0xe080);
		ocp_reg_write(tp, OCP_SRAM_DATA, 0x13ad);
		ocp_reg_write(tp, OCP_SRAM_DATA, 0x252f);
		ocp_reg_write(tp, OCP_SRAM_DATA, 0xbf88);
		ocp_reg_write(tp, OCP_SRAM_DATA, 0x2802);
		ocp_reg_write(tp, OCP_SRAM_DATA, 0x6c6d);
		ocp_reg_write(tp, OCP_SRAM_DATA, 0xef64);
		ocp_reg_write(tp, OCP_SRAM_DATA, 0x1f44);
		ocp_reg_write(tp, OCP_SRAM_DATA, 0xe18f);
		ocp_reg_write(tp, OCP_SRAM_DATA, 0xb91b);
		ocp_reg_write(tp, OCP_SRAM_DATA, 0x64ad);
		ocp_reg_write(tp, OCP_SRAM_DATA, 0x4f1d);
		ocp_reg_write(tp, OCP_SRAM_DATA, 0xd688);
		ocp_reg_write(tp, OCP_SRAM_DATA, 0x2bd7);
		ocp_reg_write(tp, OCP_SRAM_DATA, 0x882e);
		ocp_reg_write(tp, OCP_SRAM_DATA, 0x0274);
		ocp_reg_write(tp, OCP_SRAM_DATA, 0x73ad);
		ocp_reg_write(tp, OCP_SRAM_DATA, 0x5008);
		ocp_reg_write(tp, OCP_SRAM_DATA, 0xbf88);
		ocp_reg_write(tp, OCP_SRAM_DATA, 0x3102);
		ocp_reg_write(tp, OCP_SRAM_DATA, 0x737c);
		ocp_reg_write(tp, OCP_SRAM_DATA, 0xae03);
		ocp_reg_write(tp, OCP_SRAM_DATA, 0x0287);
		ocp_reg_write(tp, OCP_SRAM_DATA, 0xd0bf);
		ocp_reg_write(tp, OCP_SRAM_DATA, 0x882b);
		ocp_reg_write(tp, OCP_SRAM_DATA, 0x0273);
		ocp_reg_write(tp, OCP_SRAM_DATA, 0x73e0);
		ocp_reg_write(tp, OCP_SRAM_DATA, 0x824c);
		ocp_reg_write(tp, OCP_SRAM_DATA, 0xf621);
		ocp_reg_write(tp, OCP_SRAM_DATA, 0xe482);
		ocp_reg_write(tp, OCP_SRAM_DATA, 0x4cbf);
		ocp_reg_write(tp, OCP_SRAM_DATA, 0x8834);
		ocp_reg_write(tp, OCP_SRAM_DATA, 0x0273);
		ocp_reg_write(tp, OCP_SRAM_DATA, 0x7cef);
		ocp_reg_write(tp, OCP_SRAM_DATA, 0x95ff);
		ocp_reg_write(tp, OCP_SRAM_DATA, 0xfefd);
		ocp_reg_write(tp, OCP_SRAM_DATA, 0xfc04);
		ocp_reg_write(tp, OCP_SRAM_DATA, 0xf8f9);
		ocp_reg_write(tp, OCP_SRAM_DATA, 0xfafb);
		ocp_reg_write(tp, OCP_SRAM_DATA, 0xef79);
		ocp_reg_write(tp, OCP_SRAM_DATA, 0xbf88);
		ocp_reg_write(tp, OCP_SRAM_DATA, 0x1f02);
		ocp_reg_write(tp, OCP_SRAM_DATA, 0x737c);
		ocp_reg_write(tp, OCP_SRAM_DATA, 0x1f22);
		ocp_reg_write(tp, OCP_SRAM_DATA, 0xac32);
		ocp_reg_write(tp, OCP_SRAM_DATA, 0x31ef);
		ocp_reg_write(tp, OCP_SRAM_DATA, 0x12bf);
		ocp_reg_write(tp, OCP_SRAM_DATA, 0x8822);
		ocp_reg_write(tp, OCP_SRAM_DATA, 0x026c);
		ocp_reg_write(tp, OCP_SRAM_DATA, 0x4ed6);
		ocp_reg_write(tp, OCP_SRAM_DATA, 0x8fba);
		ocp_reg_write(tp, OCP_SRAM_DATA, 0x1f33);
		ocp_reg_write(tp, OCP_SRAM_DATA, 0xac3c);
		ocp_reg_write(tp, OCP_SRAM_DATA, 0x1eef);
		ocp_reg_write(tp, OCP_SRAM_DATA, 0x13bf);
		ocp_reg_write(tp, OCP_SRAM_DATA, 0x8837);
		ocp_reg_write(tp, OCP_SRAM_DATA, 0x026c);
		ocp_reg_write(tp, OCP_SRAM_DATA, 0x4eef);
		ocp_reg_write(tp, OCP_SRAM_DATA, 0x96d8);
		ocp_reg_write(tp, OCP_SRAM_DATA, 0x19d9);
		ocp_reg_write(tp, OCP_SRAM_DATA, 0xbf88);
		ocp_reg_write(tp, OCP_SRAM_DATA, 0x2502);
		ocp_reg_write(tp, OCP_SRAM_DATA, 0x6c4e);
		ocp_reg_write(tp, OCP_SRAM_DATA, 0xbf88);
		ocp_reg_write(tp, OCP_SRAM_DATA, 0x2502);
		ocp_reg_write(tp, OCP_SRAM_DATA, 0x6c4e);
		ocp_reg_write(tp, OCP_SRAM_DATA, 0x1616);
		ocp_reg_write(tp, OCP_SRAM_DATA, 0x13ae);
		ocp_reg_write(tp, OCP_SRAM_DATA, 0xdf12);
		ocp_reg_write(tp, OCP_SRAM_DATA, 0xaecc);
		ocp_reg_write(tp, OCP_SRAM_DATA, 0xbf88);
		ocp_reg_write(tp, OCP_SRAM_DATA, 0x1f02);
		ocp_reg_write(tp, OCP_SRAM_DATA, 0x7373);
		ocp_reg_write(tp, OCP_SRAM_DATA, 0xef97);
		ocp_reg_write(tp, OCP_SRAM_DATA, 0xfffe);
		ocp_reg_write(tp, OCP_SRAM_DATA, 0xfdfc);
		ocp_reg_write(tp, OCP_SRAM_DATA, 0x0466);
		ocp_reg_write(tp, OCP_SRAM_DATA, 0xac88);
		ocp_reg_write(tp, OCP_SRAM_DATA, 0x54ac);
		ocp_reg_write(tp, OCP_SRAM_DATA, 0x88f0);
		ocp_reg_write(tp, OCP_SRAM_DATA, 0xac8a);
		ocp_reg_write(tp, OCP_SRAM_DATA, 0x92ac);
		ocp_reg_write(tp, OCP_SRAM_DATA, 0xbadd);
		ocp_reg_write(tp, OCP_SRAM_DATA, 0xac6c);
		ocp_reg_write(tp, OCP_SRAM_DATA, 0xeeac);
		ocp_reg_write(tp, OCP_SRAM_DATA, 0x6cff);
		ocp_reg_write(tp, OCP_SRAM_DATA, 0xad02);
		ocp_reg_write(tp, OCP_SRAM_DATA, 0x99ac);
		ocp_reg_write(tp, OCP_SRAM_DATA, 0x0030);
		ocp_reg_write(tp, OCP_SRAM_DATA, 0xac88);
		ocp_reg_write(tp, OCP_SRAM_DATA, 0xd4c3);
		ocp_reg_write(tp, OCP_SRAM_DATA, 0x5000);
		ocp_reg_write(tp, OCP_SRAM_DATA, 0x0000);
		ocp_reg_write(tp, OCP_SRAM_DATA, 0x0000);
		ocp_reg_write(tp, OCP_SRAM_DATA, 0x0000);
		ocp_reg_write(tp, OCP_SRAM_DATA, 0x0000);
		ocp_reg_write(tp, OCP_SRAM_DATA, 0x0000);
		ocp_reg_write(tp, OCP_SRAM_DATA, 0x0000);
		ocp_reg_write(tp, OCP_SRAM_DATA, 0x0000);
		ocp_reg_write(tp, OCP_SRAM_DATA, 0x0000);
		ocp_reg_write(tp, OCP_SRAM_DATA, 0x00b4);
		ocp_reg_write(tp, OCP_SRAM_DATA, 0xecee);
		ocp_reg_write(tp, OCP_SRAM_DATA, 0x8298);
		ocp_reg_write(tp, OCP_SRAM_DATA, 0x00af);
		ocp_reg_write(tp, OCP_SRAM_DATA, 0x1412);
		ocp_reg_write(tp, OCP_SRAM_DATA, 0xf8bf);
		ocp_reg_write(tp, OCP_SRAM_DATA, 0x8b5d);
		ocp_reg_write(tp, OCP_SRAM_DATA, 0x026c);
		ocp_reg_write(tp, OCP_SRAM_DATA, 0x6d58);
		ocp_reg_write(tp, OCP_SRAM_DATA, 0x03e1);
		ocp_reg_write(tp, OCP_SRAM_DATA, 0x8fb8);
		ocp_reg_write(tp, OCP_SRAM_DATA, 0x2901);
		ocp_reg_write(tp, OCP_SRAM_DATA, 0xe58f);
		ocp_reg_write(tp, OCP_SRAM_DATA, 0xb8a0);
		ocp_reg_write(tp, OCP_SRAM_DATA, 0x0049);
		ocp_reg_write(tp, OCP_SRAM_DATA, 0xef47);
		ocp_reg_write(tp, OCP_SRAM_DATA, 0xe483);
		ocp_reg_write(tp, OCP_SRAM_DATA, 0x02e5);
		ocp_reg_write(tp, OCP_SRAM_DATA, 0x8303);
		ocp_reg_write(tp, OCP_SRAM_DATA, 0xbfc2);
		ocp_reg_write(tp, OCP_SRAM_DATA, 0x5f1a);
		ocp_reg_write(tp, OCP_SRAM_DATA, 0x95f7);
		ocp_reg_write(tp, OCP_SRAM_DATA, 0x05ee);
		ocp_reg_write(tp, OCP_SRAM_DATA, 0xffd2);
		ocp_reg_write(tp, OCP_SRAM_DATA, 0x00d8);
		ocp_reg_write(tp, OCP_SRAM_DATA, 0xf605);
		ocp_reg_write(tp, OCP_SRAM_DATA, 0x1f11);
		ocp_reg_write(tp, OCP_SRAM_DATA, 0xef60);
		ocp_reg_write(tp, OCP_SRAM_DATA, 0xbf8b);
		ocp_reg_write(tp, OCP_SRAM_DATA, 0x3002);
		ocp_reg_write(tp, OCP_SRAM_DATA, 0x6c4e);
		ocp_reg_write(tp, OCP_SRAM_DATA, 0xbf8b);
		ocp_reg_write(tp, OCP_SRAM_DATA, 0x3302);
		ocp_reg_write(tp, OCP_SRAM_DATA, 0x6c6d);
		ocp_reg_write(tp, OCP_SRAM_DATA, 0xf728);
		ocp_reg_write(tp, OCP_SRAM_DATA, 0xbf8b);
		ocp_reg_write(tp, OCP_SRAM_DATA, 0x3302);
		ocp_reg_write(tp, OCP_SRAM_DATA, 0x6c4e);
		ocp_reg_write(tp, OCP_SRAM_DATA, 0xf628);
		ocp_reg_write(tp, OCP_SRAM_DATA, 0xbf8b);
		ocp_reg_write(tp, OCP_SRAM_DATA, 0x3302);
		ocp_reg_write(tp, OCP_SRAM_DATA, 0x6c4e);
		ocp_reg_write(tp, OCP_SRAM_DATA, 0x0c64);
		ocp_reg_write(tp, OCP_SRAM_DATA, 0xef46);
		ocp_reg_write(tp, OCP_SRAM_DATA, 0xbf8b);
		ocp_reg_write(tp, OCP_SRAM_DATA, 0x6002);
		ocp_reg_write(tp, OCP_SRAM_DATA, 0x6c4e);
		ocp_reg_write(tp, OCP_SRAM_DATA, 0x0289);
		ocp_reg_write(tp, OCP_SRAM_DATA, 0x9902);
		ocp_reg_write(tp, OCP_SRAM_DATA, 0x3920);
		ocp_reg_write(tp, OCP_SRAM_DATA, 0xaf89);
		ocp_reg_write(tp, OCP_SRAM_DATA, 0x96a0);
		ocp_reg_write(tp, OCP_SRAM_DATA, 0x0149);
		ocp_reg_write(tp, OCP_SRAM_DATA, 0xef47);
		ocp_reg_write(tp, OCP_SRAM_DATA, 0xe483);
		ocp_reg_write(tp, OCP_SRAM_DATA, 0x04e5);
		ocp_reg_write(tp, OCP_SRAM_DATA, 0x8305);
		ocp_reg_write(tp, OCP_SRAM_DATA, 0xbfc2);
		ocp_reg_write(tp, OCP_SRAM_DATA, 0x5f1a);
		ocp_reg_write(tp, OCP_SRAM_DATA, 0x95f7);
		ocp_reg_write(tp, OCP_SRAM_DATA, 0x05ee);
		ocp_reg_write(tp, OCP_SRAM_DATA, 0xffd2);
		ocp_reg_write(tp, OCP_SRAM_DATA, 0x00d8);
		ocp_reg_write(tp, OCP_SRAM_DATA, 0xf605);
		ocp_reg_write(tp, OCP_SRAM_DATA, 0x1f11);
		ocp_reg_write(tp, OCP_SRAM_DATA, 0xef60);
		ocp_reg_write(tp, OCP_SRAM_DATA, 0xbf8b);
		ocp_reg_write(tp, OCP_SRAM_DATA, 0x3002);
		ocp_reg_write(tp, OCP_SRAM_DATA, 0x6c4e);
		ocp_reg_write(tp, OCP_SRAM_DATA, 0xbf8b);
		ocp_reg_write(tp, OCP_SRAM_DATA, 0x3302);
		ocp_reg_write(tp, OCP_SRAM_DATA, 0x6c6d);
		ocp_reg_write(tp, OCP_SRAM_DATA, 0xf729);
		ocp_reg_write(tp, OCP_SRAM_DATA, 0xbf8b);
		ocp_reg_write(tp, OCP_SRAM_DATA, 0x3302);
		ocp_reg_write(tp, OCP_SRAM_DATA, 0x6c4e);
		ocp_reg_write(tp, OCP_SRAM_DATA, 0xf629);
		ocp_reg_write(tp, OCP_SRAM_DATA, 0xbf8b);
		ocp_reg_write(tp, OCP_SRAM_DATA, 0x3302);
		ocp_reg_write(tp, OCP_SRAM_DATA, 0x6c4e);
		ocp_reg_write(tp, OCP_SRAM_DATA, 0x0c64);
		ocp_reg_write(tp, OCP_SRAM_DATA, 0xef46);
		ocp_reg_write(tp, OCP_SRAM_DATA, 0xbf8b);
		ocp_reg_write(tp, OCP_SRAM_DATA, 0x6302);
		ocp_reg_write(tp, OCP_SRAM_DATA, 0x6c4e);
		ocp_reg_write(tp, OCP_SRAM_DATA, 0x0289);
		ocp_reg_write(tp, OCP_SRAM_DATA, 0x9902);
		ocp_reg_write(tp, OCP_SRAM_DATA, 0x3920);
		ocp_reg_write(tp, OCP_SRAM_DATA, 0xaf89);
		ocp_reg_write(tp, OCP_SRAM_DATA, 0x96a0);
		ocp_reg_write(tp, OCP_SRAM_DATA, 0x0249);
		ocp_reg_write(tp, OCP_SRAM_DATA, 0xef47);
		ocp_reg_write(tp, OCP_SRAM_DATA, 0xe483);
		ocp_reg_write(tp, OCP_SRAM_DATA, 0x06e5);
		ocp_reg_write(tp, OCP_SRAM_DATA, 0x8307);
		ocp_reg_write(tp, OCP_SRAM_DATA, 0xbfc2);
		ocp_reg_write(tp, OCP_SRAM_DATA, 0x5f1a);
		ocp_reg_write(tp, OCP_SRAM_DATA, 0x95f7);
		ocp_reg_write(tp, OCP_SRAM_DATA, 0x05ee);
		ocp_reg_write(tp, OCP_SRAM_DATA, 0xffd2);
		ocp_reg_write(tp, OCP_SRAM_DATA, 0x00d8);
		ocp_reg_write(tp, OCP_SRAM_DATA, 0xf605);
		ocp_reg_write(tp, OCP_SRAM_DATA, 0x1f11);
		ocp_reg_write(tp, OCP_SRAM_DATA, 0xef60);
		ocp_reg_write(tp, OCP_SRAM_DATA, 0xbf8b);
		ocp_reg_write(tp, OCP_SRAM_DATA, 0x3002);
		ocp_reg_write(tp, OCP_SRAM_DATA, 0x6c4e);
		ocp_reg_write(tp, OCP_SRAM_DATA, 0xbf8b);
		ocp_reg_write(tp, OCP_SRAM_DATA, 0x3302);
		ocp_reg_write(tp, OCP_SRAM_DATA, 0x6c6d);
		ocp_reg_write(tp, OCP_SRAM_DATA, 0xf72a);
		ocp_reg_write(tp, OCP_SRAM_DATA, 0xbf8b);
		ocp_reg_write(tp, OCP_SRAM_DATA, 0x3302);
		ocp_reg_write(tp, OCP_SRAM_DATA, 0x6c4e);
		ocp_reg_write(tp, OCP_SRAM_DATA, 0xf62a);
		ocp_reg_write(tp, OCP_SRAM_DATA, 0xbf8b);
		ocp_reg_write(tp, OCP_SRAM_DATA, 0x3302);
		ocp_reg_write(tp, OCP_SRAM_DATA, 0x6c4e);
		ocp_reg_write(tp, OCP_SRAM_DATA, 0x0c64);
		ocp_reg_write(tp, OCP_SRAM_DATA, 0xef46);
		ocp_reg_write(tp, OCP_SRAM_DATA, 0xbf8b);
		ocp_reg_write(tp, OCP_SRAM_DATA, 0x6602);
		ocp_reg_write(tp, OCP_SRAM_DATA, 0x6c4e);
		ocp_reg_write(tp, OCP_SRAM_DATA, 0x0289);
		ocp_reg_write(tp, OCP_SRAM_DATA, 0x9902);
		ocp_reg_write(tp, OCP_SRAM_DATA, 0x3920);
		ocp_reg_write(tp, OCP_SRAM_DATA, 0xaf89);
		ocp_reg_write(tp, OCP_SRAM_DATA, 0x96ef);
		ocp_reg_write(tp, OCP_SRAM_DATA, 0x47e4);
		ocp_reg_write(tp, OCP_SRAM_DATA, 0x8308);
		ocp_reg_write(tp, OCP_SRAM_DATA, 0xe583);
		ocp_reg_write(tp, OCP_SRAM_DATA, 0x09bf);
		ocp_reg_write(tp, OCP_SRAM_DATA, 0xc25f);
		ocp_reg_write(tp, OCP_SRAM_DATA, 0x1a95);
		ocp_reg_write(tp, OCP_SRAM_DATA, 0xf705);
		ocp_reg_write(tp, OCP_SRAM_DATA, 0xeeff);
		ocp_reg_write(tp, OCP_SRAM_DATA, 0xd200);
		ocp_reg_write(tp, OCP_SRAM_DATA, 0xd8f6);
		ocp_reg_write(tp, OCP_SRAM_DATA, 0x051f);
		ocp_reg_write(tp, OCP_SRAM_DATA, 0x11ef);
		ocp_reg_write(tp, OCP_SRAM_DATA, 0x60bf);
		ocp_reg_write(tp, OCP_SRAM_DATA, 0x8b30);
		ocp_reg_write(tp, OCP_SRAM_DATA, 0x026c);
		ocp_reg_write(tp, OCP_SRAM_DATA, 0x4ebf);
		ocp_reg_write(tp, OCP_SRAM_DATA, 0x8b33);
		ocp_reg_write(tp, OCP_SRAM_DATA, 0x026c);
		ocp_reg_write(tp, OCP_SRAM_DATA, 0x6df7);
		ocp_reg_write(tp, OCP_SRAM_DATA, 0x2bbf);
		ocp_reg_write(tp, OCP_SRAM_DATA, 0x8b33);
		ocp_reg_write(tp, OCP_SRAM_DATA, 0x026c);
		ocp_reg_write(tp, OCP_SRAM_DATA, 0x4ef6);
		ocp_reg_write(tp, OCP_SRAM_DATA, 0x2bbf);
		ocp_reg_write(tp, OCP_SRAM_DATA, 0x8b33);
		ocp_reg_write(tp, OCP_SRAM_DATA, 0x026c);
		ocp_reg_write(tp, OCP_SRAM_DATA, 0x4e0c);
		ocp_reg_write(tp, OCP_SRAM_DATA, 0x64ef);
		ocp_reg_write(tp, OCP_SRAM_DATA, 0x46bf);
		ocp_reg_write(tp, OCP_SRAM_DATA, 0x8b69);
		ocp_reg_write(tp, OCP_SRAM_DATA, 0x026c);
		ocp_reg_write(tp, OCP_SRAM_DATA, 0x4e02);
		ocp_reg_write(tp, OCP_SRAM_DATA, 0x8999);
		ocp_reg_write(tp, OCP_SRAM_DATA, 0x0239);
		ocp_reg_write(tp, OCP_SRAM_DATA, 0x20af);
		ocp_reg_write(tp, OCP_SRAM_DATA, 0x8996);
		ocp_reg_write(tp, OCP_SRAM_DATA, 0xaf39);
		ocp_reg_write(tp, OCP_SRAM_DATA, 0x1ef8);
		ocp_reg_write(tp, OCP_SRAM_DATA, 0xf9fa);
		ocp_reg_write(tp, OCP_SRAM_DATA, 0xe08f);
		ocp_reg_write(tp, OCP_SRAM_DATA, 0xb838);
		ocp_reg_write(tp, OCP_SRAM_DATA, 0x02ad);
		ocp_reg_write(tp, OCP_SRAM_DATA, 0x2702);
		ocp_reg_write(tp, OCP_SRAM_DATA, 0xae03);
		ocp_reg_write(tp, OCP_SRAM_DATA, 0xaf8b);
		ocp_reg_write(tp, OCP_SRAM_DATA, 0x201f);
		ocp_reg_write(tp, OCP_SRAM_DATA, 0x66ef);
		ocp_reg_write(tp, OCP_SRAM_DATA, 0x65bf);
		ocp_reg_write(tp, OCP_SRAM_DATA, 0xc21f);
		ocp_reg_write(tp, OCP_SRAM_DATA, 0x1a96);
		ocp_reg_write(tp, OCP_SRAM_DATA, 0xf705);
		ocp_reg_write(tp, OCP_SRAM_DATA, 0xeeff);
		ocp_reg_write(tp, OCP_SRAM_DATA, 0xd200);
		ocp_reg_write(tp, OCP_SRAM_DATA, 0xdaf6);
		ocp_reg_write(tp, OCP_SRAM_DATA, 0x05bf);
		ocp_reg_write(tp, OCP_SRAM_DATA, 0xc22f);
		ocp_reg_write(tp, OCP_SRAM_DATA, 0x1a96);
		ocp_reg_write(tp, OCP_SRAM_DATA, 0xf705);
		ocp_reg_write(tp, OCP_SRAM_DATA, 0xeeff);
		ocp_reg_write(tp, OCP_SRAM_DATA, 0xd200);
		ocp_reg_write(tp, OCP_SRAM_DATA, 0xdbf6);
		ocp_reg_write(tp, OCP_SRAM_DATA, 0x05ef);
		ocp_reg_write(tp, OCP_SRAM_DATA, 0x021f);
		ocp_reg_write(tp, OCP_SRAM_DATA, 0x110d);
		ocp_reg_write(tp, OCP_SRAM_DATA, 0x42bf);
		ocp_reg_write(tp, OCP_SRAM_DATA, 0x8b3c);
		ocp_reg_write(tp, OCP_SRAM_DATA, 0x026c);
		ocp_reg_write(tp, OCP_SRAM_DATA, 0x4eef);
		ocp_reg_write(tp, OCP_SRAM_DATA, 0x021b);
		ocp_reg_write(tp, OCP_SRAM_DATA, 0x031f);
		ocp_reg_write(tp, OCP_SRAM_DATA, 0x110d);
		ocp_reg_write(tp, OCP_SRAM_DATA, 0x42bf);
		ocp_reg_write(tp, OCP_SRAM_DATA, 0x8b36);
		ocp_reg_write(tp, OCP_SRAM_DATA, 0x026c);
		ocp_reg_write(tp, OCP_SRAM_DATA, 0x4eef);
		ocp_reg_write(tp, OCP_SRAM_DATA, 0x021a);
		ocp_reg_write(tp, OCP_SRAM_DATA, 0x031f);
		ocp_reg_write(tp, OCP_SRAM_DATA, 0x110d);
		ocp_reg_write(tp, OCP_SRAM_DATA, 0x42bf);
		ocp_reg_write(tp, OCP_SRAM_DATA, 0x8b39);
		ocp_reg_write(tp, OCP_SRAM_DATA, 0x026c);
		ocp_reg_write(tp, OCP_SRAM_DATA, 0x4ebf);
		ocp_reg_write(tp, OCP_SRAM_DATA, 0xc23f);
		ocp_reg_write(tp, OCP_SRAM_DATA, 0x1a96);
		ocp_reg_write(tp, OCP_SRAM_DATA, 0xf705);
		ocp_reg_write(tp, OCP_SRAM_DATA, 0xeeff);
		ocp_reg_write(tp, OCP_SRAM_DATA, 0xd200);
		ocp_reg_write(tp, OCP_SRAM_DATA, 0xdaf6);
		ocp_reg_write(tp, OCP_SRAM_DATA, 0x05bf);
		ocp_reg_write(tp, OCP_SRAM_DATA, 0xc24f);
		ocp_reg_write(tp, OCP_SRAM_DATA, 0x1a96);
		ocp_reg_write(tp, OCP_SRAM_DATA, 0xf705);
		ocp_reg_write(tp, OCP_SRAM_DATA, 0xeeff);
		ocp_reg_write(tp, OCP_SRAM_DATA, 0xd200);
		ocp_reg_write(tp, OCP_SRAM_DATA, 0xdbf6);
		ocp_reg_write(tp, OCP_SRAM_DATA, 0x05ef);
		ocp_reg_write(tp, OCP_SRAM_DATA, 0x021f);
		ocp_reg_write(tp, OCP_SRAM_DATA, 0x110d);
		ocp_reg_write(tp, OCP_SRAM_DATA, 0x42bf);
		ocp_reg_write(tp, OCP_SRAM_DATA, 0x8b45);
		ocp_reg_write(tp, OCP_SRAM_DATA, 0x026c);
		ocp_reg_write(tp, OCP_SRAM_DATA, 0x4eef);
		ocp_reg_write(tp, OCP_SRAM_DATA, 0x021b);
		ocp_reg_write(tp, OCP_SRAM_DATA, 0x031f);
		ocp_reg_write(tp, OCP_SRAM_DATA, 0x110d);
		ocp_reg_write(tp, OCP_SRAM_DATA, 0x42bf);
		ocp_reg_write(tp, OCP_SRAM_DATA, 0x8b3f);
		ocp_reg_write(tp, OCP_SRAM_DATA, 0x026c);
		ocp_reg_write(tp, OCP_SRAM_DATA, 0x4eef);
		ocp_reg_write(tp, OCP_SRAM_DATA, 0x021a);
		ocp_reg_write(tp, OCP_SRAM_DATA, 0x031f);
		ocp_reg_write(tp, OCP_SRAM_DATA, 0x110d);
		ocp_reg_write(tp, OCP_SRAM_DATA, 0x42bf);
		ocp_reg_write(tp, OCP_SRAM_DATA, 0x8b42);
		ocp_reg_write(tp, OCP_SRAM_DATA, 0x026c);
		ocp_reg_write(tp, OCP_SRAM_DATA, 0x4eef);
		ocp_reg_write(tp, OCP_SRAM_DATA, 0x56d0);
		ocp_reg_write(tp, OCP_SRAM_DATA, 0x201f);
		ocp_reg_write(tp, OCP_SRAM_DATA, 0x11bf);
		ocp_reg_write(tp, OCP_SRAM_DATA, 0x8b4e);
		ocp_reg_write(tp, OCP_SRAM_DATA, 0x026c);
		ocp_reg_write(tp, OCP_SRAM_DATA, 0x4ebf);
		ocp_reg_write(tp, OCP_SRAM_DATA, 0x8b48);
		ocp_reg_write(tp, OCP_SRAM_DATA, 0x026c);
		ocp_reg_write(tp, OCP_SRAM_DATA, 0x4ebf);
		ocp_reg_write(tp, OCP_SRAM_DATA, 0x8b4b);
		ocp_reg_write(tp, OCP_SRAM_DATA, 0x026c);
		ocp_reg_write(tp, OCP_SRAM_DATA, 0x4ee1);
		ocp_reg_write(tp, OCP_SRAM_DATA, 0x8578);
		ocp_reg_write(tp, OCP_SRAM_DATA, 0xef03);
		ocp_reg_write(tp, OCP_SRAM_DATA, 0x480a);
		ocp_reg_write(tp, OCP_SRAM_DATA, 0x2805);
		ocp_reg_write(tp, OCP_SRAM_DATA, 0xef20);
		ocp_reg_write(tp, OCP_SRAM_DATA, 0x1b01);
		ocp_reg_write(tp, OCP_SRAM_DATA, 0xad27);
		ocp_reg_write(tp, OCP_SRAM_DATA, 0x3f1f);
		ocp_reg_write(tp, OCP_SRAM_DATA, 0x44e0);
		ocp_reg_write(tp, OCP_SRAM_DATA, 0x8560);
		ocp_reg_write(tp, OCP_SRAM_DATA, 0xe185);
		ocp_reg_write(tp, OCP_SRAM_DATA, 0x61bf);
		ocp_reg_write(tp, OCP_SRAM_DATA, 0x8b51);
		ocp_reg_write(tp, OCP_SRAM_DATA, 0x026c);
		ocp_reg_write(tp, OCP_SRAM_DATA, 0x4ee0);
		ocp_reg_write(tp, OCP_SRAM_DATA, 0x8566);
		ocp_reg_write(tp, OCP_SRAM_DATA, 0xe185);
		ocp_reg_write(tp, OCP_SRAM_DATA, 0x67bf);
		ocp_reg_write(tp, OCP_SRAM_DATA, 0x8b54);
		ocp_reg_write(tp, OCP_SRAM_DATA, 0x026c);
		ocp_reg_write(tp, OCP_SRAM_DATA, 0x4ee0);
		ocp_reg_write(tp, OCP_SRAM_DATA, 0x856c);
		ocp_reg_write(tp, OCP_SRAM_DATA, 0xe185);
		ocp_reg_write(tp, OCP_SRAM_DATA, 0x6dbf);
		ocp_reg_write(tp, OCP_SRAM_DATA, 0x8b57);
		ocp_reg_write(tp, OCP_SRAM_DATA, 0x026c);
		ocp_reg_write(tp, OCP_SRAM_DATA, 0x4ee0);
		ocp_reg_write(tp, OCP_SRAM_DATA, 0x8572);
		ocp_reg_write(tp, OCP_SRAM_DATA, 0xe185);
		ocp_reg_write(tp, OCP_SRAM_DATA, 0x73bf);
		ocp_reg_write(tp, OCP_SRAM_DATA, 0x8b5a);
		ocp_reg_write(tp, OCP_SRAM_DATA, 0x026c);
		ocp_reg_write(tp, OCP_SRAM_DATA, 0x4ee1);
		ocp_reg_write(tp, OCP_SRAM_DATA, 0x8fb8);
		ocp_reg_write(tp, OCP_SRAM_DATA, 0x5900);
		ocp_reg_write(tp, OCP_SRAM_DATA, 0xf728);
		ocp_reg_write(tp, OCP_SRAM_DATA, 0xe58f);
		ocp_reg_write(tp, OCP_SRAM_DATA, 0xb8af);
		ocp_reg_write(tp, OCP_SRAM_DATA, 0x8b2c);
		ocp_reg_write(tp, OCP_SRAM_DATA, 0xe185);
		ocp_reg_write(tp, OCP_SRAM_DATA, 0x791b);
		ocp_reg_write(tp, OCP_SRAM_DATA, 0x21ad);
		ocp_reg_write(tp, OCP_SRAM_DATA, 0x373e);
		ocp_reg_write(tp, OCP_SRAM_DATA, 0x1f44);
		ocp_reg_write(tp, OCP_SRAM_DATA, 0xe085);
		ocp_reg_write(tp, OCP_SRAM_DATA, 0x62e1);
		ocp_reg_write(tp, OCP_SRAM_DATA, 0x8563);
		ocp_reg_write(tp, OCP_SRAM_DATA, 0xbf8b);
		ocp_reg_write(tp, OCP_SRAM_DATA, 0x5102);
		ocp_reg_write(tp, OCP_SRAM_DATA, 0x6c4e);
		ocp_reg_write(tp, OCP_SRAM_DATA, 0xe085);
		ocp_reg_write(tp, OCP_SRAM_DATA, 0x68e1);
		ocp_reg_write(tp, OCP_SRAM_DATA, 0x8569);
		ocp_reg_write(tp, OCP_SRAM_DATA, 0xbf8b);
		ocp_reg_write(tp, OCP_SRAM_DATA, 0x5402);
		ocp_reg_write(tp, OCP_SRAM_DATA, 0x6c4e);
		ocp_reg_write(tp, OCP_SRAM_DATA, 0xe085);
		ocp_reg_write(tp, OCP_SRAM_DATA, 0x6ee1);
		ocp_reg_write(tp, OCP_SRAM_DATA, 0x856f);
		ocp_reg_write(tp, OCP_SRAM_DATA, 0xbf8b);
		ocp_reg_write(tp, OCP_SRAM_DATA, 0x5702);
		ocp_reg_write(tp, OCP_SRAM_DATA, 0x6c4e);
		ocp_reg_write(tp, OCP_SRAM_DATA, 0xe085);
		ocp_reg_write(tp, OCP_SRAM_DATA, 0x74e1);
		ocp_reg_write(tp, OCP_SRAM_DATA, 0x8575);
		ocp_reg_write(tp, OCP_SRAM_DATA, 0xbf8b);
		ocp_reg_write(tp, OCP_SRAM_DATA, 0x5a02);
		ocp_reg_write(tp, OCP_SRAM_DATA, 0x6c4e);
		ocp_reg_write(tp, OCP_SRAM_DATA, 0xe18f);
		ocp_reg_write(tp, OCP_SRAM_DATA, 0xb859);
		ocp_reg_write(tp, OCP_SRAM_DATA, 0x00f7);
		ocp_reg_write(tp, OCP_SRAM_DATA, 0x28e5);
		ocp_reg_write(tp, OCP_SRAM_DATA, 0x8fb8);
		ocp_reg_write(tp, OCP_SRAM_DATA, 0xae4a);
		ocp_reg_write(tp, OCP_SRAM_DATA, 0x1f44);
		ocp_reg_write(tp, OCP_SRAM_DATA, 0xe085);
		ocp_reg_write(tp, OCP_SRAM_DATA, 0x64e1);
		ocp_reg_write(tp, OCP_SRAM_DATA, 0x8565);
		ocp_reg_write(tp, OCP_SRAM_DATA, 0xbf8b);
		ocp_reg_write(tp, OCP_SRAM_DATA, 0x5102);
		ocp_reg_write(tp, OCP_SRAM_DATA, 0x6c4e);
		ocp_reg_write(tp, OCP_SRAM_DATA, 0xe085);
		ocp_reg_write(tp, OCP_SRAM_DATA, 0x6ae1);
		ocp_reg_write(tp, OCP_SRAM_DATA, 0x856b);
		ocp_reg_write(tp, OCP_SRAM_DATA, 0xbf8b);
		ocp_reg_write(tp, OCP_SRAM_DATA, 0x5402);
		ocp_reg_write(tp, OCP_SRAM_DATA, 0x6c4e);
		ocp_reg_write(tp, OCP_SRAM_DATA, 0xe085);
		ocp_reg_write(tp, OCP_SRAM_DATA, 0x70e1);
		ocp_reg_write(tp, OCP_SRAM_DATA, 0x8571);
		ocp_reg_write(tp, OCP_SRAM_DATA, 0xbf8b);
		ocp_reg_write(tp, OCP_SRAM_DATA, 0x5702);
		ocp_reg_write(tp, OCP_SRAM_DATA, 0x6c4e);
		ocp_reg_write(tp, OCP_SRAM_DATA, 0xe085);
		ocp_reg_write(tp, OCP_SRAM_DATA, 0x76e1);
		ocp_reg_write(tp, OCP_SRAM_DATA, 0x8577);
		ocp_reg_write(tp, OCP_SRAM_DATA, 0xbf8b);
		ocp_reg_write(tp, OCP_SRAM_DATA, 0x5a02);
		ocp_reg_write(tp, OCP_SRAM_DATA, 0x6c4e);
		ocp_reg_write(tp, OCP_SRAM_DATA, 0xe18f);
		ocp_reg_write(tp, OCP_SRAM_DATA, 0xb859);
		ocp_reg_write(tp, OCP_SRAM_DATA, 0x00f7);
		ocp_reg_write(tp, OCP_SRAM_DATA, 0x28e5);
		ocp_reg_write(tp, OCP_SRAM_DATA, 0x8fb8);
		ocp_reg_write(tp, OCP_SRAM_DATA, 0xae0c);
		ocp_reg_write(tp, OCP_SRAM_DATA, 0xe18f);
		ocp_reg_write(tp, OCP_SRAM_DATA, 0xb839);
		ocp_reg_write(tp, OCP_SRAM_DATA, 0x04ac);
		ocp_reg_write(tp, OCP_SRAM_DATA, 0x2f04);
		ocp_reg_write(tp, OCP_SRAM_DATA, 0xee8f);
		ocp_reg_write(tp, OCP_SRAM_DATA, 0xb800);
		ocp_reg_write(tp, OCP_SRAM_DATA, 0xfefd);
		ocp_reg_write(tp, OCP_SRAM_DATA, 0xfc04);
		ocp_reg_write(tp, OCP_SRAM_DATA, 0xf0ac);
		ocp_reg_write(tp, OCP_SRAM_DATA, 0x8efc);
		ocp_reg_write(tp, OCP_SRAM_DATA, 0xac8c);
		ocp_reg_write(tp, OCP_SRAM_DATA, 0xf0ac);
		ocp_reg_write(tp, OCP_SRAM_DATA, 0xfaf0);
		ocp_reg_write(tp, OCP_SRAM_DATA, 0xacf8);
		ocp_reg_write(tp, OCP_SRAM_DATA, 0xf0ac);
		ocp_reg_write(tp, OCP_SRAM_DATA, 0xf6f0);
		ocp_reg_write(tp, OCP_SRAM_DATA, 0xad00);
		ocp_reg_write(tp, OCP_SRAM_DATA, 0xf0ac);
		ocp_reg_write(tp, OCP_SRAM_DATA, 0xfef0);
		ocp_reg_write(tp, OCP_SRAM_DATA, 0xacfc);
		ocp_reg_write(tp, OCP_SRAM_DATA, 0xf0ac);
		ocp_reg_write(tp, OCP_SRAM_DATA, 0xf4f0);
		ocp_reg_write(tp, OCP_SRAM_DATA, 0xacf2);
		ocp_reg_write(tp, OCP_SRAM_DATA, 0xf0ac);
		ocp_reg_write(tp, OCP_SRAM_DATA, 0xf0f0);
		ocp_reg_write(tp, OCP_SRAM_DATA, 0xacb0);
		ocp_reg_write(tp, OCP_SRAM_DATA, 0xf0ac);
		ocp_reg_write(tp, OCP_SRAM_DATA, 0xaef0);
		ocp_reg_write(tp, OCP_SRAM_DATA, 0xacac);
		ocp_reg_write(tp, OCP_SRAM_DATA, 0xf0ac);
		ocp_reg_write(tp, OCP_SRAM_DATA, 0xaaf0);
		ocp_reg_write(tp, OCP_SRAM_DATA, 0xacee);
		ocp_reg_write(tp, OCP_SRAM_DATA, 0xf0b0);
		ocp_reg_write(tp, OCP_SRAM_DATA, 0x24f0);
		ocp_reg_write(tp, OCP_SRAM_DATA, 0xb0a4);
		ocp_reg_write(tp, OCP_SRAM_DATA, 0xf0b1);
		ocp_reg_write(tp, OCP_SRAM_DATA, 0x24f0);
		ocp_reg_write(tp, OCP_SRAM_DATA, 0xb1a4);
		ocp_reg_write(tp, OCP_SRAM_DATA, 0xee8f);
		ocp_reg_write(tp, OCP_SRAM_DATA, 0xb800);
		ocp_reg_write(tp, OCP_SRAM_DATA, 0xd400);
		ocp_reg_write(tp, OCP_SRAM_DATA, 0x00af);
		ocp_reg_write(tp, OCP_SRAM_DATA, 0x3976);
		ocp_reg_write(tp, OCP_SRAM_DATA, 0x66ac);
		ocp_reg_write(tp, OCP_SRAM_DATA, 0xeabb);
		ocp_reg_write(tp, OCP_SRAM_DATA, 0xa430);
		ocp_reg_write(tp, OCP_SRAM_DATA, 0x6e50);
		ocp_reg_write(tp, OCP_SRAM_DATA, 0x6e53);
		ocp_reg_write(tp, OCP_SRAM_DATA, 0x6e56);
		ocp_reg_write(tp, OCP_SRAM_DATA, 0x6e59);
		ocp_reg_write(tp, OCP_SRAM_DATA, 0x6e5c);
		ocp_reg_write(tp, OCP_SRAM_DATA, 0x6e5f);
		ocp_reg_write(tp, OCP_SRAM_DATA, 0x6e62);
		ocp_reg_write(tp, OCP_SRAM_DATA, 0x6e65);
		ocp_reg_write(tp, OCP_SRAM_DATA, 0xd9ac);
		ocp_reg_write(tp, OCP_SRAM_DATA, 0x70f0);
		ocp_reg_write(tp, OCP_SRAM_DATA, 0xac6a);
		sram_write(tp, 0xb85e, 0x23b7);
		sram_write(tp, 0xb860, 0x74db);
		sram_write(tp, 0xb862, 0x268c);
		sram_write(tp, 0xb864, 0x3FE5);
		sram_write(tp, 0xb886, 0x2250);
		sram_write(tp, 0xb888, 0x140e);
		sram_write(tp, 0xb88a, 0x3696);
		sram_write(tp, 0xb88c, 0x3973);
		sram_write(tp, 0xb838, 0x00ff);

		ocp_reg_clr_bits(tp, OCP_PHY_PATCH_CMD, BIT(7));

		/* uc */
		ocp_reg_write(tp, OCP_SRAM_ADDR, 0x8464);
		ocp_reg_write(tp, OCP_SRAM_DATA, 0xaf84);
		ocp_reg_write(tp, OCP_SRAM_DATA, 0x7caf);
		ocp_reg_write(tp, OCP_SRAM_DATA, 0x8485);
		ocp_reg_write(tp, OCP_SRAM_DATA, 0xaf85);
		ocp_reg_write(tp, OCP_SRAM_DATA, 0x13af);
		ocp_reg_write(tp, OCP_SRAM_DATA, 0x851e);
		ocp_reg_write(tp, OCP_SRAM_DATA, 0xaf85);
		ocp_reg_write(tp, OCP_SRAM_DATA, 0xb9af);
		ocp_reg_write(tp, OCP_SRAM_DATA, 0x8684);
		ocp_reg_write(tp, OCP_SRAM_DATA, 0xaf87);
		ocp_reg_write(tp, OCP_SRAM_DATA, 0x01af);
		ocp_reg_write(tp, OCP_SRAM_DATA, 0x8701);
		ocp_reg_write(tp, OCP_SRAM_DATA, 0xac38);
		ocp_reg_write(tp, OCP_SRAM_DATA, 0x03af);
		ocp_reg_write(tp, OCP_SRAM_DATA, 0x38bb);
		ocp_reg_write(tp, OCP_SRAM_DATA, 0xaf38);
		ocp_reg_write(tp, OCP_SRAM_DATA, 0xc302);
		ocp_reg_write(tp, OCP_SRAM_DATA, 0x4618);
		ocp_reg_write(tp, OCP_SRAM_DATA, 0xbf85);
		ocp_reg_write(tp, OCP_SRAM_DATA, 0x0a02);
		ocp_reg_write(tp, OCP_SRAM_DATA, 0x54b7);
		ocp_reg_write(tp, OCP_SRAM_DATA, 0xbf85);
		ocp_reg_write(tp, OCP_SRAM_DATA, 0x1002);
		ocp_reg_write(tp, OCP_SRAM_DATA, 0x54c0);
		ocp_reg_write(tp, OCP_SRAM_DATA, 0xd400);
		ocp_reg_write(tp, OCP_SRAM_DATA, 0x0fbf);
		ocp_reg_write(tp, OCP_SRAM_DATA, 0x8507);
		ocp_reg_write(tp, OCP_SRAM_DATA, 0x024f);
		ocp_reg_write(tp, OCP_SRAM_DATA, 0x48bf);
		ocp_reg_write(tp, OCP_SRAM_DATA, 0x8504);
		ocp_reg_write(tp, OCP_SRAM_DATA, 0x024f);
		ocp_reg_write(tp, OCP_SRAM_DATA, 0x6759);
		ocp_reg_write(tp, OCP_SRAM_DATA, 0xf0a1);
		ocp_reg_write(tp, OCP_SRAM_DATA, 0x3008);
		ocp_reg_write(tp, OCP_SRAM_DATA, 0xbf85);
		ocp_reg_write(tp, OCP_SRAM_DATA, 0x0d02);
		ocp_reg_write(tp, OCP_SRAM_DATA, 0x54c0);
		ocp_reg_write(tp, OCP_SRAM_DATA, 0xae06);
		ocp_reg_write(tp, OCP_SRAM_DATA, 0xbf85);
		ocp_reg_write(tp, OCP_SRAM_DATA, 0x0d02);
		ocp_reg_write(tp, OCP_SRAM_DATA, 0x54b7);
		ocp_reg_write(tp, OCP_SRAM_DATA, 0xbf85);
		ocp_reg_write(tp, OCP_SRAM_DATA, 0x0402);
		ocp_reg_write(tp, OCP_SRAM_DATA, 0x4f67);
		ocp_reg_write(tp, OCP_SRAM_DATA, 0xa183);
		ocp_reg_write(tp, OCP_SRAM_DATA, 0x02ae);
		ocp_reg_write(tp, OCP_SRAM_DATA, 0x15a1);
		ocp_reg_write(tp, OCP_SRAM_DATA, 0x8502);
		ocp_reg_write(tp, OCP_SRAM_DATA, 0xae10);
		ocp_reg_write(tp, OCP_SRAM_DATA, 0x59f0);
		ocp_reg_write(tp, OCP_SRAM_DATA, 0xa180);
		ocp_reg_write(tp, OCP_SRAM_DATA, 0x16bf);
		ocp_reg_write(tp, OCP_SRAM_DATA, 0x8501);
		ocp_reg_write(tp, OCP_SRAM_DATA, 0x024f);
		ocp_reg_write(tp, OCP_SRAM_DATA, 0x67a1);
		ocp_reg_write(tp, OCP_SRAM_DATA, 0x381b);
		ocp_reg_write(tp, OCP_SRAM_DATA, 0xae0b);
		ocp_reg_write(tp, OCP_SRAM_DATA, 0xe18f);
		ocp_reg_write(tp, OCP_SRAM_DATA, 0xffbf);
		ocp_reg_write(tp, OCP_SRAM_DATA, 0x84fe);
		ocp_reg_write(tp, OCP_SRAM_DATA, 0x024f);
		ocp_reg_write(tp, OCP_SRAM_DATA, 0x48ae);
		ocp_reg_write(tp, OCP_SRAM_DATA, 0x17bf);
		ocp_reg_write(tp, OCP_SRAM_DATA, 0x84fe);
		ocp_reg_write(tp, OCP_SRAM_DATA, 0x0254);
		ocp_reg_write(tp, OCP_SRAM_DATA, 0xb7bf);
		ocp_reg_write(tp, OCP_SRAM_DATA, 0x84fb);
		ocp_reg_write(tp, OCP_SRAM_DATA, 0x0254);
		ocp_reg_write(tp, OCP_SRAM_DATA, 0xb7ae);
		ocp_reg_write(tp, OCP_SRAM_DATA, 0x09a1);
		ocp_reg_write(tp, OCP_SRAM_DATA, 0x5006);
		ocp_reg_write(tp, OCP_SRAM_DATA, 0xbf84);
		ocp_reg_write(tp, OCP_SRAM_DATA, 0xfb02);
		ocp_reg_write(tp, OCP_SRAM_DATA, 0x54c0);
		ocp_reg_write(tp, OCP_SRAM_DATA, 0xaf04);
		ocp_reg_write(tp, OCP_SRAM_DATA, 0x4700);
		ocp_reg_write(tp, OCP_SRAM_DATA, 0xad34);
		ocp_reg_write(tp, OCP_SRAM_DATA, 0xfdad);
		ocp_reg_write(tp, OCP_SRAM_DATA, 0x0670);
		ocp_reg_write(tp, OCP_SRAM_DATA, 0xae14);
		ocp_reg_write(tp, OCP_SRAM_DATA, 0xf0a6);
		ocp_reg_write(tp, OCP_SRAM_DATA, 0x00b8);
		ocp_reg_write(tp, OCP_SRAM_DATA, 0xbd32);
		ocp_reg_write(tp, OCP_SRAM_DATA, 0x30bd);
		ocp_reg_write(tp, OCP_SRAM_DATA, 0x30aa);
		ocp_reg_write(tp, OCP_SRAM_DATA, 0xbd2c);
		ocp_reg_write(tp, OCP_SRAM_DATA, 0xccbd);
		ocp_reg_write(tp, OCP_SRAM_DATA, 0x2ca1);
		ocp_reg_write(tp, OCP_SRAM_DATA, 0x0705);
		ocp_reg_write(tp, OCP_SRAM_DATA, 0xec80);
		ocp_reg_write(tp, OCP_SRAM_DATA, 0xaf40);
		ocp_reg_write(tp, OCP_SRAM_DATA, 0xf7af);
		ocp_reg_write(tp, OCP_SRAM_DATA, 0x40f5);
		ocp_reg_write(tp, OCP_SRAM_DATA, 0xd101);
		ocp_reg_write(tp, OCP_SRAM_DATA, 0xbf85);
		ocp_reg_write(tp, OCP_SRAM_DATA, 0xa402);
		ocp_reg_write(tp, OCP_SRAM_DATA, 0x4f48);
		ocp_reg_write(tp, OCP_SRAM_DATA, 0xbf85);
		ocp_reg_write(tp, OCP_SRAM_DATA, 0xa702);
		ocp_reg_write(tp, OCP_SRAM_DATA, 0x54c0);
		ocp_reg_write(tp, OCP_SRAM_DATA, 0xd10f);
		ocp_reg_write(tp, OCP_SRAM_DATA, 0xbf85);
		ocp_reg_write(tp, OCP_SRAM_DATA, 0xaa02);
		ocp_reg_write(tp, OCP_SRAM_DATA, 0x4f48);
		ocp_reg_write(tp, OCP_SRAM_DATA, 0x024d);
		ocp_reg_write(tp, OCP_SRAM_DATA, 0x6abf);
		ocp_reg_write(tp, OCP_SRAM_DATA, 0x85ad);
		ocp_reg_write(tp, OCP_SRAM_DATA, 0x024f);
		ocp_reg_write(tp, OCP_SRAM_DATA, 0x67bf);
		ocp_reg_write(tp, OCP_SRAM_DATA, 0x8ff7);
		ocp_reg_write(tp, OCP_SRAM_DATA, 0xddbf);
		ocp_reg_write(tp, OCP_SRAM_DATA, 0x85b0);
		ocp_reg_write(tp, OCP_SRAM_DATA, 0x024f);
		ocp_reg_write(tp, OCP_SRAM_DATA, 0x67bf);
		ocp_reg_write(tp, OCP_SRAM_DATA, 0x8ff8);
		ocp_reg_write(tp, OCP_SRAM_DATA, 0xddbf);
		ocp_reg_write(tp, OCP_SRAM_DATA, 0x85b3);
		ocp_reg_write(tp, OCP_SRAM_DATA, 0x024f);
		ocp_reg_write(tp, OCP_SRAM_DATA, 0x67bf);
		ocp_reg_write(tp, OCP_SRAM_DATA, 0x8ff9);
		ocp_reg_write(tp, OCP_SRAM_DATA, 0xddbf);
		ocp_reg_write(tp, OCP_SRAM_DATA, 0x85b6);
		ocp_reg_write(tp, OCP_SRAM_DATA, 0x024f);
		ocp_reg_write(tp, OCP_SRAM_DATA, 0x67bf);
		ocp_reg_write(tp, OCP_SRAM_DATA, 0x8ffa);
		ocp_reg_write(tp, OCP_SRAM_DATA, 0xddd1);
		ocp_reg_write(tp, OCP_SRAM_DATA, 0x00bf);
		ocp_reg_write(tp, OCP_SRAM_DATA, 0x85aa);
		ocp_reg_write(tp, OCP_SRAM_DATA, 0x024f);
		ocp_reg_write(tp, OCP_SRAM_DATA, 0x4802);
		ocp_reg_write(tp, OCP_SRAM_DATA, 0x4d6a);
		ocp_reg_write(tp, OCP_SRAM_DATA, 0xbf85);
		ocp_reg_write(tp, OCP_SRAM_DATA, 0xad02);
		ocp_reg_write(tp, OCP_SRAM_DATA, 0x4f67);
		ocp_reg_write(tp, OCP_SRAM_DATA, 0xbf8f);
		ocp_reg_write(tp, OCP_SRAM_DATA, 0xfbdd);
		ocp_reg_write(tp, OCP_SRAM_DATA, 0xbf85);
		ocp_reg_write(tp, OCP_SRAM_DATA, 0xb002);
		ocp_reg_write(tp, OCP_SRAM_DATA, 0x4f67);
		ocp_reg_write(tp, OCP_SRAM_DATA, 0xbf8f);
		ocp_reg_write(tp, OCP_SRAM_DATA, 0xfcdd);
		ocp_reg_write(tp, OCP_SRAM_DATA, 0xbf85);
		ocp_reg_write(tp, OCP_SRAM_DATA, 0xb302);
		ocp_reg_write(tp, OCP_SRAM_DATA, 0x4f67);
		ocp_reg_write(tp, OCP_SRAM_DATA, 0xbf8f);
		ocp_reg_write(tp, OCP_SRAM_DATA, 0xfddd);
		ocp_reg_write(tp, OCP_SRAM_DATA, 0xbf85);
		ocp_reg_write(tp, OCP_SRAM_DATA, 0xb602);
		ocp_reg_write(tp, OCP_SRAM_DATA, 0x4f67);
		ocp_reg_write(tp, OCP_SRAM_DATA, 0xbf8f);
		ocp_reg_write(tp, OCP_SRAM_DATA, 0xfedd);
		ocp_reg_write(tp, OCP_SRAM_DATA, 0xbf85);
		ocp_reg_write(tp, OCP_SRAM_DATA, 0xa702);
		ocp_reg_write(tp, OCP_SRAM_DATA, 0x54b7);
		ocp_reg_write(tp, OCP_SRAM_DATA, 0xbf85);
		ocp_reg_write(tp, OCP_SRAM_DATA, 0xa102);
		ocp_reg_write(tp, OCP_SRAM_DATA, 0x54b7);
		ocp_reg_write(tp, OCP_SRAM_DATA, 0xaf3c);
		ocp_reg_write(tp, OCP_SRAM_DATA, 0x2066);
		ocp_reg_write(tp, OCP_SRAM_DATA, 0xb800);
		ocp_reg_write(tp, OCP_SRAM_DATA, 0xb8bd);
		ocp_reg_write(tp, OCP_SRAM_DATA, 0x30ee);
		ocp_reg_write(tp, OCP_SRAM_DATA, 0xbd2c);
		ocp_reg_write(tp, OCP_SRAM_DATA, 0xb8bd);
		ocp_reg_write(tp, OCP_SRAM_DATA, 0x7040);
		ocp_reg_write(tp, OCP_SRAM_DATA, 0xbd86);
		ocp_reg_write(tp, OCP_SRAM_DATA, 0xc8bd);
		ocp_reg_write(tp, OCP_SRAM_DATA, 0x8640);
		ocp_reg_write(tp, OCP_SRAM_DATA, 0xbd88);
		ocp_reg_write(tp, OCP_SRAM_DATA, 0xc8bd);
		ocp_reg_write(tp, OCP_SRAM_DATA, 0x8802);
		ocp_reg_write(tp, OCP_SRAM_DATA, 0x1929);
		ocp_reg_write(tp, OCP_SRAM_DATA, 0xa202);
		ocp_reg_write(tp, OCP_SRAM_DATA, 0x02ae);
		ocp_reg_write(tp, OCP_SRAM_DATA, 0x03a2);
		ocp_reg_write(tp, OCP_SRAM_DATA, 0x032e);
		ocp_reg_write(tp, OCP_SRAM_DATA, 0xd10f);
		ocp_reg_write(tp, OCP_SRAM_DATA, 0xbf85);
		ocp_reg_write(tp, OCP_SRAM_DATA, 0xaa02);
		ocp_reg_write(tp, OCP_SRAM_DATA, 0x4f48);
		ocp_reg_write(tp, OCP_SRAM_DATA, 0xe18f);
		ocp_reg_write(tp, OCP_SRAM_DATA, 0xf7bf);
		ocp_reg_write(tp, OCP_SRAM_DATA, 0x85ad);
		ocp_reg_write(tp, OCP_SRAM_DATA, 0x024f);
		ocp_reg_write(tp, OCP_SRAM_DATA, 0x48e1);
		ocp_reg_write(tp, OCP_SRAM_DATA, 0x8ff8);
		ocp_reg_write(tp, OCP_SRAM_DATA, 0xbf85);
		ocp_reg_write(tp, OCP_SRAM_DATA, 0xb002);
		ocp_reg_write(tp, OCP_SRAM_DATA, 0x4f48);
		ocp_reg_write(tp, OCP_SRAM_DATA, 0xe18f);
		ocp_reg_write(tp, OCP_SRAM_DATA, 0xf9bf);
		ocp_reg_write(tp, OCP_SRAM_DATA, 0x85b3);
		ocp_reg_write(tp, OCP_SRAM_DATA, 0x024f);
		ocp_reg_write(tp, OCP_SRAM_DATA, 0x48e1);
		ocp_reg_write(tp, OCP_SRAM_DATA, 0x8ffa);
		ocp_reg_write(tp, OCP_SRAM_DATA, 0xbf85);
		ocp_reg_write(tp, OCP_SRAM_DATA, 0xb602);
		ocp_reg_write(tp, OCP_SRAM_DATA, 0x4f48);
		ocp_reg_write(tp, OCP_SRAM_DATA, 0xae2c);
		ocp_reg_write(tp, OCP_SRAM_DATA, 0xd100);
		ocp_reg_write(tp, OCP_SRAM_DATA, 0xbf85);
		ocp_reg_write(tp, OCP_SRAM_DATA, 0xaa02);
		ocp_reg_write(tp, OCP_SRAM_DATA, 0x4f48);
		ocp_reg_write(tp, OCP_SRAM_DATA, 0xe18f);
		ocp_reg_write(tp, OCP_SRAM_DATA, 0xfbbf);
		ocp_reg_write(tp, OCP_SRAM_DATA, 0x85ad);
		ocp_reg_write(tp, OCP_SRAM_DATA, 0x024f);
		ocp_reg_write(tp, OCP_SRAM_DATA, 0x48e1);
		ocp_reg_write(tp, OCP_SRAM_DATA, 0x8ffc);
		ocp_reg_write(tp, OCP_SRAM_DATA, 0xbf85);
		ocp_reg_write(tp, OCP_SRAM_DATA, 0xb002);
		ocp_reg_write(tp, OCP_SRAM_DATA, 0x4f48);
		ocp_reg_write(tp, OCP_SRAM_DATA, 0xe18f);
		ocp_reg_write(tp, OCP_SRAM_DATA, 0xfdbf);
		ocp_reg_write(tp, OCP_SRAM_DATA, 0x85b3);
		ocp_reg_write(tp, OCP_SRAM_DATA, 0x024f);
		ocp_reg_write(tp, OCP_SRAM_DATA, 0x48e1);
		ocp_reg_write(tp, OCP_SRAM_DATA, 0x8ffe);
		ocp_reg_write(tp, OCP_SRAM_DATA, 0xbf85);
		ocp_reg_write(tp, OCP_SRAM_DATA, 0xb602);
		ocp_reg_write(tp, OCP_SRAM_DATA, 0x4f48);
		ocp_reg_write(tp, OCP_SRAM_DATA, 0xbf86);
		ocp_reg_write(tp, OCP_SRAM_DATA, 0x7e02);
		ocp_reg_write(tp, OCP_SRAM_DATA, 0x4f67);
		ocp_reg_write(tp, OCP_SRAM_DATA, 0xa100);
		ocp_reg_write(tp, OCP_SRAM_DATA, 0x02ae);
		ocp_reg_write(tp, OCP_SRAM_DATA, 0x25a1);
		ocp_reg_write(tp, OCP_SRAM_DATA, 0x041d);
		ocp_reg_write(tp, OCP_SRAM_DATA, 0xe18f);
		ocp_reg_write(tp, OCP_SRAM_DATA, 0xf1bf);
		ocp_reg_write(tp, OCP_SRAM_DATA, 0x8675);
		ocp_reg_write(tp, OCP_SRAM_DATA, 0x024f);
		ocp_reg_write(tp, OCP_SRAM_DATA, 0x48e1);
		ocp_reg_write(tp, OCP_SRAM_DATA, 0x8ff2);
		ocp_reg_write(tp, OCP_SRAM_DATA, 0xbf86);
		ocp_reg_write(tp, OCP_SRAM_DATA, 0x7802);
		ocp_reg_write(tp, OCP_SRAM_DATA, 0x4f48);
		ocp_reg_write(tp, OCP_SRAM_DATA, 0xe18f);
		ocp_reg_write(tp, OCP_SRAM_DATA, 0xf3bf);
		ocp_reg_write(tp, OCP_SRAM_DATA, 0x867b);
		ocp_reg_write(tp, OCP_SRAM_DATA, 0x024f);
		ocp_reg_write(tp, OCP_SRAM_DATA, 0x48ae);
		ocp_reg_write(tp, OCP_SRAM_DATA, 0x29a1);
		ocp_reg_write(tp, OCP_SRAM_DATA, 0x070b);
		ocp_reg_write(tp, OCP_SRAM_DATA, 0xae24);
		ocp_reg_write(tp, OCP_SRAM_DATA, 0xbf86);
		ocp_reg_write(tp, OCP_SRAM_DATA, 0x8102);
		ocp_reg_write(tp, OCP_SRAM_DATA, 0x4f67);
		ocp_reg_write(tp, OCP_SRAM_DATA, 0xad28);
		ocp_reg_write(tp, OCP_SRAM_DATA, 0x1be1);
		ocp_reg_write(tp, OCP_SRAM_DATA, 0x8ff4);
		ocp_reg_write(tp, OCP_SRAM_DATA, 0xbf86);
		ocp_reg_write(tp, OCP_SRAM_DATA, 0x7502);
		ocp_reg_write(tp, OCP_SRAM_DATA, 0x4f48);
		ocp_reg_write(tp, OCP_SRAM_DATA, 0xe18f);
		ocp_reg_write(tp, OCP_SRAM_DATA, 0xf5bf);
		ocp_reg_write(tp, OCP_SRAM_DATA, 0x8678);
		ocp_reg_write(tp, OCP_SRAM_DATA, 0x024f);
		ocp_reg_write(tp, OCP_SRAM_DATA, 0x48e1);
		ocp_reg_write(tp, OCP_SRAM_DATA, 0x8ff6);
		ocp_reg_write(tp, OCP_SRAM_DATA, 0xbf86);
		ocp_reg_write(tp, OCP_SRAM_DATA, 0x7b02);
		ocp_reg_write(tp, OCP_SRAM_DATA, 0x4f48);
		ocp_reg_write(tp, OCP_SRAM_DATA, 0xaf09);
		ocp_reg_write(tp, OCP_SRAM_DATA, 0x8420);
		ocp_reg_write(tp, OCP_SRAM_DATA, 0xbc32);
		ocp_reg_write(tp, OCP_SRAM_DATA, 0x20bc);
		ocp_reg_write(tp, OCP_SRAM_DATA, 0x3e76);
		ocp_reg_write(tp, OCP_SRAM_DATA, 0xbc08);
		ocp_reg_write(tp, OCP_SRAM_DATA, 0xfda6);
		ocp_reg_write(tp, OCP_SRAM_DATA, 0x1a00);
		ocp_reg_write(tp, OCP_SRAM_DATA, 0xb64e);
		ocp_reg_write(tp, OCP_SRAM_DATA, 0xd101);
		ocp_reg_write(tp, OCP_SRAM_DATA, 0xbf85);
		ocp_reg_write(tp, OCP_SRAM_DATA, 0xa402);
		ocp_reg_write(tp, OCP_SRAM_DATA, 0x4f48);
		ocp_reg_write(tp, OCP_SRAM_DATA, 0xbf85);
		ocp_reg_write(tp, OCP_SRAM_DATA, 0xa702);
		ocp_reg_write(tp, OCP_SRAM_DATA, 0x54c0);
		ocp_reg_write(tp, OCP_SRAM_DATA, 0xd10f);
		ocp_reg_write(tp, OCP_SRAM_DATA, 0xbf85);
		ocp_reg_write(tp, OCP_SRAM_DATA, 0xaa02);
		ocp_reg_write(tp, OCP_SRAM_DATA, 0x4f48);
		ocp_reg_write(tp, OCP_SRAM_DATA, 0x024d);
		ocp_reg_write(tp, OCP_SRAM_DATA, 0x6abf);
		ocp_reg_write(tp, OCP_SRAM_DATA, 0x85ad);
		ocp_reg_write(tp, OCP_SRAM_DATA, 0x024f);
		ocp_reg_write(tp, OCP_SRAM_DATA, 0x67bf);
		ocp_reg_write(tp, OCP_SRAM_DATA, 0x8ff7);
		ocp_reg_write(tp, OCP_SRAM_DATA, 0xddbf);
		ocp_reg_write(tp, OCP_SRAM_DATA, 0x85b0);
		ocp_reg_write(tp, OCP_SRAM_DATA, 0x024f);
		ocp_reg_write(tp, OCP_SRAM_DATA, 0x67bf);
		ocp_reg_write(tp, OCP_SRAM_DATA, 0x8ff8);
		ocp_reg_write(tp, OCP_SRAM_DATA, 0xddbf);
		ocp_reg_write(tp, OCP_SRAM_DATA, 0x85b3);
		ocp_reg_write(tp, OCP_SRAM_DATA, 0x024f);
		ocp_reg_write(tp, OCP_SRAM_DATA, 0x67bf);
		ocp_reg_write(tp, OCP_SRAM_DATA, 0x8ff9);
		ocp_reg_write(tp, OCP_SRAM_DATA, 0xddbf);
		ocp_reg_write(tp, OCP_SRAM_DATA, 0x85b6);
		ocp_reg_write(tp, OCP_SRAM_DATA, 0x024f);
		ocp_reg_write(tp, OCP_SRAM_DATA, 0x67bf);
		ocp_reg_write(tp, OCP_SRAM_DATA, 0x8ffa);
		ocp_reg_write(tp, OCP_SRAM_DATA, 0xddd1);
		ocp_reg_write(tp, OCP_SRAM_DATA, 0x00bf);
		ocp_reg_write(tp, OCP_SRAM_DATA, 0x85aa);
		ocp_reg_write(tp, OCP_SRAM_DATA, 0x024f);
		ocp_reg_write(tp, OCP_SRAM_DATA, 0x4802);
		ocp_reg_write(tp, OCP_SRAM_DATA, 0x4d6a);
		ocp_reg_write(tp, OCP_SRAM_DATA, 0xbf85);
		ocp_reg_write(tp, OCP_SRAM_DATA, 0xad02);
		ocp_reg_write(tp, OCP_SRAM_DATA, 0x4f67);
		ocp_reg_write(tp, OCP_SRAM_DATA, 0xbf8f);
		ocp_reg_write(tp, OCP_SRAM_DATA, 0xfbdd);
		ocp_reg_write(tp, OCP_SRAM_DATA, 0xbf85);
		ocp_reg_write(tp, OCP_SRAM_DATA, 0xb002);
		ocp_reg_write(tp, OCP_SRAM_DATA, 0x4f67);
		ocp_reg_write(tp, OCP_SRAM_DATA, 0xbf8f);
		ocp_reg_write(tp, OCP_SRAM_DATA, 0xfcdd);
		ocp_reg_write(tp, OCP_SRAM_DATA, 0xbf85);
		ocp_reg_write(tp, OCP_SRAM_DATA, 0xb302);
		ocp_reg_write(tp, OCP_SRAM_DATA, 0x4f67);
		ocp_reg_write(tp, OCP_SRAM_DATA, 0xbf8f);
		ocp_reg_write(tp, OCP_SRAM_DATA, 0xfddd);
		ocp_reg_write(tp, OCP_SRAM_DATA, 0xbf85);
		ocp_reg_write(tp, OCP_SRAM_DATA, 0xb602);
		ocp_reg_write(tp, OCP_SRAM_DATA, 0x4f67);
		ocp_reg_write(tp, OCP_SRAM_DATA, 0xbf8f);
		ocp_reg_write(tp, OCP_SRAM_DATA, 0xfedd);
		ocp_reg_write(tp, OCP_SRAM_DATA, 0xbf85);
		ocp_reg_write(tp, OCP_SRAM_DATA, 0xa702);
		ocp_reg_write(tp, OCP_SRAM_DATA, 0x54b7);
		ocp_reg_write(tp, OCP_SRAM_DATA, 0xaf00);
		ocp_reg_write(tp, OCP_SRAM_DATA, 0x8800);
		sram_write(tp, 0xb818, 0x38b8);
		sram_write(tp, 0xb81a, 0x0444);
		sram_write(tp, 0xb81c, 0x40ee);
		sram_write(tp, 0xb81e, 0x3C1A);
		sram_write(tp, 0xb850, 0x0981);
		sram_write(tp, 0xb852, 0x0085);
		sram_write(tp, 0xb878, 0xffff);
		sram_write(tp, 0xb884, 0xffff);
		sram_write(tp, 0xb832, 0x003f);

		rtl_post_ram_code(tp, 0x8024, !power_cut);
	} else {
		rtl_ram_code_speed_up(tp, !power_cut);
	}

	rtl_reset_ocp_base(tp);
}

void r8156_patch_code(struct r8152 *tp)
{
	if (tp->version == RTL_VER_11) {
		static u8 usb_patch3_b[] = {
			0x10, 0xe0, 0x12, 0xe0,
			0x33, 0xe0, 0x7d, 0xe0,
			0x92, 0xe0, 0xae, 0xe0,
			0xce, 0xe0, 0x23, 0xe1,
			0x3f, 0xe1, 0x58, 0xe1,
			0x84, 0xe1, 0xca, 0xe1,
			0xd9, 0xe1, 0xeb, 0xe1,
			0x02, 0xe2, 0xe0, 0xe2,
			0x02, 0xc0, 0x00, 0xb8,
			0xf0, 0x4b, 0x1c, 0xc6,
			0xc0, 0x61, 0x04, 0x11,
			0x15, 0xf1, 0x19, 0xc6,
			0xc0, 0x61, 0x9c, 0x20,
			0x9c, 0x24, 0x09, 0x11,
			0x0f, 0xf1, 0x14, 0xc6,
			0x01, 0x19, 0xc0, 0x89,
			0x13, 0xc1, 0x13, 0xc6,
			0x24, 0x9e, 0x00, 0x1e,
			0x26, 0x8e, 0x26, 0x76,
			0xef, 0x49, 0xfe, 0xf1,
			0x22, 0x76, 0x08, 0xc1,
			0x22, 0x9e, 0x07, 0xc6,
			0x02, 0xc1, 0x00, 0xb9,
			0x9e, 0x09, 0x18, 0xb4,
			0x4a, 0xb4, 0x90, 0xcc,
			0x80, 0xd4, 0x08, 0xdc,
			0x10, 0xe8, 0x28, 0xe8,
			0x23, 0xc7, 0x21, 0xc2,
			0xec, 0x9a, 0x00, 0x19,
			0xee, 0x89, 0xee, 0x71,
			0x9f, 0x49, 0xfe, 0xf1,
			0xea, 0x71, 0x9f, 0x49,
			0x14, 0xf0, 0x1a, 0xc2,
			0xec, 0x9a, 0x00, 0x19,
			0xe8, 0x99, 0x81, 0x19,
			0xee, 0x89, 0xee, 0x71,
			0x9f, 0x49, 0xfe, 0xf1,
			0x12, 0xc2, 0xec, 0x9a,
			0x00, 0x19, 0x98, 0x20,
			0xe8, 0x99, 0x82, 0x19,
			0xee, 0x89, 0xee, 0x71,
			0x9f, 0x49, 0xfe, 0xf1,
			0x06, 0xc3, 0x02, 0xc2,
			0x00, 0xba, 0x3e, 0x29,
			0x4c, 0xe8, 0x00, 0xdc,
			0x00, 0xd4, 0x24, 0xe4,
			0x04, 0xe4, 0x00, 0xb4,
			0x04, 0xb4, 0x05, 0xb4,
			0x06, 0xb4, 0x51, 0xc0,
			0x00, 0x75, 0xd9, 0x49,
			0x17, 0xf0, 0x30, 0xc0,
			0xf6, 0xc5, 0x00, 0x1e,
			0x68, 0x23, 0x08, 0x9e,
			0x0c, 0x9d, 0x82, 0x1c,
			0x0e, 0x8c, 0x0e, 0x74,
			0xcf, 0x49, 0xfe, 0xf1,
			0x25, 0xc0, 0xeb, 0xc5,
			0x11, 0x1e, 0x68, 0x23,
			0x08, 0x9e, 0x0c, 0x9d,
			0x82, 0x1c, 0x0e, 0x8c,
			0x0e, 0x74, 0xcf, 0x49,
			0xfe, 0xf1, 0x06, 0xb0,
			0x05, 0xb0, 0x04, 0xb0,
			0x00, 0xb0, 0x80, 0xff,
			0x32, 0xc0, 0x00, 0x75,
			0xd8, 0x49, 0x0d, 0xf0,
			0x11, 0xc0, 0xd6, 0xc5,
			0x00, 0x1e, 0x08, 0x9e,
			0x73, 0xc6, 0x0a, 0x9e,
			0x0c, 0x9d, 0x8f, 0x1c,
			0x0e, 0x8c, 0x0e, 0x74,
			0xcf, 0x49, 0xfe, 0xf1,
			0x04, 0xc0, 0x02, 0xc1,
			0x00, 0xb9, 0x00, 0x1d,
			0x20, 0xd4, 0x00, 0xdc,
			0xc7, 0xef, 0x1b, 0xc0,
			0x00, 0x75, 0xd8, 0x48,
			0x00, 0x9d, 0xbe, 0xc7,
			0x15, 0xc2, 0xec, 0x9a,
			0x00, 0x19, 0xe8, 0x9a,
			0x81, 0x19, 0xee, 0x89,
			0xee, 0x71, 0x9f, 0x49,
			0xfe, 0xf1, 0x2e, 0xc1,
			0xec, 0x99, 0x81, 0x19,
			0xee, 0x89, 0xee, 0x71,
			0x9f, 0x49, 0xfe, 0xf1,
			0x04, 0xc3, 0x02, 0xc2,
			0x00, 0xba, 0x3a, 0x27,
			0xc0, 0xd4, 0x24, 0xe4,
			0x34, 0xd3, 0xc0, 0x88,
			0x1e, 0xc6, 0xc0, 0x70,
			0x8f, 0x49, 0x0e, 0xf0,
			0x8f, 0x48, 0x3f, 0xc6,
			0xca, 0x98, 0x11, 0x18,
			0xc8, 0x98, 0x16, 0xc0,
			0xcc, 0x98, 0x8f, 0x18,
			0xce, 0x88, 0xce, 0x70,
			0x8f, 0x49, 0xfe, 0xf1,
			0x0b, 0xe0, 0x33, 0xc6,
			0x00, 0x18, 0xc8, 0x98,
			0x0b, 0xc0, 0xcc, 0x98,
			0x81, 0x18, 0xce, 0x88,
			0xce, 0x70, 0x8f, 0x49,
			0xfe, 0xf1, 0x02, 0xc0,
			0x00, 0xb8, 0xbc, 0x21,
			0x40, 0xd3, 0x20, 0xe4,
			0x29, 0xc0, 0x01, 0x66,
			0x05, 0x16, 0x3e, 0xf0,
			0x25, 0x16, 0x40, 0xf0,
			0x09, 0x16, 0x23, 0xf0,
			0x16, 0xe0, 0x1a, 0xc2,
			0x40, 0x76, 0xe1, 0x48,
			0x40, 0x9e, 0x17, 0xc2,
			0x00, 0x1e, 0x48, 0x9e,
			0xef, 0xc6, 0x4c, 0x9e,
			0x81, 0x1e, 0x4e, 0x8e,
			0x4e, 0x76, 0xef, 0x49,
			0xfe, 0xf1, 0x0b, 0xc6,
			0x4c, 0x9e, 0x81, 0x1e,
			0x4e, 0x8e, 0x4e, 0x76,
			0xef, 0x49, 0xfe, 0xf1,
			0x90, 0x49, 0x02, 0xc7,
			0x00, 0xbf, 0x64, 0x39,
			0x24, 0xe4, 0x34, 0xd3,
			0x00, 0xdc, 0x00, 0xdc,
			0x24, 0xe4, 0x80, 0x02,
			0x34, 0xd3, 0x80, 0xc3,
			0xf9, 0xc2, 0x40, 0x76,
			0xe1, 0x48, 0x40, 0x9e,
			0xf6, 0xc2, 0x00, 0x1e,
			0x48, 0x9e, 0xce, 0xc6,
			0x4c, 0x9e, 0x81, 0x1e,
			0x4e, 0x8e, 0x4e, 0x76,
			0xef, 0x49, 0xfe, 0xf1,
			0xea, 0xc6, 0x4c, 0x9e,
			0x81, 0x1e, 0x4e, 0x8e,
			0x4e, 0x76, 0xef, 0x49,
			0xfe, 0xf1, 0xdf, 0xe7,
			0x40, 0xd4, 0xff, 0xc2,
			0x4c, 0x73, 0xbf, 0x49,
			0xc5, 0xf0, 0xe3, 0xc6,
			0xc0, 0x75, 0xd1, 0x49,
			0xd6, 0xf0, 0xdc, 0xc0,
			0xdc, 0xc6, 0x0c, 0x9e,
			0x00, 0x1e, 0x08, 0x9e,
			0xd9, 0xc6, 0x0a, 0x9e,
			0x8f, 0x1e, 0x0e, 0x8e,
			0x0e, 0x76, 0xef, 0x49,
			0xfe, 0xf1, 0xc9, 0xe7,
			0x1a, 0xc6, 0xc0, 0x67,
			0xf0, 0x49, 0x13, 0xf0,
			0xf0, 0x48, 0xc0, 0x8f,
			0xc2, 0x77, 0x14, 0xc1,
			0x14, 0xc6, 0x24, 0x9e,
			0x22, 0x9f, 0x8c, 0x1e,
			0x26, 0x8e, 0x26, 0x76,
			0xef, 0x49, 0xfe, 0xf1,
			0xfb, 0x49, 0x05, 0xf0,
			0x07, 0xc6, 0xc0, 0x61,
			0x10, 0x48, 0xc0, 0x89,
			0x02, 0xc6, 0x00, 0xbe,
			0x96, 0x52, 0x6c, 0xb4,
			0x90, 0xcc, 0x08, 0xdc,
			0x10, 0xe8, 0x16, 0xef,
			0x18, 0xc0, 0x00, 0x72,
			0xa8, 0x49, 0x0d, 0xf0,
			0x11, 0xc0, 0x11, 0xc2,
			0x00, 0x19, 0x08, 0x99,
			0x0c, 0x9a, 0x0e, 0xc1,
			0x0a, 0x99, 0x8f, 0x1b,
			0x0e, 0x8b, 0x0e, 0x73,
			0xbf, 0x49, 0xfe, 0xf1,
			0x04, 0xc0, 0x02, 0xc2,
			0x00, 0xba, 0x64, 0x62,
			0x02, 0xcf, 0x00, 0xdc,
			0x24, 0xe4, 0x80, 0x02,
			0x34, 0xd3, 0x2c, 0xc3,
			0x60, 0x70, 0x80, 0x49,
			0xfd, 0xf0, 0x27, 0xc3,
			0x66, 0x60, 0x80, 0x48,
			0x02, 0x48, 0x66, 0x88,
			0x00, 0x48, 0x82, 0x48,
			0x66, 0x88, 0x1b, 0xc3,
			0x60, 0x70, 0x17, 0xc4,
			0x88, 0x98, 0x14, 0xc0,
			0x8c, 0x98, 0x83, 0x18,
			0x8e, 0x88, 0x8e, 0x70,
			0x8f, 0x49, 0xfe, 0xf1,
			0x62, 0x70, 0x8a, 0x98,
			0x0d, 0xc0, 0x8c, 0x98,
			0x84, 0x18, 0x8e, 0x88,
			0x8e, 0x70, 0x8f, 0x49,
			0xfe, 0xf1, 0x08, 0xc3,
			0x02, 0xc4, 0x00, 0xbc,
			0x68, 0x0f, 0x6c, 0xe9,
			0x00, 0xdc, 0x50, 0xe8,
			0x30, 0xc1, 0x36, 0xd3,
			0x80, 0x10, 0x00, 0x00,
			0x80, 0xd4, 0x26, 0xd8,
			0x44, 0xc2, 0x4a, 0x41,
			0x94, 0x20, 0x42, 0xc0,
			0x16, 0x00, 0x00, 0x73,
			0x40, 0xc4, 0x5c, 0x41,
			0x8b, 0x41, 0x0b, 0x18,
			0x38, 0xc6, 0xc0, 0x88,
			0xc1, 0x99, 0x21, 0xe8,
			0x35, 0xc0, 0x00, 0x73,
			0xbd, 0x48, 0x0d, 0x18,
			0x30, 0xc6, 0xc0, 0x88,
			0xc1, 0x9b, 0x19, 0xe8,
			0x2d, 0xc0, 0x02, 0x73,
			0x35, 0x48, 0x0e, 0x18,
			0x28, 0xc6, 0xc0, 0x88,
			0xc1, 0x9b, 0x11, 0xe8,
			0xdf, 0xc3, 0xdd, 0xc6,
			0x01, 0x03, 0x1e, 0x40,
			0xfe, 0xf1, 0x20, 0xc0,
			0x02, 0x73, 0xb5, 0x48,
			0x0e, 0x18, 0x1b, 0xc6,
			0xc0, 0x88, 0xc1, 0x9b,
			0x04, 0xe8, 0x02, 0xc6,
			0x00, 0xbe, 0xb6, 0x10,
			0x00, 0xb4, 0x01, 0xb4,
			0x02, 0xb4, 0x03, 0xb4,
			0x10, 0xc3, 0x0e, 0xc2,
			0x61, 0x71, 0x40, 0x99,
			0x60, 0x60, 0x0e, 0x48,
			0x42, 0x98, 0x42, 0x70,
			0x8e, 0x49, 0xfe, 0xf1,
			0x03, 0xb0, 0x02, 0xb0,
			0x01, 0xb0, 0x00, 0xb0,
			0x80, 0xff, 0xc0, 0xd4,
			0x8f, 0xcb, 0xaa, 0xc7,
			0x1e, 0x00, 0x90, 0xc7,
			0x1f, 0xfe, 0x0a, 0x10,
			0x0c, 0xf0, 0x0b, 0x10,
			0x0a, 0xf0, 0x0d, 0x10,
			0x08, 0xf0, 0x0e, 0x10,
			0x06, 0xf0, 0x24, 0x10,
			0x04, 0xf0, 0x02, 0xc7,
			0x00, 0xbf, 0x58, 0x11,
			0x02, 0xc7, 0x00, 0xbf,
			0x62, 0x11, 0xec, 0xc0,
			0x02, 0x75, 0xd5, 0x48,
			0x0e, 0x18, 0xe7, 0xc6,
			0xc0, 0x88, 0xc1, 0x9d,
			0xd0, 0xef, 0xe4, 0xc0,
			0x02, 0x75, 0x55, 0x48,
			0x0e, 0x18, 0xdf, 0xc6,
			0xc0, 0x88, 0xc1, 0x9d,
			0xc8, 0xef, 0x02, 0xc7,
			0x00, 0xbf, 0x8e, 0x11,
			0x16, 0xc0, 0xbb, 0x21,
			0xb9, 0x25, 0x00, 0x71,
			0x13, 0xc2, 0x4a, 0x41,
			0x8b, 0x41, 0x24, 0x18,
			0xd0, 0xc6, 0xc0, 0x88,
			0xc1, 0x99, 0xb9, 0xef,
			0x0a, 0xc0, 0x08, 0x71,
			0x28, 0x18, 0xc9, 0xc6,
			0xc0, 0x88, 0xc1, 0x99,
			0xb2, 0xef, 0x02, 0xc0,
			0x00, 0xb8, 0x3c, 0x11,
			0xd8, 0xc7, 0x83, 0xff,
			0x01, 0xb4, 0x02, 0xb4,
			0x03, 0xb4, 0x04, 0xb4,
			0x05, 0xb4, 0x44, 0xc4,
			0x45, 0xc0, 0x48, 0xc1,
			0x81, 0x1b, 0xce, 0xe8,
			0x46, 0xc0, 0x44, 0xc2,
			0x84, 0x1b, 0xca, 0xe8,
			0x59, 0xc0, 0x00, 0x1b,
			0xc7, 0xe8, 0x80, 0x65,
			0xdb, 0x22, 0xdd, 0x26,
			0x03, 0x15, 0x12, 0xf1,
			0x4e, 0xc0, 0x37, 0xc1,
			0x81, 0x1b, 0xbe, 0xe8,
			0x4b, 0xc0, 0x32, 0xc1,
			0x88, 0x1b, 0xba, 0xe8,
			0x48, 0xc0, 0x49, 0xc1,
			0x81, 0x1b, 0xb6, 0xe8,
			0x04, 0x00, 0x46, 0xc1,
			0x46, 0xc2, 0x8f, 0x1b,
			0xb1, 0xe8, 0x25, 0xc0,
			0x29, 0xc1, 0x2b, 0xc2,
			0x8f, 0x1b, 0xac, 0xe8,
			0x04, 0x00, 0x3e, 0xc1,
			0x27, 0xc2, 0xa8, 0xe8,
			0x04, 0x00, 0x2b, 0xc1,
			0x2b, 0xc2, 0xa4, 0xe8,
			0x04, 0x00, 0x29, 0xc1,
			0x2b, 0xc2, 0xa0, 0xe8,
			0x04, 0x00, 0x26, 0xc1,
			0x26, 0xc2, 0x9c, 0xe8,
			0x04, 0x00, 0x24, 0xc1,
			0x21, 0xc2, 0x98, 0xe8,
			0x04, 0x00, 0x21, 0xc1,
			0x1f, 0xc2, 0x94, 0xe8,
			0x04, 0x00, 0x1a, 0xc1,
			0x1d, 0xc2, 0x90, 0xe8,
			0x3d, 0xe0, 0x08, 0xdc,
			0x3c, 0xe8, 0x14, 0xe8,
			0x00, 0xf8, 0x00, 0x40,
			0x00, 0x00, 0x01, 0x00,
			0x9a, 0xd3, 0x04, 0xe0,
			0x02, 0xe0, 0x0b, 0xe0,
			0x0c, 0xe0, 0x25, 0xe0,
			0xef, 0x1f, 0xa8, 0x8f,
			0x02, 0xc7, 0x00, 0xbf,
			0x76, 0x15, 0x66, 0x15,
			0xa0, 0x49, 0x05, 0xf1,
			0xa4, 0x49, 0x00, 0xbe,
			0xca, 0x1a, 0x02, 0xc6,
			0xe0, 0x1a, 0xce, 0x13,
			0x80, 0xe0, 0xcb, 0xe0,
			0xe0, 0xe8, 0x28, 0xdc,
			0x13, 0x00, 0x08, 0x11,
			0x42, 0x80, 0x0e, 0xe0,
			0x06, 0xb4, 0x84, 0x76,
			0x31, 0x40, 0x82, 0x71,
			0x0c, 0xe8, 0x81, 0x24,
			0x1f, 0x48, 0x84, 0x99,
			0x08, 0xe8, 0x80, 0x49,
			0x03, 0xf1, 0x80, 0x71,
			0x80, 0xff, 0x85, 0x61,
			0x96, 0x24, 0xfd, 0xf1,
			0x06, 0xb0, 0x00, 0x11,
			0x6c, 0x0f, 0x34, 0x1c,
			0x28, 0xfc, 0x38, 0xfc,
			0x0f, 0x00, 0xc8, 0x1a,
			0xbe, 0x13, 0x04, 0x00,
			0xe6, 0xc1, 0xea, 0xc2,
			0x4f, 0xe8, 0x04, 0x00,
			0xe3, 0xc1, 0xe3, 0xc2,
			0x4b, 0xe8, 0x04, 0x00,
			0xe8, 0xc1, 0xe0, 0xc2,
			0x47, 0xe8, 0x04, 0x00,
			0xc1, 0xc1, 0xdd, 0xc2,
			0x43, 0xe8, 0x04, 0x00,
			0xdb, 0xc1, 0xdb, 0xc2,
			0x3f, 0xe8, 0x04, 0x00,
			0xd9, 0xc1, 0xd9, 0xc2,
			0x3b, 0xe8, 0x04, 0x00,
			0xd7, 0xc1, 0xd7, 0xc2,
			0x37, 0xe8, 0x04, 0x00,
			0xd5, 0xc1, 0xaf, 0xc2,
			0x33, 0xe8, 0x04, 0x00,
			0xc9, 0xc1, 0xd5, 0xc2,
			0x2f, 0xe8, 0x04, 0x00,
			0xce, 0xc1, 0xce, 0xc2,
			0x2b, 0xe8, 0x04, 0x00,
			0xcc, 0xc1, 0xce, 0xc2,
			0x27, 0xe8, 0x04, 0x00,
			0xc9, 0xc1, 0xc5, 0xc2,
			0x23, 0xe8, 0x04, 0x00,
			0xa0, 0xc1, 0xa0, 0xc2,
			0x1f, 0xe8, 0x04, 0x00,
			0x9e, 0xc1, 0x9e, 0xc2,
			0x1b, 0xe8, 0x04, 0x00,
			0x9c, 0xc1, 0x83, 0x1b,
			0x17, 0xe8, 0xbf, 0xc0,
			0xc1, 0xc1, 0xc1, 0xc2,
			0x8f, 0x1b, 0x12, 0xe8,
			0x04, 0x00, 0xb8, 0xc1,
			0x93, 0xc2, 0x8f, 0x1b,
			0x0d, 0xe8, 0xb6, 0xc0,
			0xb6, 0xc1, 0x81, 0x1b,
			0x09, 0xe8, 0x05, 0xb0,
			0x04, 0xb0, 0x03, 0xb0,
			0x02, 0xb0, 0x01, 0xb0,
			0x60, 0x70, 0xa9, 0xc3,
			0x00, 0xbb, 0x84, 0x98,
			0x80, 0x99, 0x82, 0x9a,
			0x86, 0x8b, 0x86, 0x75,
			0xdf, 0x49, 0xfe, 0xf1,
			0x80, 0xff, 0x3b, 0xc0,
			0x3b, 0xc1, 0x00, 0x70,
			0x08, 0x40, 0x34, 0xf1,
			0x38, 0xc0, 0x38, 0xc1,
			0x0c, 0x99, 0x00, 0x19,
			0x0e, 0x89, 0x0e, 0x71,
			0x9f, 0x49, 0xfe, 0xf1,
			0x0a, 0x71, 0x9a, 0x48,
			0x0a, 0x99, 0x8f, 0x19,
			0x0e, 0x89, 0x0e, 0x71,
			0x9f, 0x49, 0xfe, 0xf1,
			0x2a, 0xc0, 0x00, 0x71,
			0x90, 0x48, 0x00, 0x99,
			0x27, 0xc0, 0x00, 0x71,
			0x13, 0x48, 0x00, 0x99,
			0x20, 0xc0, 0x20, 0xc1,
			0x0c, 0x99, 0x00, 0x19,
			0x0e, 0x89, 0x0e, 0x71,
			0x9f, 0x49, 0xfe, 0xf1,
			0x0a, 0x71, 0x9b, 0x48,
			0x0a, 0x99, 0x8f, 0x19,
			0x0e, 0x89, 0x0e, 0x71,
			0x9f, 0x49, 0xfe, 0xf1,
			0x12, 0xc0, 0x00, 0x71,
			0x10, 0x48, 0x00, 0x99,
			0x0f, 0xc0, 0x00, 0x71,
			0x93, 0x48, 0x00, 0x99,
			0x06, 0xc0, 0x00, 0x19,
			0x00, 0x99, 0x09, 0xc7,
			0x09, 0xc5, 0x00, 0xbd,
			0x80, 0xd2, 0x86, 0x64,
			0x00, 0xdc, 0x10, 0xe8,
			0xb0, 0xd4, 0x06, 0xd4,
			0xc0, 0xd4, 0x72, 0x14};
		static u8 pla_patch11[] = {
			0x05, 0xe0, 0x0a, 0xe0,
			0x38, 0xe0, 0x3a, 0xe0,
			0x57, 0xe0, 0x05, 0xc2,
			0x40, 0x76, 0x02, 0xc4,
			0x00, 0xbc, 0xd6, 0x0b,
			0x1e, 0xfc, 0x29, 0xc5,
			0xa0, 0x77, 0x2b, 0xc4,
			0xa0, 0x9c, 0x26, 0xc5,
			0xa0, 0x64, 0x01, 0x14,
			0x0b, 0xf0, 0x02, 0x14,
			0x09, 0xf0, 0x01, 0x07,
			0xf1, 0x49, 0x06, 0xf0,
			0x21, 0xc7, 0xe0, 0x8e,
			0x11, 0x1e, 0xe0, 0x8e,
			0x14, 0xe0, 0x17, 0xc5,
			0x00, 0x1f, 0xa0, 0x9f,
			0x13, 0xc5, 0xa0, 0x77,
			0xa0, 0x74, 0x46, 0x48,
			0x47, 0x48, 0xa0, 0x9c,
			0x11, 0xc5, 0xa0, 0x74,
			0x44, 0x48, 0x43, 0x48,
			0xa0, 0x9c, 0x08, 0xc5,
			0xa0, 0x9f, 0x02, 0xc5,
			0x00, 0xbd, 0xea, 0x03,
			0x02, 0xc5, 0x00, 0xbd,
			0xf6, 0x03, 0x1c, 0xe8,
			0xaa, 0xd3, 0x08, 0xb7,
			0x6c, 0xe8, 0x20, 0xe8,
			0x00, 0xa0, 0x38, 0xe4,
			0x02, 0xc5, 0x00, 0xbd,
			0xcc, 0x06, 0xd4, 0x49,
			0x17, 0xf0, 0x19, 0xc5,
			0xa4, 0x64, 0xc1, 0x49,
			0x07, 0xf1, 0x16, 0xc5,
			0xa0, 0x64, 0xc7, 0x48,
			0x46, 0x48, 0xa0, 0x8c,
			0x06, 0xe0, 0x10, 0xc5,
			0xa0, 0x64, 0x47, 0x48,
			0xc6, 0x48, 0xa0, 0x8c,
			0x0c, 0xc7, 0xe0, 0x8e,
			0x11, 0x1e, 0xe0, 0x8e,
			0x02, 0xc7, 0x00, 0xbf,
			0x88, 0x04, 0x02, 0xc7,
			0x00, 0xbf, 0xbe, 0x03,
			0x5c, 0xdc, 0xf0, 0xd3,
			0x20, 0xe4, 0xd2, 0x49,
			0x08, 0xf1, 0xd3, 0x49,
			0x55, 0xf1, 0xd4, 0x49,
			0x1e, 0xf1, 0xd5, 0x49,
			0x45, 0xf1, 0x4d, 0xe0,
			0x5a, 0xc7, 0xe0, 0x72,
			0xa0, 0x49, 0x05, 0xf0,
			0x54, 0xc7, 0xe0, 0x72,
			0xaf, 0x49, 0x0e, 0xf1,
			0x53, 0xc7, 0xff, 0x1a,
			0xe0, 0x9a, 0x51, 0xc2,
			0xe4, 0x9a, 0x50, 0xc2,
			0xe6, 0x9a, 0x01, 0x1a,
			0xe0, 0x9a, 0x4d, 0xc2,
			0xe4, 0x9a, 0x4a, 0xc2,
			0xe6, 0x9a, 0x44, 0xc7,
			0xe5, 0x8e, 0x00, 0x1d,
			0xe5, 0x8d, 0x30, 0xe0,
			0x38, 0xc7, 0xe0, 0x75,
			0xda, 0x49, 0x1f, 0xf0,
			0x35, 0xc7, 0xe0, 0x75,
			0xdc, 0x49, 0x1b, 0xf1,
			0x32, 0xc7, 0xe0, 0x75,
			0xd5, 0x49, 0x17, 0xf0,
			0x39, 0xc7, 0xe0, 0x75,
			0xd8, 0x48, 0xd9, 0x48,
			0xda, 0x48, 0xdb, 0x48,
			0xe0, 0x9d, 0x2a, 0xc7,
			0xe0, 0x75, 0xdb, 0x49,
			0x03, 0xf1, 0xde, 0x49,
			0x0d, 0xf0, 0x22, 0xc7,
			0xe4, 0x75, 0xd0, 0x49,
			0x09, 0xf1, 0x1f, 0xc5,
			0xe6, 0x9d, 0x11, 0x1d,
			0xe4, 0x8d, 0x04, 0xe0,
			0x19, 0xc7, 0x00, 0x1d,
			0xe4, 0x8d, 0xe0, 0x8e,
			0x11, 0x1d, 0xe0, 0x8d,
			0x07, 0xe0, 0x0f, 0xc7,
			0xe0, 0x75, 0xda, 0x48,
			0xe0, 0x9d, 0x0e, 0xc7,
			0xe4, 0x8e, 0x02, 0xc4,
			0x00, 0xbc, 0xd6, 0x03,
			0x02, 0xc4, 0x00, 0xbc,
			0xc2, 0x03, 0x02, 0xc4,
			0x00, 0xbc, 0x5a, 0x04,
			0x12, 0xe8, 0x4e, 0xe8,
			0x08, 0xe9, 0x20, 0xe4,
			0x80, 0x02, 0x9a, 0xc0,
			0x4e, 0xe8, 0x00, 0xe4,
			0x10, 0xe0, 0xe0, 0xe8,
			0x80, 0x11, 0x02, 0x80,
			0x30, 0x10, 0xb4, 0xc0};
		u8 new_ver;

		rtl_fw_ver_erase(tp);

		new_ver = 7;
		if (rtl_check_fw_ver_ok(tp, USB_FW_USB_VER, new_ver)) {
			rtl_clear_bp(tp, MCU_TYPE_USB);

			generic_ocp_write(tp, 0xe600, 0xff,
					  sizeof(usb_patch3_b), usb_patch3_b,
					  MCU_TYPE_USB);

			ocp_write_word(tp, MCU_TYPE_USB, USB_BP_BA, 0xa000);
			ocp_write_word(tp, MCU_TYPE_USB, USB_BP_0, 0x39d4);
			ocp_write_word(tp, MCU_TYPE_USB, USB_BP_1, 0x099c);
			ocp_write_word(tp, MCU_TYPE_USB, USB_BP_2, 0x293c);
			ocp_write_word(tp, MCU_TYPE_USB, USB_BP_3, 0x1cfe);
			ocp_write_word(tp, MCU_TYPE_USB, USB_BP_4, 0x2738);
			ocp_write_word(tp, MCU_TYPE_USB, USB_BP_5, 0x21ba);
			ocp_write_word(tp, MCU_TYPE_USB, USB_BP_6, 0x3962);
			ocp_write_word(tp, MCU_TYPE_USB, USB_BP_7, 0x51ba);
			ocp_write_word(tp, MCU_TYPE_USB, USB_BP_8, 0x6262);
			ocp_write_word(tp, MCU_TYPE_USB, USB_BP_9, 0x0f66);
			ocp_write_word(tp, MCU_TYPE_USB, USB_BP_10, 0x1098);
			ocp_write_word(tp, MCU_TYPE_USB, USB_BP_11, 0x1148);
			ocp_write_word(tp, MCU_TYPE_USB, USB_BP_12, 0x116c);
			ocp_write_word(tp, MCU_TYPE_USB, USB_BP_13, 0x10e0);
			ocp_write_word(tp, MCU_TYPE_USB, USB_BP_14, 0x0f6a);
			ocp_write_word(tp, MCU_TYPE_USB, USB_BP_15, 0x0000);
			ocp_write_word(tp, MCU_TYPE_USB, USB_BP2_EN, 0x7fff);
			ocp_write_byte(tp, MCU_TYPE_USB, USB_FW_USB_VER,
				       new_ver);
		}

		ocp_word_set_bits(tp, MCU_TYPE_USB, USB_FW_FIX_EN1,
				  FW_IP_RESET_EN);

		ocp_write_dword(tp, MCU_TYPE_USB, USB_UPHY3_MDCMDIO, 0x4026840e);
		ocp_write_dword(tp, MCU_TYPE_USB, USB_UPHY3_MDCMDIO, 0x4001acc9);

		new_ver = 6;
		if (rtl_check_fw_ver_ok(tp, USB_FW_PLA_VER, new_ver)) {
			rtl_clear_bp(tp, MCU_TYPE_PLA);

			generic_ocp_write(tp, 0xf800, 0xff, sizeof(pla_patch11),
					  pla_patch11, MCU_TYPE_PLA);

			ocp_write_word(tp, MCU_TYPE_PLA, PLA_BP_BA, 0x8000);
			ocp_write_word(tp, MCU_TYPE_PLA, PLA_BP_0, 0x0bc2);
			ocp_write_word(tp, MCU_TYPE_PLA, PLA_BP_1, 0x03e0);
			ocp_write_word(tp, MCU_TYPE_PLA, PLA_BP_2, 0x06b8);
			ocp_write_word(tp, MCU_TYPE_PLA, PLA_BP_3, 0x03ba);
			ocp_write_word(tp, MCU_TYPE_PLA, PLA_BP_4, 0x03b2);
			ocp_write_word(tp, MCU_TYPE_PLA, PLA_BP_5, 0x0000);
			ocp_write_word(tp, MCU_TYPE_PLA, PLA_BP_6, 0x0000);
			ocp_write_word(tp, MCU_TYPE_PLA, PLA_BP_7, 0x0000);
			ocp_write_word(tp, MCU_TYPE_PLA, PLA_BP_EN, 0x0017);
			ocp_write_byte(tp, MCU_TYPE_USB, USB_FW_PLA_VER,
				       new_ver);
		}
	} else if (tp->version == RTL_VER_12) {
		static u8 usb_patch4_a[] = {
			0x10, 0xe0, 0x38, 0xe0,
			0x4e, 0xe0, 0x8b, 0xe0,
			0xc1, 0xe0, 0xcd, 0xe0,
			0xd5, 0xe0, 0xed, 0xe0,
			0xf9, 0xe0, 0xfb, 0xe0,
			0xfd, 0xe0, 0xff, 0xe0,
			0x01, 0xe1, 0x03, 0xe1,
			0x05, 0xe1, 0x07, 0xe1,
			0x22, 0xc2, 0x4a, 0x41,
			0x91, 0x20, 0x20, 0xc0,
			0x16, 0x00, 0x00, 0x73,
			0x1e, 0xc4, 0x5c, 0x41,
			0x8b, 0x41, 0x1a, 0xc0,
			0x1a, 0x00, 0x00, 0x73,
			0xbd, 0x48, 0x0d, 0x18,
			0x17, 0xc6, 0xc0, 0x88,
			0xc1, 0x9b, 0x15, 0xe8,
			0x0b, 0x18, 0x12, 0xc6,
			0xc0, 0x88, 0xc1, 0x99,
			0x10, 0xe8, 0x0c, 0xc0,
			0x1c, 0x00, 0x00, 0x73,
			0x0e, 0x18, 0x0a, 0xc6,
			0xc0, 0x88, 0xc1, 0x9b,
			0x08, 0xe8, 0x02, 0xc6,
			0x00, 0xbe, 0x10, 0x12,
			0xf0, 0x00, 0x90, 0xc7,
			0x1f, 0xfe, 0x8f, 0xcb,
			0x02, 0xc6, 0x00, 0xbe,
			0x66, 0x3f, 0x11, 0x21,
			0x2b, 0x25, 0x13, 0xc4,
			0xa2, 0x41, 0x80, 0x63,
			0xf5, 0xc0, 0x48, 0x00,
			0xbb, 0x21, 0xb9, 0x25,
			0x00, 0x71, 0x0c, 0xc2,
			0x4a, 0x41, 0x8b, 0x41,
			0x24, 0x18, 0xee, 0xc6,
			0xc0, 0x88, 0xc1, 0x99,
			0xec, 0xef, 0x02, 0xc6,
			0x00, 0xbe, 0x8a, 0x12,
			0xa0, 0xf9, 0x83, 0xff,
			0xd4, 0x18, 0x20, 0x88,
			0x36, 0xe8, 0x22, 0x60,
			0x85, 0x48, 0x06, 0x48,
			0x21, 0x88, 0xf4, 0x18,
			0x20, 0x88, 0x32, 0xe8,
			0x2d, 0xc3, 0xc0, 0x18,
			0x20, 0x88, 0x2b, 0xe8,
			0x22, 0x60, 0x60, 0x88,
			0xc1, 0x18, 0x20, 0x88,
			0x26, 0xe8, 0x22, 0x60,
			0x61, 0x88, 0xc2, 0x18,
			0x20, 0x88, 0x21, 0xe8,
			0x22, 0x60, 0x62, 0x88,
			0xc3, 0x18, 0x20, 0x88,
			0x1c, 0xe8, 0x22, 0x60,
			0x63, 0x88, 0xc4, 0x18,
			0x20, 0x88, 0x17, 0xe8,
			0x22, 0x60, 0x64, 0x88,
			0xc5, 0x18, 0x20, 0x88,
			0x12, 0xe8, 0x22, 0x60,
			0x65, 0x88, 0xc6, 0x18,
			0x20, 0x88, 0x0d, 0xe8,
			0x22, 0x60, 0x66, 0x88,
			0xc7, 0x18, 0x20, 0x88,
			0x08, 0xe8, 0x22, 0x60,
			0x67, 0x88, 0xd4, 0x18,
			0x02, 0xc5, 0x00, 0xbd,
			0xc2, 0x35, 0xc0, 0xd3,
			0x02, 0xc5, 0x00, 0xbd,
			0xb2, 0x3e, 0x02, 0xc5,
			0x00, 0xbd, 0x08, 0x3f,
			0xd4, 0x18, 0xc0, 0x88,
			0xf8, 0xef, 0xc2, 0x60,
			0x85, 0x48, 0x06, 0x48,
			0xc1, 0x88, 0xf4, 0x18,
			0xc0, 0x88, 0xf4, 0xef,
			0xef, 0xc3, 0x60, 0x60,
			0xc1, 0x88, 0xe0, 0x18,
			0xc0, 0x88, 0xee, 0xef,
			0x61, 0x60, 0xc1, 0x88,
			0xe1, 0x18, 0xc0, 0x88,
			0xe9, 0xef, 0x62, 0x60,
			0xc1, 0x88, 0xe2, 0x18,
			0xc0, 0x88, 0xe4, 0xef,
			0x63, 0x60, 0xc1, 0x88,
			0xe3, 0x18, 0xc0, 0x88,
			0xdf, 0xef, 0x64, 0x60,
			0xc1, 0x88, 0xe4, 0x18,
			0xc0, 0x88, 0xda, 0xef,
			0x65, 0x60, 0xc1, 0x88,
			0xe5, 0x18, 0xc0, 0x88,
			0xd5, 0xef, 0x66, 0x60,
			0xc1, 0x88, 0xe6, 0x18,
			0xc0, 0x88, 0xd0, 0xef,
			0x67, 0x60, 0xc1, 0x88,
			0xe7, 0x18, 0xc0, 0x88,
			0xcb, 0xef, 0xd4, 0x18,
			0x02, 0xc2, 0x00, 0xba,
			0x3a, 0x15, 0x0b, 0xc6,
			0xc7, 0x65, 0xd0, 0x49,
			0x05, 0xf1, 0x08, 0xc0,
			0x02, 0xc6, 0x00, 0xbe,
			0x50, 0x2f, 0x02, 0xc7,
			0x00, 0xbf, 0x56, 0x2f,
			0x20, 0xd4, 0x00, 0xd4,
			0x08, 0xc3, 0x60, 0x60,
			0x03, 0x48, 0x60, 0x88,
			0x00, 0x1b, 0x02, 0xc6,
			0x00, 0xbe, 0xda, 0x2c,
			0x60, 0xb4, 0x17, 0xc1,
			0x17, 0xc2, 0x4c, 0x99,
			0x00, 0x19, 0x4e, 0x89,
			0x4f, 0x61, 0x97, 0x49,
			0xfe, 0xf1, 0x48, 0x61,
			0x01, 0xb4, 0x16, 0x48,
			0x17, 0x48, 0x48, 0x89,
			0x0a, 0xc1, 0x4c, 0x99,
			0x81, 0x19, 0x4e, 0x89,
			0x4f, 0x61, 0x97, 0x49,
			0xfe, 0xf1, 0x02, 0xc0,
			0x00, 0xb8, 0x32, 0x7c,
			0x1c, 0xe8, 0x00, 0xdc,
			0x01, 0xb0, 0xfe, 0xc2,
			0x48, 0x89, 0xfb, 0xc1,
			0x4c, 0x99, 0x81, 0x19,
			0x4e, 0x89, 0x4f, 0x61,
			0x97, 0x49, 0xfe, 0xf1,
			0x02, 0xc0, 0x00, 0xb8,
			0x96, 0x7c, 0x02, 0xc0,
			0x00, 0xb8, 0x00, 0x00,
			0x02, 0xc0, 0x00, 0xb8,
			0x00, 0x00, 0x02, 0xc0,
			0x00, 0xb8, 0x00, 0x00,
			0x02, 0xc0, 0x00, 0xb8,
			0x00, 0x00, 0x02, 0xc0,
			0x00, 0xb8, 0x00, 0x00,
			0x02, 0xc0, 0x00, 0xb8,
			0x00, 0x00, 0x02, 0xc0,
			0x00, 0xb8, 0x00, 0x00,
			0x02, 0xc0, 0x00, 0xb8,
			0x00, 0x00, 0x00, 0x00};
		static u8 pla_patch4_a[] = {
			0x08, 0xe0, 0x0c, 0xe0,
			0x10, 0xe0, 0x3e, 0xe0,
			0x40, 0xe0, 0x42, 0xe0,
			0x44, 0xe0, 0x46, 0xe0,
			0x03, 0xb4, 0x02, 0xb4,
			0x02, 0xc7, 0x00, 0xbf,
			0xb4, 0x03, 0x02, 0xb0,
			0x03, 0xb0, 0x02, 0xc6,
			0x00, 0xbe, 0x8c, 0x05,
			0xaf, 0x49, 0x17, 0xf1,
			0x20, 0xc6, 0x00, 0x1a,
			0x23, 0xe8, 0x21, 0xc6,
			0xc0, 0x61, 0x91, 0x49,
			0x0c, 0xf0, 0x95, 0x49,
			0x0a, 0xf1, 0x14, 0x48,
			0x16, 0xc6, 0x81, 0x1a,
			0x19, 0xe8, 0x14, 0xc6,
			0xc0, 0x62, 0x24, 0x48,
			0xc0, 0x8a, 0x0c, 0xe0,
			0x10, 0xc6, 0xc0, 0x62,
			0xa5, 0x49, 0x08, 0xf1,
			0x0d, 0xc6, 0xc0, 0x62,
			0xa0, 0x48, 0xc0, 0x8a,
			0xc2, 0x62, 0xa3, 0x48,
			0xc2, 0x8a, 0x02, 0xc6,
			0x00, 0xbe, 0xd2, 0x16,
			0x84, 0xd2, 0x6a, 0xdc,
			0x90, 0xd3, 0x66, 0xb4,
			0x08, 0xea, 0xff, 0xc0,
			0x04, 0x9e, 0x00, 0x99,
			0x06, 0x8a, 0x06, 0x72,
			0xaf, 0x49, 0xfe, 0xf1,
			0x80, 0xff, 0x02, 0xc6,
			0x00, 0xbe, 0x00, 0x00,
			0x02, 0xc6, 0x00, 0xbe,
			0x00, 0x00, 0x02, 0xc6,
			0x00, 0xbe, 0x00, 0x00,
			0x02, 0xc6, 0x00, 0xbe,
			0x00, 0x00, 0x02, 0xc6,
			0x00, 0xbe, 0x00, 0x00};
		u8 new_ver;

		rtl_fw_ver_erase(tp);

		new_ver = 2;
		if (rtl_check_fw_ver_ok(tp, USB_FW_USB_VER, new_ver)) {
			rtl_clear_bp(tp, MCU_TYPE_USB);

			generic_ocp_write(tp, 0xe600, 0xff,
					  sizeof(usb_patch4_a), usb_patch4_a,
					  MCU_TYPE_USB);

			ocp_write_word(tp, MCU_TYPE_USB, USB_BP_BA, 0xc000);
			ocp_write_word(tp, MCU_TYPE_USB, USB_BP_0, 0x11e2);
			ocp_write_word(tp, MCU_TYPE_USB, USB_BP_1, 0x1268);
			ocp_write_word(tp, MCU_TYPE_USB, USB_BP_2, 0x35c0);
			ocp_write_word(tp, MCU_TYPE_USB, USB_BP_3, 0x1538);
			ocp_write_word(tp, MCU_TYPE_USB, USB_BP_4, 0x2f4e);
			ocp_write_word(tp, MCU_TYPE_USB, USB_BP_5, 0x2cd8);
			ocp_write_word(tp, MCU_TYPE_USB, USB_BP_6, 0x7c26);
			ocp_write_word(tp, MCU_TYPE_USB, USB_BP_7, 0x7c90);
			ocp_write_word(tp, MCU_TYPE_USB, USB_BP_8, 0x0000);
//			ocp_write_word(tp, MCU_TYPE_USB, USB_BP_9, 0x0000);
			ocp_write_word(tp, MCU_TYPE_USB, USB_BP_10, 0x0000);
			ocp_write_word(tp, MCU_TYPE_USB, USB_BP_11, 0x0000);
			ocp_write_word(tp, MCU_TYPE_USB, USB_BP_12, 0x0000);
			ocp_write_word(tp, MCU_TYPE_USB, USB_BP_13, 0x0000);
			ocp_write_word(tp, MCU_TYPE_USB, USB_BP_14, 0x0000);
			ocp_write_word(tp, MCU_TYPE_USB, USB_BP_15, 0x0000);
			ocp_write_word(tp, MCU_TYPE_USB, USB_BP2_EN, 0x00df);
			ocp_write_byte(tp, MCU_TYPE_USB, USB_FW_USB_VER,
				       new_ver);
		}

		new_ver = 2;
		if (rtl_check_fw_ver_ok(tp, USB_FW_PLA_VER, new_ver)) {
			rtl_clear_bp(tp, MCU_TYPE_PLA);

			generic_ocp_write(tp, 0xf800, 0xff,
					  sizeof(pla_patch4_a), pla_patch4_a,
					  MCU_TYPE_PLA);

			ocp_write_word(tp, MCU_TYPE_PLA, PLA_BP_BA, 0x8000);
			ocp_write_word(tp, MCU_TYPE_PLA, PLA_BP_0, 0x03b2);
			ocp_write_word(tp, MCU_TYPE_PLA, PLA_BP_1, 0x058a);
			ocp_write_word(tp, MCU_TYPE_PLA, PLA_BP_2, 0x16c0);
			ocp_write_word(tp, MCU_TYPE_PLA, PLA_BP_3, 0x0000);
			ocp_write_word(tp, MCU_TYPE_PLA, PLA_BP_4, 0x0000);
			ocp_write_word(tp, MCU_TYPE_PLA, PLA_BP_5, 0x0000);
			ocp_write_word(tp, MCU_TYPE_PLA, PLA_BP_6, 0x0000);
			ocp_write_word(tp, MCU_TYPE_PLA, PLA_BP_7, 0x0000);
			ocp_write_word(tp, MCU_TYPE_PLA, PLA_BP_EN, 0x0007);
			ocp_write_byte(tp, MCU_TYPE_USB, USB_FW_PLA_VER,
				       new_ver);
		}
	} else if (tp->version == RTL_VER_13 || tp->version == RTL_VER_15) {
		static u8 usb_patch_13[] = {
			0x10, 0xe0, 0x25, 0xe0,
			0x29, 0xe0, 0x2d, 0xe0,
			0x52, 0xe0, 0xff, 0xe0,
			0x02, 0xe1, 0x06, 0xe1,
			0x16, 0xe1, 0x18, 0xe1,
			0x48, 0xe1, 0x72, 0xe1,
			0x80, 0xe1, 0x8f, 0xe1,
			0x96, 0xe1, 0x98, 0xe1,
			0x13, 0xc3, 0x60, 0x70,
			0x8b, 0x49, 0x0d, 0xf1,
			0x10, 0xc3, 0x60, 0x60,
			0x85, 0x49, 0x09, 0xf1,
			0x40, 0x03, 0x64, 0x60,
			0x82, 0x49, 0x05, 0xf1,
			0x09, 0xc3, 0x60, 0x60,
			0x80, 0x48, 0x60, 0x88,
			0x02, 0xc0, 0x00, 0xb8,
			0xde, 0x0f, 0xca, 0xcf,
			0x00, 0xd8, 0x1e, 0xb4,
			0x04, 0xc3, 0x02, 0xc0,
			0x00, 0xb8, 0x62, 0x36,
			0xce, 0xd3, 0x04, 0xc3,
			0x02, 0xc0, 0x00, 0xb8,
			0x7a, 0x14, 0xce, 0xd3,
			0x00, 0xb4, 0x01, 0xb4,
			0x02, 0xb4, 0x03, 0xb4,
			0x1f, 0xc1, 0x02, 0x1b,
			0x2c, 0x8b, 0x0c, 0x62,
			0xa7, 0x49, 0x0a, 0xf1,
			0x00, 0x1b, 0x08, 0x72,
			0x13, 0x40, 0x04, 0xf1,
			0x0a, 0x72, 0x13, 0x40,
			0x03, 0xf0, 0x01, 0x1b,
			0x2c, 0x8b, 0x12, 0xc0,
			0x01, 0x1a, 0x08, 0x8a,
			0x0a, 0x8a, 0x0d, 0xc0,
			0x12, 0x71, 0x19, 0x48,
			0x1a, 0x48, 0x12, 0x99,
			0x03, 0xb0, 0x02, 0xb0,
			0x01, 0xb0, 0x00, 0xb0,
			0x02, 0xc0, 0x00, 0xb8,
			0xb0, 0x77, 0x20, 0xc3,
			0x18, 0xb4, 0x80, 0xcb,
			0x00, 0xb4, 0x01, 0xb4,
			0x02, 0xb4, 0x03, 0xb4,
			0x07, 0xb4, 0x23, 0xc0,
			0x24, 0xc1, 0x08, 0x1a,
			0x2a, 0x8a, 0x24, 0x01,
			0x0d, 0x1a, 0x20, 0x9a,
			0x24, 0x09, 0x00, 0x1a,
			0x22, 0x9a, 0x04, 0x72,
			0x06, 0x73, 0x18, 0xc7,
			0xe4, 0x9a, 0xe6, 0x9b,
			0x17, 0xc2, 0x17, 0xc3,
			0xe0, 0x9a, 0xe2, 0x9b,
			0x80, 0x1b, 0x32, 0x8b,
			0x00, 0x1a, 0x24, 0x9f,
			0x26, 0x9a, 0x01, 0x1a,
			0x28, 0x8a, 0x0f, 0xe8,
			0x07, 0xb0, 0x03, 0xb0,
			0x02, 0xb0, 0x01, 0xb0,
			0x00, 0xb0, 0x02, 0xc6,
			0x00, 0xbe, 0xe6, 0x60,
			0x00, 0xc3, 0x20, 0xc3,
			0x80, 0xcb, 0x55, 0x53,
			0x42, 0x53, 0x80, 0xcb,
			0x03, 0xb4, 0x06, 0xb4,
			0x07, 0xb4, 0xfc, 0xc7,
			0x79, 0xc7, 0xe0, 0x73,
			0xba, 0x49, 0x0d, 0xf0,
			0xf7, 0xc6, 0x24, 0x06,
			0xc0, 0x77, 0xfa, 0x25,
			0x76, 0x23, 0x66, 0x27,
			0x70, 0xc7, 0xe1, 0x9e,
			0x00, 0x16, 0x10, 0xf0,
			0x01, 0x03, 0x0e, 0xe0,
			0xb9, 0x49, 0x10, 0xf0,
			0xe9, 0xc6, 0x24, 0x06,
			0xc0, 0x77, 0xf9, 0x25,
			0x77, 0x23, 0x67, 0x27,
			0x62, 0xc7, 0xe1, 0x9e,
			0x00, 0x16, 0x02, 0xf0,
			0x01, 0x03, 0x5e, 0xc7,
			0xe0, 0x8b, 0x12, 0xe8,
			0x0d, 0xe0, 0xda, 0xc6,
			0x24, 0x06, 0xc0, 0x77,
			0xf6, 0x25, 0x7a, 0x23,
			0x6a, 0x27, 0x53, 0xc7,
			0xe1, 0x9e, 0x00, 0x16,
			0xf3, 0xf0, 0x01, 0x03,
			0xf1, 0xe7, 0x07, 0xb0,
			0x06, 0xb0, 0x03, 0xb0,
			0x80, 0xff, 0x03, 0xb4,
			0x06, 0xb4, 0x07, 0xb4,
			0xc7, 0xc6, 0xc4, 0x77,
			0x40, 0xc3, 0x7c, 0x9f,
			0x41, 0xc6, 0xc0, 0x73,
			0xba, 0x49, 0x05, 0xf1,
			0x00, 0x13, 0x05, 0xf1,
			0x39, 0xc3, 0x04, 0xe0,
			0x38, 0xc3, 0x02, 0xe0,
			0x40, 0x1b, 0xb8, 0xc6,
			0xfb, 0x31, 0xc4, 0x9f,
			0x35, 0xc6, 0xc0, 0x67,
			0x01, 0x17, 0x07, 0xfc,
			0x30, 0xc6, 0xc1, 0x77,
			0x01, 0x1b, 0xc0, 0x8b,
			0x00, 0x17, 0x0c, 0xf1,
			0x29, 0xc6, 0xc0, 0x73,
			0xba, 0x49, 0x05, 0xf1,
			0xb9, 0x49, 0x05, 0xf0,
			0x21, 0xc7, 0x04, 0xe0,
			0x20, 0xc7, 0x02, 0xe0,
			0x40, 0x1f, 0x1a, 0xc6,
			0x7e, 0x41, 0x1d, 0xc6,
			0xc0, 0x63, 0xbb, 0x21,
			0xbb, 0x41, 0x15, 0xc3,
			0x66, 0x9f, 0x18, 0xc6,
			0xc0, 0x67, 0xf9, 0x3b,
			0xc0, 0x8f, 0x01, 0x17,
			0x03, 0xfd, 0x00, 0x1f,
			0x02, 0xe0, 0x01, 0x1f,
			0x0e, 0xc6, 0xc0, 0x8f,
			0x08, 0xc3, 0x04, 0x1e,
			0x60, 0x8e, 0x07, 0xb0,
			0x06, 0xb0, 0x03, 0xb0,
			0x80, 0xff, 0xff, 0x07,
			0x40, 0xd4, 0x00, 0x02,
			0x00, 0x04, 0x80, 0xb9,
			0xfd, 0xcb, 0xa2, 0xcb,
			0xe8, 0x74, 0x02, 0xc5,
			0x00, 0xbd, 0x96, 0x6d,
			0x04, 0xc4, 0x02, 0xc3,
			0x00, 0xbb, 0x50, 0x28,
			0x7f, 0x00, 0x00, 0x1e,
			0x00, 0x11, 0x0c, 0xf0,
			0x90, 0x49, 0x04, 0xf1,
			0x01, 0x06, 0x91, 0x24,
			0xfa, 0xe7, 0x28, 0x32,
			0x06, 0x43, 0xf8, 0x31,
			0x01, 0x06, 0x91, 0x24,
			0xf4, 0xe7, 0x02, 0xc0,
			0x00, 0xb8, 0x0e, 0x28,
			0x02, 0xc7, 0x00, 0xbf,
			0x48, 0x31, 0x57, 0xc6,
			0xc0, 0x71, 0x9f, 0x49,
			0x08, 0xf0, 0x52, 0xc6,
			0x00, 0x19, 0x98, 0x20,
			0xc0, 0x99, 0xc2, 0x99,
			0xc4, 0x99, 0xc6, 0x99,
			0x20, 0xc6, 0xc0, 0x61,
			0x04, 0x11, 0x05, 0xf0,
			0x1e, 0xc6, 0x02, 0x19,
			0xc0, 0x89, 0x15, 0xe0,
			0x19, 0xc6, 0xc0, 0x61,
			0x9c, 0x20, 0x9c, 0x24,
			0x09, 0x11, 0xf7, 0xf1,
			0x14, 0xc6, 0x01, 0x19,
			0xc0, 0x89, 0x13, 0xc1,
			0x13, 0xc6, 0x24, 0x9e,
			0x00, 0x1e, 0x26, 0x8e,
			0x26, 0x76, 0xef, 0x49,
			0xfe, 0xf1, 0x22, 0x76,
			0x08, 0xc1, 0x22, 0x9e,
			0x07, 0xc6, 0x02, 0xc1,
			0x00, 0xb9, 0xae, 0x09,
			0x18, 0xb4, 0x4a, 0xb4,
			0xe0, 0xcc, 0x80, 0xd4,
			0x08, 0xdc, 0x10, 0xe8,
			0xfc, 0xc6, 0xc0, 0x67,
			0xf0, 0x49, 0x1e, 0xf0,
			0xf0, 0x48, 0xc0, 0x8f,
			0xc2, 0x77, 0xf7, 0xc1,
			0xf7, 0xc6, 0x24, 0x9e,
			0x22, 0x9f, 0x8c, 0x1e,
			0x26, 0x8e, 0x26, 0x76,
			0xef, 0x49, 0xfe, 0xf1,
			0xfb, 0x49, 0x10, 0xf0,
			0x12, 0xc6, 0xc0, 0x61,
			0x10, 0x48, 0xc0, 0x89,
			0x11, 0xc6, 0x11, 0xc1,
			0xc0, 0x99, 0x10, 0xc6,
			0xc0, 0x71, 0x18, 0x48,
			0xc0, 0x99, 0x0d, 0xc6,
			0xc0, 0x71, 0x11, 0x48,
			0xc0, 0x99, 0x02, 0xc6,
			0x00, 0xbe, 0x06, 0x5f,
			0x6c, 0xb4, 0xf8, 0xc6,
			0xca, 0xd3, 0x40, 0xd3,
			0x4b, 0x80, 0x34, 0xd3,
			0xe8, 0xd4, 0xfb, 0xc2,
			0x40, 0x71, 0x9f, 0x49,
			0x08, 0xf0, 0xf6, 0xc2,
			0x00, 0x19, 0x98, 0x20,
			0x40, 0x99, 0x42, 0x99,
			0x44, 0x99, 0x46, 0x99,
			0x13, 0xc2, 0x02, 0xc1,
			0x00, 0xb9, 0x04, 0x5a,
			0xec, 0xc1, 0x20, 0x72,
			0xaf, 0x49, 0x08, 0xf0,
			0xe7, 0xc1, 0x00, 0x1a,
			0x28, 0x21, 0x20, 0x9a,
			0x22, 0x9a, 0x24, 0x9a,
			0x26, 0x9a, 0x04, 0xc1,
			0x02, 0xc2, 0x00, 0xba,
			0xc2, 0x5b, 0xca, 0xcf,
			0x40, 0x71, 0x90, 0x48,
			0x91, 0x48, 0x92, 0x48,
			0x40, 0x99, 0x02, 0xc0,
			0x00, 0xb8, 0x8e, 0x20,
			0x02, 0xc0, 0x00, 0xb8,
			0x00, 0x00, 0x02, 0xc0,
			0x00, 0xb8, 0x00, 0x00};
		static u8 pla_patch_13[] = {
			0x10, 0xe0, 0x1c, 0xe0,
			0x20, 0xe0, 0x3a, 0xe0,
			0xd0, 0xe0, 0xdc, 0xe0,
			0x58, 0xe1, 0x09, 0xe0,
			0x08, 0xe0, 0x07, 0xe0,
			0x06, 0xe0, 0x05, 0xe0,
			0x04, 0xe0, 0x03, 0xe0,
			0x02, 0xe0, 0x01, 0xe0,
			0x0c, 0xc4, 0x04, 0x40,
			0x05, 0xf0, 0x8c, 0x26,
			0x0b, 0x15, 0x02, 0xf0,
			0x03, 0xe0, 0x00, 0x9a,
			0x01, 0xe0, 0x02, 0xc4,
			0x00, 0xbc, 0x36, 0x37,
			0x6c, 0xe8, 0x3a, 0x73,
			0xbb, 0x49, 0x02, 0xc6,
			0x00, 0xbe, 0xde, 0x27,
			0x3a, 0x73, 0xb5, 0x21,
			0xbc, 0x25, 0x04, 0x13,
			0x11, 0xf1, 0x12, 0x1b,
			0x2a, 0x1d, 0x68, 0x31,
			0xda, 0x3a, 0xab, 0x31,
			0x00, 0x1a, 0xc0, 0x9a,
			0x00, 0x13, 0xfb, 0xf1,
			0x20, 0x76, 0x6e, 0x23,
			0x6f, 0x27, 0x3c, 0x1a,
			0xa1, 0x22, 0xb5, 0x41,
			0xe2, 0x9e, 0xe4, 0x76,
			0x6f, 0x48, 0xe4, 0x9e,
			0x02, 0xc6, 0x00, 0xbe,
			0x62, 0x2a, 0x87, 0x49,
			0x62, 0xf0, 0x03, 0x1b,
			0x58, 0x41, 0x33, 0xf0,
			0x20, 0x73, 0x0b, 0xc5,
			0xa4, 0x74, 0xc0, 0x49,
			0x1b, 0xf1, 0x08, 0xc4,
			0x14, 0x40, 0x07, 0xf1,
			0x01, 0x1c, 0xa6, 0x9c,
			0xa0, 0x9b, 0x27, 0xe0,
			0xb8, 0xd3, 0x6c, 0xe8,
			0x2c, 0x26, 0x0b, 0x14,
			0x0f, 0xf1, 0x70, 0xc4,
			0xa6, 0x73, 0xb0, 0x49,
			0x08, 0xf0, 0xb0, 0x48,
			0xa6, 0x9b, 0xa0, 0x73,
			0x80, 0x9b, 0x20, 0x73,
			0x40, 0x83, 0x17, 0xe0,
			0x20, 0x73, 0x40, 0x83,
			0x14, 0xe0, 0x70, 0xc4,
			0x22, 0x40, 0x0a, 0xf1,
			0x38, 0x22, 0x48, 0x26,
			0xe8, 0x14, 0x06, 0xfb,
			0x6b, 0xc4, 0x80, 0x74,
			0xca, 0x49, 0x02, 0xf1,
			0xbe, 0x48, 0x40, 0x83,
			0x56, 0xc4, 0x22, 0x40,
			0x57, 0xf0, 0x54, 0xc4,
			0x22, 0x40, 0x57, 0xf0,
			0x0c, 0x1b, 0x58, 0x41,
			0x57, 0xf0, 0x02, 0x24,
			0x03, 0x1b, 0x58, 0x41,
			0x53, 0xf0, 0x47, 0xc5,
			0xa4, 0x74, 0xc0, 0x49,
			0x0e, 0xf1, 0x2c, 0x26,
			0x0b, 0x14, 0x0b, 0xf1,
			0x41, 0xc4, 0x80, 0x73,
			0xa2, 0x9b, 0xa0, 0x73,
			0x80, 0x9b, 0x22, 0x73,
			0x42, 0x83, 0xa2, 0x73,
			0x80, 0x9b, 0x42, 0xe0,
			0x22, 0x73, 0x45, 0xc4,
			0x22, 0x40, 0x0a, 0xf1,
			0x39, 0x22, 0x4e, 0x26,
			0x03, 0x14, 0x06, 0xf1,
			0x3f, 0xc4, 0x80, 0x74,
			0xca, 0x49, 0x02, 0xf1,
			0xbe, 0x48, 0x42, 0x83,
			0x2a, 0xc4, 0x22, 0x40,
			0x31, 0xf1, 0x29, 0xc4,
			0x82, 0x83, 0x2e, 0xe0,
			0x22, 0xc5, 0xa4, 0x74,
			0xc0, 0x49, 0x12, 0xf1,
			0x2c, 0x26, 0x0b, 0x14,
			0x0f, 0xf1, 0x1b, 0xc5,
			0x1b, 0xc4, 0xa6, 0x73,
			0xb0, 0x49, 0x05, 0xf0,
			0xb0, 0x48, 0xa6, 0x9b,
			0xa0, 0x73, 0x80, 0x9b,
			0x40, 0x73, 0x20, 0x9b,
			0x42, 0x73, 0x22, 0x9b,
			0x19, 0xe0, 0x86, 0x49,
			0x03, 0xf0, 0x84, 0x49,
			0x03, 0xf0, 0x40, 0x73,
			0x20, 0x9b, 0x86, 0x49,
			0x03, 0xf0, 0x85, 0x49,
			0x0f, 0xf0, 0x42, 0x73,
			0x22, 0x9b, 0x0c, 0xe0,
			0xb8, 0xd3, 0x6c, 0xe8,
			0x00, 0xc0, 0x04, 0xc0,
			0x82, 0xcc, 0xff, 0xc4,
			0x80, 0x83, 0xab, 0xe7,
			0xfc, 0xc4, 0x84, 0x83,
			0xa8, 0xe7, 0x02, 0xc5,
			0x00, 0xbd, 0x66, 0x0a,
			0x00, 0xea, 0x04, 0xdd,
			0x02, 0xdd, 0x5a, 0xe8,
			0x04, 0xe8, 0x02, 0xc1,
			0x00, 0xb9, 0xac, 0x35,
			0x08, 0xc1, 0x20, 0x70,
			0x87, 0x48, 0x20, 0x98,
			0x36, 0x70, 0x80, 0x48,
			0x36, 0x98, 0x80, 0xff,
			0xd4, 0xb5, 0x04, 0x10,
			0x07, 0xf1, 0x64, 0xc1,
			0x32, 0x70, 0x89, 0x48,
			0x32, 0x98, 0xf1, 0xef,
			0x18, 0xe0, 0x05, 0x10,
			0x07, 0xf1, 0x5c, 0xc1,
			0x32, 0x70, 0x89, 0x48,
			0x32, 0x98, 0x5f, 0xe8,
			0x10, 0xe0, 0x06, 0x10,
			0x07, 0xf1, 0x54, 0xc1,
			0x32, 0x70, 0x09, 0x48,
			0x32, 0x98, 0x57, 0xe8,
			0x08, 0xe0, 0x07, 0x10,
			0x0d, 0xf1, 0x4c, 0xc1,
			0x32, 0x70, 0x09, 0x48,
			0x32, 0x98, 0x57, 0xe8,
			0x47, 0xc1, 0x28, 0x70,
			0x05, 0x48, 0x06, 0x48,
			0x07, 0x48, 0x08, 0x48,
			0x28, 0x98, 0xa4, 0x49,
			0x07, 0xf0, 0x40, 0xc1,
			0x20, 0x70, 0x00, 0x48,
			0x01, 0x48, 0x20, 0x98,
			0x05, 0xe0, 0x3a, 0xc1,
			0x20, 0x70, 0x81, 0x48,
			0x20, 0x98, 0xa5, 0x49,
			0x07, 0xf0, 0x34, 0xc1,
			0x40, 0x01, 0x20, 0x60,
			0x01, 0x48, 0x20, 0x88,
			0x06, 0xe0, 0x2e, 0xc1,
			0x40, 0x01, 0x20, 0x60,
			0x81, 0x48, 0x20, 0x88,
			0xa6, 0x49, 0x06, 0xf0,
			0x26, 0xc1, 0x30, 0x70,
			0x02, 0x48, 0x30, 0x98,
			0x05, 0xe0, 0x21, 0xc1,
			0x30, 0x70, 0x82, 0x48,
			0x30, 0x98, 0xa7, 0x49,
			0x07, 0xf0, 0x1a, 0xc1,
			0x28, 0x70, 0x0a, 0x48,
			0x0b, 0x48, 0x28, 0x98,
			0x06, 0xe0, 0x14, 0xc1,
			0x28, 0x70, 0x8a, 0x48,
			0x8b, 0x48, 0x28, 0x98,
			0x12, 0xc1, 0x12, 0xc2,
			0x24, 0x9a, 0x0c, 0xc1,
			0x10, 0xc2, 0x20, 0x9a,
			0x0c, 0xc1, 0x24, 0x9b,
			0x0d, 0xc2, 0x40, 0x73,
			0x3f, 0x48, 0x40, 0x9b,
			0x02, 0xc1, 0x00, 0xb9,
			0xc6, 0x36, 0x00, 0xb4,
			0x20, 0xb4, 0x40, 0xe0,
			0x68, 0xe8, 0x00, 0xa0,
			0x00, 0x12, 0x58, 0xe8,
			0x92, 0xc1, 0x20, 0x70,
			0x87, 0x48, 0x20, 0x98,
			0x36, 0x70, 0x00, 0x48,
			0x36, 0x98, 0x80, 0xff,
			0x8a, 0xc1, 0x20, 0x70,
			0x07, 0x48, 0x20, 0x98,
			0x36, 0x70, 0x00, 0x48,
			0x36, 0x98, 0x80, 0xff,
			0xa9, 0xe7, 0x02, 0xc1,
			0x00, 0xb9, 0xc6, 0x36};
		u8 new_ver;

		rtl_fw_ver_erase(tp);

		new_ver = 6;
		if (rtl_check_fw_ver_ok(tp, USB_FW_USB_VER, new_ver)) {
			rtl_clear_bp(tp, MCU_TYPE_USB);

			generic_ocp_write(tp, 0xe600, 0xff,
					  sizeof(usb_patch_13), usb_patch_13,
					  MCU_TYPE_USB);

			ocp_write_word(tp, MCU_TYPE_USB, USB_BP_BA, 0xc000);
			ocp_write_word(tp, MCU_TYPE_USB, USB_BP_0, 0x0fba);
			ocp_write_word(tp, MCU_TYPE_USB, USB_BP_1, 0x3660);
			ocp_write_word(tp, MCU_TYPE_USB, USB_BP_2, 0x1478);
			ocp_write_word(tp, MCU_TYPE_USB, USB_BP_3, 0x77ae);
			ocp_write_word(tp, MCU_TYPE_USB, USB_BP_4, 0x60e0);
			ocp_write_word(tp, MCU_TYPE_USB, USB_BP_5, 0x6d94);
			ocp_write_word(tp, MCU_TYPE_USB, USB_BP_6, 0x284e);
			ocp_write_word(tp, MCU_TYPE_USB, USB_BP_7, 0x27f6);
			ocp_write_word(tp, MCU_TYPE_USB, USB_BP_8, 0x3140);
			ocp_write_word(tp, MCU_TYPE_USB, USB_BP_9, 0x09ac);
			ocp_write_word(tp, MCU_TYPE_USB, USB_BP_10, 0x5e2a);
			ocp_write_word(tp, MCU_TYPE_USB, USB_BP_11, 0x5a02);
			ocp_write_word(tp, MCU_TYPE_USB, USB_BP_12, 0x5bc0);
			ocp_write_word(tp, MCU_TYPE_USB, USB_BP_13, 0x208a);
			ocp_write_word(tp, MCU_TYPE_USB, USB_BP_14, 0x0000);
			ocp_write_word(tp, MCU_TYPE_USB, USB_BP_15, 0x0000);
			ocp_write_word(tp, MCU_TYPE_USB, USB_BP2_EN, 0x3fff);
			ocp_write_byte(tp, MCU_TYPE_USB, USB_FW_USB_VER,
				       new_ver);
		}

		new_ver = 8;
		if (rtl_check_fw_ver_ok(tp, USB_FW_PLA_VER, new_ver)) {
			rtl_clear_bp(tp, MCU_TYPE_PLA);

			generic_ocp_write(tp, 0xf800, 0xff,
					  sizeof(pla_patch_13), pla_patch_13,
					  MCU_TYPE_PLA);

			ocp_write_word(tp, MCU_TYPE_PLA, PLA_BP_BA, 0x8000);
			ocp_write_word(tp, MCU_TYPE_PLA, PLA_BP_0, 0x374e);
			ocp_write_word(tp, MCU_TYPE_PLA, PLA_BP_1, 0x27dc);
			ocp_write_word(tp, MCU_TYPE_PLA, PLA_BP_2, 0x2a5c);
			ocp_write_word(tp, MCU_TYPE_PLA, PLA_BP_3, 0x09d0);
			ocp_write_word(tp, MCU_TYPE_PLA, PLA_BP_4, 0x359e);
			ocp_write_word(tp, MCU_TYPE_PLA, PLA_BP_5, 0x35b6);
			ocp_write_word(tp, MCU_TYPE_PLA, PLA_BP_6, 0x35b4);
			ocp_write_word(tp, MCU_TYPE_PLA, PLA_BP_7, 0x0000);
			ocp_write_word(tp, MCU_TYPE_PLA, PLA_BP_EN, 0x007f);
			ocp_write_byte(tp, MCU_TYPE_USB, USB_FW_PLA_VER,
				       new_ver);
		}
	}

	rtl_reset_ocp_base(tp);
}
